contract_id,annual_coupon,coupon_annuity,fixed_coupon_value,coupon_value,early_redemption_principal,surviving_notional,no_ki_maturity_redemption,terminal_ki_loss,base_value,total_value,additive_sum,component_identity_error,continuous_ki_survival_probability,maturity_survival_probability,fair_coupon,fair_coupon_residual,n_paths,steps_per_year,grid_steps,seed,runtime_seconds,initial_spot_ratio_1,initial_spot_ratio_2,initial_spot_ratio_3,redemption_probability_1,redemption_probability_2,redemption_probability_3,redemption_probability_4,redemption_probability_5,redemption_probability_6,probability_mass_error,method,replication,outer_method,endpoint_dimension,paired_bernoulli_total_value,conditional_minus_paired_bernoulli,inner_paths,bridge_substeps,bessel_terms,bridge_bank_seed,redemption_probability_7,redemption_probability_8
RC-L,0.06,103.2847521672269,0.0,6.197085130033614,79.62831485027903,16.8684564469006,13.521540485213972,-1.8417801289489444,94.65499116823068,100.8520762982643,100.8520762982643,0.0,0.96337890625,0.1845703125,0.051750221786031794,0.0,2048,252.0,756.0,932437048,0.3352210000157356,1.0,1.0,1.0,0.5771484375,0.09765625,0.07080078125,0.03515625,0.03466796875,0.01953125,0.0,M0,0,mc-direct,,,,,,,,,
RC-L,0.06,111.37482828448944,0.0,6.682489697069366,77.24530481527896,19.055108208535863,16.33294989303074,-1.5087014472424112,94.79171157657241,101.47420127364178,101.47420127364178,0.0,0.97021484375,0.20849609375,0.0467636045204383,0.0,2048,252.0,756.0,3027234944,0.7259535000193864,1.0,1.0,1.0,0.548828125,0.0908203125,0.083984375,0.02880859375,0.0390625,0.02587890625,0.0,M1,0,rqmc-direct,2268.0,,,,,,,,
RC-L,0.06,105.44676827957127,0.0,6.326806096774276,79.31402363390018,17.136209723835528,14.01242149292801,-1.727254531567044,94.72297882616866,101.04978492294293,101.04978492294293,0.0,0.9658203125,0.1875,0.05004440875646719,0.0,2048,252.0,756.0,3957083857,0.3642254999722354,1.0,1.0,1.0,0.5625,0.1025390625,0.078125,0.03515625,0.0341796875,0.0205078125,0.0,M0,1,mc-direct,,,,,,,,,
RC-L,0.06,105.6843690302646,0.0,6.341062141815876,79.04932904550544,17.35933745461464,13.833919308304726,-1.9075217353070828,94.501144764813,100.84220690662889,100.84220690662889,0.0,0.96142578125,0.18994140625,0.0520309226959788,0.0,2048,252.0,756.0,2271319554,0.6608038999838755,1.0,1.0,1.0,0.56201171875,0.0966796875,0.0732421875,0.03759765625,0.04052734375,0.01513671875,0.0,M1,1,rqmc-direct,2268.0,,,,,,,,
RC-L,0.06,107.42826389718891,0.0,6.445695833831334,79.85065265205048,16.60070316996567,14.146298131395476,-1.3359344767816115,95.11542134523454,101.56111717906587,101.56111717906587,0.0,0.97314453125,0.181640625,0.04546828253168185,0.0,2048,252.0,756.0,279971694,0.34691590000875294,1.0,1.0,1.0,0.56396484375,0.095703125,0.083984375,0.033203125,0.04150390625,0.01904296875,0.0,M0,2,mc-direct,,,,,,,,,
RC-L,0.06,106.64300263369003,0.0,6.398580158021401,78.34652795546758,18.07334619310778,15.03880905451191,-1.6999657996836828,94.71990834889168,101.11848850691308,101.11848850691308,0.0,0.966796875,0.19775390625,0.049511843446916094,0.0,2048,252.0,756.0,3027906465,0.6530803999630734,1.0,1.0,1.0,0.57177734375,0.08740234375,0.07861328125,0.03076171875,0.03369140625,0.01904296875,0.0,M1,2,rqmc-direct,2268.0,,,,,,,,
RC-L,0.06,105.81303088910863,0.0,6.348781853346518,79.76573879991565,16.68995426227731,13.74466821599308,-1.6628332686635527,94.79285979352942,101.14164164687594,101.14164164687594,0.0,0.9677734375,0.1826171875,0.049210765089298246,0.0,2048,252.0,756.0,3784543738,0.2981425999896601,1.0,1.0,1.0,0.564453125,0.1005859375,0.076171875,0.0361328125,0.0400390625,0.01171875,0.0,M0,3,mc-direct,,,,,,,,,
RC-L,0.06,108.17339139271454,0.0,6.490403483562872,79.01502282987086,17.40396300077046,14.860306869888623,-1.4218979568912533,94.99708787375006,101.48749135731293,101.48749135731293,0.0,0.97216796875,0.1904296875,0.046249008761196,0.0,2048,252.0,756.0,2849106480,0.6578205000259914,1.0,1.0,1.0,0.560546875,0.09765625,0.0810546875,0.03271484375,0.03759765625,0.01904296875,0.0,M1,3,rqmc-direct,2268.0,,,,,,,,
RC-L,0.06,104.70166863791937,0.0,6.282100118275162,78.76823353867354,17.671716277705386,14.200577421249536,-1.8650799467657535,94.57486986961317,100.85696998788833,100.85696998788833,0.0,0.9620195222700946,0.193359375,0.05181512578513038,0.0,2048,,,3032505700,1.2495811999542639,1.0,1.0,1.0,0.5732421875,0.0908203125,0.07421875,0.033203125,0.03515625,0.0166015625,0.0,M2,0,mc,18.0,101.00816525812004,-0.1511952702317103,256.0,16.0,12.0,2246738685.0,,
RC-L,0.06,108.7821000242234,0.0,6.526926001453403,77.80379686197446,18.519601654666,15.165162215139219,-1.8451562082745967,94.47824230836586,101.00516830981927,101.00516830981927,0.0,0.9632964942758734,0.20263671875,0.05075980046721438,0.0,2048,,,4081072586,1.3301622999715619,1.0,1.0,1.0,0.5439453125,0.0986328125,0.08203125,0.03955078125,0.033203125,0.0185546875,0.0,M2,1,mc,18.0,100.83441685709144,0.17075145272782777,256.0,16.0,12.0,2246738685.0,,
RC-L,0.06,109.1814205321219,0.0,6.550885231927314,76.83537972189622,19.412112577782437,15.363538280260926,-2.1891112117689575,94.0583810879097,100.609266319837,100.609266319837,0.0,0.95570145620077,0.21240234375,0.054419688653366084,0.0,2048,,,1222619692,1.435664499993436,1.0,1.0,1.0,0.5419921875,0.0908203125,0.07958984375,0.03173828125,0.04345703125,0.01513671875,0.0,M2,2,mc,18.0,100.8115785206798,-0.20231220084279755,256.0,16.0,12.0,2246738685.0,,
RC-L,0.06,104.77388633376258,0.0,6.286433180025754,78.56933145751691,17.850218462328677,14.18519106954809,-2.018279022637186,94.4012708972084,100.68770407723416,100.68770407723414,1.4210854715202004e-14,0.9598924575866611,0.1953125,0.05343630267714377,0.0,2048,,,1977112231,1.3048155999858864,1.0,1.0,1.0,0.56591796875,0.09765625,0.0703125,0.03759765625,0.033203125,0.01953125,0.0,M2,3,mc,18.0,100.62238132215376,0.06532275508040186,256.0,16.0,12.0,2246738685.0,,
RC-L,0.06,104.40379310669682,0.0,6.264227586401809,78.98581341441405,17.44858854692628,13.811598536673454,-2.0120235188323923,94.42237844250795,100.68660602890975,100.68660602890975,0.0,0.9602049865392632,0.19091796875,0.05342355283770129,0.0,2048,,,2641263418,1.2488239000085741,1.0,1.0,1.0,0.5625,0.0986328125,0.08251953125,0.0302734375,0.03515625,0.02001953125,0.0,M2,4,mc,18.0,100.55115809735679,0.1354479315529602,256.0,16.0,12.0,2246738685.0,,
RC-L,0.06,108.7722792266827,0.0,6.526336753600962,76.71380490499982,19.59061476240572,16.04766000131915,-1.9103848222109578,94.39403484519458,100.92037159879554,100.92037159879554,0.0,0.9612337580410413,0.21435546875,0.05153854635262833,0.0,2048,,,565602860,1.2848339000483975,1.0,1.0,1.0,0.55419921875,0.087890625,0.08203125,0.0283203125,0.033203125,0.0234375,0.0,M2,5,mc,18.0,100.69921363678014,0.22115796201539695,256.0,16.0,12.0,2246738685.0,,
RC-L,0.06,106.107254276384,0.0,6.366435256583039,79.02214166762785,17.40396300077046,14.248102364129565,-1.7543272009084099,94.6717774674899,101.03821272407295,101.03821272407295,0.0,0.9654626966627404,0.1904296875,0.0502154406769527,0.0,2048,,,2635782847,1.2284878000500612,1.0,1.0,1.0,0.56298828125,0.09912109375,0.07470703125,0.0361328125,0.03662109375,0.01708984375,0.0,M3,0,rqmc,18.0,100.889416332327,0.14879639174594672,256.0,16.0,12.0,2246738685.0,,
RC-L,0.06,108.02672829839507,0.0,6.481603697903704,78.3900233782811,17.984095100796143,14.921474428712154,-1.6815724753542542,94.69254600372298,101.17414970162669,101.17414970162669,0.0,0.9664892167779253,0.19677734375,0.04913093342618496,0.0,2048,,,2312093288,1.2430337999830954,1.0,1.0,1.0,0.5595703125,0.0927734375,0.078125,0.03173828125,0.041015625,0.01708984375,0.0,M3,1,rqmc,18.0,101.09252258682596,0.0816271148007246,256.0,16.0,12.0,2246738685.0,,
RC-L,0.06,106.24175779647811,0.0,6.374505467788686,78.73230196564204,17.67171627770539,14.328516508087361,-1.8314113844477653,94.57260685889966,100.94711232668834,100.94711232668834,0.0,0.963419185001294,0.193359375,0.05108531008586396,0.0,2048,,,3627646061,1.1935621000011452,1.0,1.0,1.0,0.56298828125,0.09375,0.07958984375,0.02978515625,0.04052734375,0.01708984375,0.0,M3,2,rqmc,18.0,100.83591498896385,0.11119733772449081,256.0,16.0,12.0,2246738685.0,,
RC-L,0.06,108.13048859173466,0.0,6.487829315504079,78.1315669852435,18.251848377731076,15.325408136309708,-1.594034996571424,94.78938036640315,101.27720968190724,101.27720968190724,0.0,0.9679450177574263,0.19970703125,0.048188255703444045,0.0,2048,,,3858820242,1.1947588000330143,1.0,1.0,1.0,0.5634765625,0.09130859375,0.07470703125,0.03662109375,0.0341796875,0.0234375,0.0,M3,3,rqmc,18.0,101.54500286771906,-0.26779318581182565,256.0,16.0,12.0,2246738685.0,,
RC-L,0.06,109.04796440473983,0.0,6.54287786428439,78.22628406754552,18.16259728541943,15.590602843342083,-1.3780107796873462,95.0108705732776,101.55374843756199,101.553748437562,-1.4210854715202004e-14,0.9718536018807853,0.19873046875,0.04575169700742754,0.0,2048,,,649579008,1.2881669999915175,1.0,1.0,1.0,0.5625,0.09228515625,0.078125,0.03369140625,0.03466796875,0.02001953125,0.0,M3,4,rqmc,18.0,101.41127051646993,0.14247792109206614,256.0,16.0,12.0,2246738685.0,,
RC-L,0.06,106.57088002439079,0.0,6.394252801463447,78.4912076053421,17.8948440084845,14.474121967496327,-1.8154376854043242,94.57061392842228,100.96486672988573,100.96486672988573,0.0,0.9625711651924111,0.19580078125,0.0509462441366263,0.0,2048,,,2258289450,1.1918220999650657,1.0,1.0,1.0,0.5634765625,0.09130859375,0.07373046875,0.03662109375,0.0390625,0.0166015625,0.0,M3,5,rqmc,18.0,100.88058798421581,0.08427874566991989,256.0,16.0,12.0,2246738685.0,,
RC-A,0.0875,96.54825407633149,0.0,8.447972231679005,58.52046013642152,36.44061686619423,2.606110700664939,-10.440295635798073,84.52078136681769,92.96875359849669,92.96875359849668,1.4210854715202004e-14,0.58544921875,0.39599609375,0.1603262408136803,0.0,2048,252.0,514.0,2550590510,0.2096015999559313,1.0,1.0,1.0,0.0,0.33642578125,0.10546875,0.05908203125,0.0439453125,0.03515625,0.0,M0,0,mc-direct,,,,,,,,0.02392578125,0.015625
RC-A,0.0875,95.61394715870199,0.0,8.366220376386424,61.07654915052201,34.05917088110386,3.0105071886991537,-9.300567119059169,85.83515291256671,94.20137328895314,94.20137328895314,0.0,0.6181640625,0.3701171875,0.14814624339189955,0.0,2048,252.0,514.0,1606470590,0.4197578000021167,1.0,1.0,1.0,0.0,0.37646484375,0.09619140625,0.060546875,0.03662109375,0.0341796875,0.0,M1,0,rqmc-direct,1542.0,,,,,,,0.02587890625,0.02001953125
RC-A,0.0875,95.19717962085646,0.0,8.32975321682494,60.03115064052467,35.092628572746854,3.414903676733368,-9.625411307205306,85.4983679060662,93.82812112289115,93.82812112289115,0.0,0.6123046875,0.38134765625,0.15233258119294824,0.0,2048,252.0,514.0,4093883706,0.21275990002322942,1.0,1.0,1.0,0.0,0.38037109375,0.0947265625,0.0576171875,0.0341796875,0.03271484375,0.0,M0,1,mc-direct,,,,,,,,0.01904296875,0.02490234375
RC-A,0.0875,96.9637031632517,0.0,8.484324026784522,59.653977941254254,35.40715917455124,3.0105071886991537,-9.62050813736436,85.44062897844114,93.92495300522566,93.92495300522566,0.0,0.60595703125,0.384765625,0.15015279477358823,0.0,2048,252.0,514.0,3021693584,0.4178304999950342,1.0,1.0,1.0,0.0,0.3662109375,0.09375,0.0556640625,0.04443359375,0.03271484375,0.0,M1,1,rqmc-direct,1542.0,,,,,,,0.0224609375,0.0166015625
RC-A,0.0875,96.95612737966422,0.0,8.48366114572062,59.70189502249599,35.362226231436324,2.875708359354415,-9.359292476821016,85.7048287771113,94.18848992283192,94.18848992283192,0.0,0.60205078125,0.38427734375,0.14743958540042718,0.0,2048,252.0,514.0,1932058501,0.20953460002783686,1.0,1.0,1.0,0.0,0.36572265625,0.10009765625,0.05224609375,0.03759765625,0.0361328125,0.0,M0,2,mc-direct,,,,,,,,0.02392578125,0.02294921875
RC-A,0.0875,96.27858677939092,0.0,8.424376343196705,60.12571076948023,34.957829743402115,3.100373074928979,-9.649636944562108,85.43390356832023,93.85827991151695,93.85827991151695,0.0,0.6103515625,0.3798828125,0.15129113252416101,0.0,2048,252.0,514.0,982653157,0.4299580000224523,1.0,1.0,1.0,0.0,0.36669921875,0.09765625,0.05859375,0.03857421875,0.03564453125,0.0,M1,2,rqmc-direct,1542.0,,,,,,,0.02294921875,0.01806640625
RC-A,0.0875,96.37824940957218,0.0,8.433096823337564,59.56673922900997,35.49702506078106,3.235171904273717,-9.675889260184327,85.3878750296067,93.82097185294427,93.82097185294427,0.0,0.60498046875,0.3857421875,0.15161226791220422,0.0,2048,252.0,514.0,1117859179,0.23476379999192432,1.0,1.0,1.0,0.0,0.37158203125,0.08837890625,0.0576171875,0.04296875,0.02783203125,0.0,M0,3,mc-direct,,,,,,,,0.02587890625,0.01904296875
RC-A,0.0875,95.72347995367744,0.0,8.375804495946776,59.71126536929336,35.362226231436324,3.0105071886991537,-9.554607200073189,85.51888440065649,93.89468889660327,93.89468889660327,0.0,0.60302734375,0.38427734375,0.15128070569886531,0.0,2048,252.0,514.0,2746512416,0.4690196000155993,1.0,1.0,1.0,0.0,0.37548828125,0.09033203125,0.052734375,0.03857421875,0.0322265625,0.0,M1,3,rqmc-direct,1542.0,,,,,,,0.0263671875,0.0224609375
RC-A,0.0875,97.65969276037173,0.0,8.545223116532526,59.33922810104048,35.72168977635563,3.287662401351083,-9.459518508336963,85.60139936905915,94.14662248559168,94.14662248559168,0.0,0.5995607963884811,0.38818359375,0.14743647275514982,0.0,2048,,,1161165626,3.024418599961791,1.0,1.0,1.0,0.0,0.3681640625,0.09716796875,0.05029296875,0.0419921875,0.033203125,0.0,M2,0,mc,24.0,94.15273576961356,-0.00611328402187894,256.0,16.0,12.0,4162208925.0,0.02099609375,0.02685546875
RC-A,0.0875,94.7527935552006,0.0,8.290869436080051,59.18595774763442,35.90142154881528,2.5775394735401207,-9.841899374781814,85.24547992166788,93.53634935774792,93.53634935774794,-1.4210854715202004e-14,0.591267987218068,0.39013671875,0.15571593749092483,0.0,2048,,,3171180317,3.0991974000353366,1.0,1.0,1.0,0.0,0.373046875,0.09619140625,0.052734375,0.044921875,0.0283203125,0.0,M2,1,mc,24.0,93.52524285941524,0.011106498332679848,256.0,16.0,12.0,4162208925.0,0.0146484375,0.0283203125
RC-A,0.0875,97.02133643099424,0.0,8.489366937711996,58.654394635513924,36.39568392307932,2.7153077849803773,-9.914944410913662,85.13513414767958,93.62450108539157,93.62450108539157,0.0,0.5879805882779083,0.3955078125,0.15321233863741873,0.0,2048,,,3186562023,2.9754407000145875,1.0,1.0,1.0,0.0,0.3759765625,0.091796875,0.05029296875,0.03466796875,0.02587890625,0.0,M2,2,mc,24.0,93.58967055927667,0.03483052611490223,256.0,16.0,12.0,4162208925.0,0.02587890625,0.02294921875
RC-A,0.0875,96.95223607976651,0.0,8.483320656979568,58.474522437164595,36.53048275242406,2.6165377420045424,-9.823126888023896,85.18187830156475,93.66519895854432,93.66519895854432,0.0,0.5842423141577359,0.39697265625,0.15283940110719862,0.0,2048,,,2803293193,3.03930709999986,1.0,1.0,1.0,0.0,0.359375,0.09521484375,0.056640625,0.0341796875,0.033203125,0.0,M2,3,mc,24.0,93.64723382387231,0.017965134672010663,256.0,16.0,12.0,4162208925.0,0.0244140625,0.02197265625
RC-A,0.0875,97.55677133451755,0.0,8.536217491770286,61.36146117098244,33.78957322241438,3.047427452962636,-8.918210140378985,86.23282425301784,94.76904174478813,94.76904174478813,0.0,0.6143939263435771,0.3671875,0.14111963279078976,0.0,2048,,,3511224607,3.0185203999863006,1.0,1.0,1.0,0.0,0.38037109375,0.09375,0.05908203125,0.04345703125,0.02783203125,0.0,M2,4,mc,24.0,94.78069188579894,-0.011650141010818515,256.0,16.0,12.0,4162208925.0,0.0283203125,0.02099609375
RC-A,0.0875,97.22873925290673,0.0,8.507514684629339,59.31087472684182,35.72168977635563,2.8464837629385844,-9.66517916359323,85.36738533960423,93.87490002423357,93.87490002423357,0.0,0.586462186260992,0.38818359375,0.1504968055004202,0.0,2048,,,3643681942,3.0912718000472523,1.0,1.0,1.0,0.0,0.349609375,0.10595703125,0.060546875,0.0419921875,0.03173828125,0.0,M2,5,mc,24.0,93.86812688094165,0.006773143291923134,256.0,16.0,12.0,4162208925.0,0.02197265625,0.01904296875
RC-A,0.0875,96.30556026801179,0.0,8.42673652345103,59.66260822287745,35.40715917455124,2.8172648934616866,-9.64820347425892,85.42156392316977,93.8483004466208,93.8483004466208,0.0,0.599270303594327,0.384765625,0.1513768886890792,0.0,2048,,,277371242,3.07309040002292,1.0,1.0,1.0,0.0,0.36474609375,0.099609375,0.05615234375,0.03759765625,0.03759765625,0.0,M3,0,rqmc,24.0,93.84284036222083,0.00546008439997081,256.0,16.0,12.0,4162208925.0,0.01953125,0.01904296875
RC-A,0.0875,97.04451183056318,0.0,8.491394785174277,59.98120535187174,35.09262857274685,2.4296884288413354,-9.623637297475383,85.4501966271432,93.94159141231748,93.94159141231748,0.0,0.5980075060177901,0.38134765625,0.1499291726899541,0.0,2048,,,2948983801,3.100345399987418,1.0,1.0,1.0,0.0,0.3662109375,0.08935546875,0.06591796875,0.04150390625,0.03515625,0.0,M3,1,rqmc,24.0,93.92274083151426,0.018850580803217554,256.0,16.0,12.0,4162208925.0,0.0205078125,0.01708984375
RC-A,0.0875,96.92334866971521,0.0,8.480793008600081,59.19406895148539,35.85648860570037,2.7539126676598205,-9.762296029276259,85.2882615279095,93.76905453650957,93.7690545365096,-2.842170943040401e-14,0.5942178501644921,0.3896484375,0.15178735231511198,0.0,2048,,,1311350433,3.0875654999981634,1.0,1.0,1.0,0.0,0.3740234375,0.08544921875,0.05419921875,0.04052734375,0.03271484375,0.0,M3,2,rqmc,24.0,93.7801069536925,-0.011052417182924046,256.0,16.0,12.0,4162208925.0,0.0234375,0.021484375
RC-A,0.0875,95.95406897015667,0.0,8.395981034888708,60.008900958372564,35.09262857274685,2.5618497863446725,-9.591754584376421,85.509774946743,93.9057559816317,93.9057559816317,0.0,0.6000975239387512,0.38134765625,0.15101209577432,0.0,2048,,,593475471,3.1390664000064135,1.0,1.0,1.0,0.0,0.37109375,0.10009765625,0.05712890625,0.03857421875,0.02783203125,0.0,M3,3,rqmc,24.0,93.92610874241306,-0.020352760781364054,256.0,16.0,12.0,4162208925.0,0.02392578125,0.02001953125
RC-A,0.0875,97.01785853869744,0.0,8.489062622136025,59.06253565001373,35.9912874350451,2.792759293066694,-9.68610985992613,85.3677132251327,93.85677584726872,93.85677584726874,-1.4210854715202004e-14,0.5927579725246529,0.39111328125,0.1508205498993871,0.0,2048,,,1064473599,3.017289300041739,1.0,1.0,1.0,0.0,0.36962890625,0.09130859375,0.05615234375,0.0390625,0.033203125,0.0,M3,4,rqmc,24.0,93.83187997676873,0.024895870499989314,256.0,16.0,12.0,4162208925.0,0.01953125,0.02392578125
RC-A,0.0875,97.10996933306443,0.0,8.497122316643138,59.563934103592274,35.49702506078107,2.865929917523916,-9.542842451514364,85.51811671285898,94.01523902950213,94.01523902950213,0.0,0.5970036290663507,0.3857421875,0.14912869797612183,0.0,2048,,,2727588683,3.1254744000034407,1.0,1.0,1.0,0.0,0.3740234375,0.0859375,0.05517578125,0.04248046875,0.03076171875,0.0,M3,5,rqmc,24.0,94.0507966222934,-0.035557592791278125,256.0,16.0,12.0,4162208925.0,0.02587890625,0.01904296875
