observation_index,observation_time,dt,active_paths,g1_mean,g2_mean,g3_mean,h12_mean,h13_mean,h23_mean,q3_nested_direct_mean,q3_controlled_raw_mean,q3_mean,p3_mean,p3_min,p3_max,p3_nested_direct_mean,raw_probability_bound_violation_rate,q3_projection_abs_mean,q3_projection_abs_max,q3_projection_abs_p99,final_probability_bound_violation_rate,endpoint_breach_rate,mean_log_segment_weight,zero_segment_weight_count,numerical_underflow_count,runtime_g_seconds,runtime_h_seconds,runtime_q3_seconds,independence_shortcut,contract_id,method,replication
1,0.5,0.5,2048,5.046498997692293e-14,9.404894124478845e-15,9.719136058532798e-13,8.213775475598249e-20,7.781654965946947e-20,6.909040723477623e-21,0.0,0.0,2.9502743790613196e-22,0.9999999999989682,0.9999999983300463,1.0,1.0,0.0,2.9502743790613196e-22,4.533760814822845e-19,5.732640515534781e-24,0.0,0.0,-1.031783329187997e-12,0,0,0.0004007999668829143,0.10609180002938956,0.35809019999578595,False,RC-L,M2,0
2,1.0,0.5,874,8.601067435224037e-06,5.035362283407996e-05,0.0002077700602613529,1.9502846244179347e-11,2.9113206092654497e-11,4.0309320976312833e-10,0.0,0.0,4.632181723879376e-13,0.9997332757007154,0.8193618872252892,1.0,0.999874856979405,0.004576659038901602,4.632181723879376e-13,2.4939995006276106e-10,3.159633801455381e-15,0.0,0.0,-0.0002891581431908056,0,0,0.0005522000137716532,0.05026829999405891,0.1512182000442408,False,RC-L,M2,0
3,1.5,0.5,688,0.0050150501098631915,0.0037326109337987683,0.0024467334480753815,5.168492229180917e-07,5.182242088967684e-09,1.6881686657033215e-07,0.0,1.3648240268012393e-17,1.009265081701413e-11,0.9888062963465017,0.0,1.0,0.9909497638081395,0.00872093023255814,1.0092637168773864e-11,6.777830272096604e-09,7.989970076788552e-14,0.0,0.007267441860465116,-4.179696628559638,4,0,0.0004501999937929213,0.04388710000785068,0.12360549997538328,False,RC-L,M2,0
4,2.0,0.5,536,0.014911973229353512,0.011862082429393711,0.01137122255282867,0.0003922768971792377,1.0794814158859754e-05,1.040543220406868e-05,0.0,1.218216726955828e-14,2.3518048118850106e-07,0.9622679637514852,0.0,1.0,0.9722481343283582,0.011194029850746268,2.351804690063338e-07,0.00012585124964980925,1.4611205045259993e-12,0.0,0.018656716417910446,-5.871878475723682,4,0,0.0003451000084169209,0.03369149996433407,0.11664069996913895,False,RC-L,M2,0
5,2.5,0.5,468,0.03774686187053974,0.03411233000650937,0.02383079110669729,0.0033813784323717976,0.0012528962136602623,0.0023547179041326113,5.0080128205128203e-05,0.00014792295078988415,0.00015990814565830044,0.9111391014207599,0.0,1.0,0.9226428952991453,0.017094017094017096,1.1985194868416293e-05,0.005609001181840975,4.4350866577425734e-11,0.0,0.053418803418803416,-16.644709021378784,10,0,0.000387999985832721,0.02905890002148226,0.08952079998562112,False,RC-L,M2,0
6,3.0,0.5,396,0.07509259775839391,0.05667608039012496,0.050237971599158056,0.00881828444942018,0.002042703771468459,0.004310022630882745,2.959280303030303e-05,9.38037787263205e-05,9.3842487414156e-05,0.8330705186166802,0.0,1.0,0.8525785195707071,0.022727272727272728,3.870868783549859e-08,9.017522532743025e-06,8.016849605583917e-09,0.0,0.11868686868686869,-54.22884100470456,29,0,0.0003329000319354236,0.023820100002922118,0.08670210000127554,False,RC-L,M2,0
1,0.5,0.5,2048,4.418494519425394e-15,6.809631771527569e-15,3.946500984461322e-16,1.9177270021800915e-21,2.16878334036887e-20,7.6284005689125945e-22,0.0,0.0,2.4370409968325263e-22,0.9999999999999883,0.9999999999863585,1.0,1.0,0.0,2.4370409968325263e-22,4.966727752840476e-19,1.0817011813364606e-24,0.0,0.0,-1.1622538868892492e-14,0,0,0.00048099999548867345,0.11288779997266829,0.38181679998524487,False,RC-L,M2,1
2,1.0,0.5,934,5.0465315400981495e-06,1.235072947345233e-05,4.0229648959226076e-05,1.868737655078558e-11,1.3431748068874911e-09,1.0963943486833452e-12,0.0,0.0,4.517217969881633e-13,0.9999423744525341,0.9628838480890856,1.0,0.9999749063169164,0.0021413276231263384,4.517217969881633e-13,4.127103085153881e-10,2.8513528686482966e-16,0.0,0.0,-5.845742936360642e-05,0,0,0.00039309996645897627,0.05338260001735762,0.16837729996768758,False,RC-L,M2,1
3,1.5,0.5,732,0.00016140662421459682,0.003130800700672453,0.004848011392004461,4.105917609782456e-09,5.80250595642519e-07,4.0815648587134156e-05,0.0,7.017663830207681e-14,3.310632279898525e-13,0.9919011812878777,0.0,1.0,0.9933828551912568,0.004098360655737705,2.608865896877757e-13,1.5777728036162116e-10,9.212832954964315e-15,0.0,0.00546448087431694,-1.124329291305836,1,0,0.0003276999923400581,0.043150899989996105,0.15325509995454922,False,RC-L,M2,1
4,2.0,0.5,564,0.009303194293714812,0.01186291364813451,0.018948478473917164,3.095678876810636e-05,0.001577191392262573,0.0018816237476096964,6.925975177304964e-06,1.1788833823260215e-05,1.1789343600358095e-05,0.9633633961692737,0.0,1.0,0.96954648714539,0.015957446808510637,5.097770978784234e-10,2.678749372585131e-07,3.114499635103065e-10,0.0,0.02304964539007092,-8.03517347380643,6,0,0.0003440000000409782,0.03708789998199791,0.11587909999070689,False,RC-L,M2,1
5,2.5,0.5,483,0.02482951366418177,0.03346462967339828,0.04072831155456335,0.0013379336790071928,0.004131806036249441,0.006994611144790401,0.0002507116977225673,0.0005346886265547976,0.0005346889729151759,0.9129072069949885,0.0,1.0,0.922166149068323,0.028985507246376812,3.4636037846696163e-10,1.3100756285490803e-07,3.7593063854751926e-10,0.0,0.06418219461697723,-27.752789946647585,18,0,0.0004278999986127019,0.036218399996869266,0.08949319995008409,False,RC-L,M2,1
6,3.0,0.5,415,0.0549254448888378,0.06304622881695675,0.06933870280187165,0.0057976245987207305,0.006060984917052364,0.013168471265288986,0.002447289156626506,0.0025594439888623906,0.0025638655035955197,0.8351528387698003,0.0,1.0,0.8538874246987952,0.03614457831325301,4.421514733129017e-06,0.0018343284094201658,6.080136243259493e-09,0.0,0.11566265060240964,-47.045721766424386,26,0,0.0003504999913275242,0.02564649999840185,0.07749510003486648,False,RC-L,M2,1
1,0.5,0.5,2048,2.6688548254590633e-14,3.6868083453542547e-16,9.938707295198032e-13,3.152207656769696e-19,3.222533979943997e-20,6.835431787323043e-22,0.0,0.0,1.6557034130148165e-22,0.999999999998979,0.9999999986925532,1.0,1.0,0.0,1.6557034130148165e-22,1.9758595287366276e-19,1.201866990034154e-23,0.0,0.0,-1.0209272126199062e-12,0,0,0.00042830000165849924,0.11372819996904582,0.4161764000309631,False,RC-L,M2,2
2,1.0,0.5,938,4.443030806801093e-05,1.285234396597085e-06,0.00018867477843935294,2.654780146245142e-07,1.7002871063226543e-09,4.756227884394433e-10,0.0,0.0,1.0627088529391461e-13,0.9997658773329143,0.8289719394484806,1.0,0.999895888859275,0.0031982942430703624,1.0627088529391461e-13,8.219722545902836e-11,1.4363397567627705e-16,0.0,0.0,-0.00025273651653600097,0,0,0.00037160003557801247,0.05809189996216446,0.17846230004215613,False,RC-L,M2,2
3,1.5,0.5,752,0.002434256193765402,0.0015718581500443964,0.004228547323288636,1.2973420191690532e-05,0.0013390594662043996,1.3006565894497971e-05,1.0388962765957447e-05,1.28953726043321e-05,1.2895376340249674e-05,0.9931174824088519,0.0,1.0,0.995844414893617,0.003989361702127659,3.735917569009298e-12,2.802579510773776e-09,2.187088401504589e-14,0.0,0.0013297872340425532,-0.9532981724123807,1,0,0.0018351000035181642,0.04590009996900335,0.14422040001954883,False,RC-L,M2,2
4,2.0,0.5,589,0.010716093798001045,0.015879585683546485,0.013261248061263055,0.00012554541604534582,0.003407292343166885,0.00012979744438869535,2.6528013582342954e-05,5.893708130508146e-05,5.893709731858561e-05,0.9637467705634718,0.0,1.0,0.9692672962648556,0.01867572156196944,1.601350446983782e-11,4.340643017911942e-09,3.6372095438056106e-11,0.0,0.023769100169779286,-10.062727474555448,8,0,0.0003645999822765589,0.03831470001023263,0.1164604999939911,False,RC-L,M2,2
5,2.5,0.5,524,0.03160382979089645,0.03901261790124884,0.027304937937197165,0.0005819637434104849,0.004452257445553826,0.000985609266330357,0.0003205510496183206,0.0004699304881402919,0.0004699305037132145,0.907628514322239,0.0,1.0,0.9227397423664122,0.022900763358778626,1.5572922755720687e-11,5.282955850560711e-09,7.077776316243116e-11,0.0,0.05343511450381679,-20.06096680648452,14,0,0.00035099999513477087,0.03465450002113357,0.09430599998449907,False,RC-L,M2,2
6,3.0,0.5,435,0.07601901318093604,0.0733195563047221,0.055446277310560836,0.007941599534448065,0.005780019925622072,0.003772476305803958,8.979885057471264e-05,0.0001880156275126148,0.00017626001598813624,0.812532988953667,0.0,1.0,0.8352999281609196,0.020689655172413793,1.175565587752272e-05,0.005113700659935199,1.0694319869333485e-10,0.0,0.12413793103448276,-49.687127911790526,29,0,0.00028059998294338584,0.028754300030414015,0.12471499998355284,False,RC-L,M2,2
1,0.5,0.5,2048,1.1649923478780164e-15,3.076771007245278e-16,1.8764905417639363e-14,1.9298870582134688e-20,6.101704007909222e-20,2.4082996498399053e-21,0.0,0.0,2.5105604475272738e-24,0.9999999999999798,0.9999999999665294,1.0,1.0,0.0,2.5105604475272738e-24,2.5897315144470386e-21,1.1925577198584795e-24,0.0,0.0,-2.023717565080593e-14,0,0,0.0015073000104166567,0.11374649999197572,0.3610789999947883,False,RC-L,M2,3
2,1.0,0.5,889,4.394092117195408e-05,1.925595985370919e-06,1.4446397969055133e-07,1.0279938982156281e-10,2.679025435656436e-11,2.523302373432233e-13,0.0,0.0,3.3847442085184164e-16,0.9999539891487047,0.963356138317148,1.0,0.9999956060179978,0.0,3.3847442085184164e-16,1.3768886164902163e-13,2.7635012921989575e-17,0.0,0.0,-4.678770844620378e-05,0,0,0.00034879997838288546,0.05285279999952763,0.17071729997405782,False,RC-L,M2,3
3,1.5,0.5,689,0.004369477343095756,0.0034235747664944174,0.0005656472098473604,0.0004676438939119406,5.582280819756889e-05,1.8690847779384047e-07,0.0,8.975006157679434e-08,8.975006844225614e-08,0.9921648645410812,0.0,1.0,0.9938373095065312,0.001451378809869376,6.865461828292781e-15,4.604145353454118e-12,2.5947071922358636e-16,0.0,0.0043541364296081275,-1.1412595677330588,1,0,0.0005435000057332218,0.0418476999620907,0.14458369999192655,False,RC-L,M2,3
4,2.0,0.5,545,0.016345192780577507,0.014082640515456404,0.00986124746889443,0.004748129659421786,0.0007208810393813898,0.00011028336731157821,0.0,1.517893634610146e-06,1.5179329343613904e-06,0.9652886953682522,0.0,1.0,0.9708428899082568,0.009174311926605505,3.9299751243977026e-11,2.0464307803891302e-08,2.5681160878602864e-13,0.0,0.01834862385321101,-8.105994872298456,6,0,0.00026319996686652303,0.03359579999232665,0.10402249998878688,False,RC-L,M2,3
5,2.5,0.5,468,0.04069208068496154,0.041227957176615766,0.04058693977556389,0.007049548332221462,0.005031424771891358,0.00242439453598516,0.002136752136752137,0.0021433080754372606,0.0021433593892416607,0.8898550306137151,0.0,1.0,0.9053819444444444,0.008547008547008548,5.1313804400541707e-08,2.3970862106233755e-05,2.0232348484651585e-13,0.0,0.07051282051282051,-27.235350323566813,17,0,0.0005145000177435577,0.027163999970071018,0.09909670002525672,False,RC-L,M2,3
6,3.0,0.5,400,0.07352080306938082,0.06027734553258899,0.07409483081132037,0.01214652677259094,0.011441644346964175,0.008174351403949454,0.007607421875,0.007703641736820892,0.007704309156799761,0.8161652339534146,0.0,1.0,0.832958984375,0.0075,6.674199788688436e-07,0.00026686732460307885,4.918665358745252e-13,0.0,0.14,-64.30879877823249,35,0,0.00024500000290572643,0.026220800005830824,0.09289519995218143,False,RC-L,M2,3
1,0.5,0.5,2048,1.5721640005559143e-14,3.3190437296394534e-13,9.262069997438002e-10,1.408602918232624e-19,3.059242942760445e-18,5.113558379175682e-20,0.0,0.0,5.0826801740524206e-20,0.9999999990734454,0.9999981031286557,1.0,1.0,0.0,5.0826801740524206e-20,1.0353185731175088e-16,1.0933083675490672e-24,0.0,0.0,-9.265555008093849e-10,0,0,0.0004257999826222658,0.11748329998226836,0.4173862000461668,False,RC-L,M2,4
2,1.0,0.5,896,8.27308455260615e-06,0.0001619613594087256,0.0003856610623017771,4.952442663592541e-09,5.3990865338512435e-12,4.861766056965418e-11,0.0,0.0,5.3337363112477396e-12,0.9994441094948625,0.6551519535178368,1.0,0.99969482421875,0.0011160714285714285,5.3337363112477396e-12,4.7789709524054354e-09,2.4783753053714043e-17,0.0,0.0,-0.0006524612074691685,0,0,0.0002513999934308231,0.047505600028671324,0.14789959997870028,False,RC-L,M2,4
3,1.5,0.5,694,0.0017165730655929897,0.00554809238904201,0.0018014668486580057,8.008936022471438e-05,2.104163220703038e-08,2.433912903948449e-07,0.0,6.602724144812046e-09,6.605800272345574e-09,0.9910142148840541,0.0,1.0,0.9926321595821326,0.010086455331412104,3.0761275335285378e-12,9.406574147456148e-10,6.766164339468344e-13,0.0,0.005763688760806916,-1.188540613079977,1,0,0.0002638999721966684,0.0419662999920547,0.11909629998262972,False,RC-L,M2,4
4,2.0,0.5,525,0.017070858103100425,0.018954087936904316,0.01734687889646553,0.00014292840471378395,5.602708995707427e-05,2.586389014193996e-05,0.0,1.9510862178950366e-06,1.951098899634917e-06,0.946851043349443,0.0,1.0,0.9554241071428572,0.009523809523809525,1.2681740163551204e-11,6.551637898866147e-09,5.315813868103953e-13,0.0,0.03428571428571429,-9.141453805456234,6,0,0.0003451999509707093,0.03280590003123507,0.10007620003307238,False,RC-L,M2,4
5,2.5,0.5,463,0.03886157852527967,0.03781707715662488,0.03878180207018897,0.00023775227987986322,0.0017080893146407229,0.0001907053113548499,1.6873650107991362e-05,1.3530456169001316e-05,6.411815007673806e-06,0.8866696773387742,0.0,1.0,0.8993486771058316,0.017278617710583154,7.121231894526087e-06,0.0032965306124300153,1.4422739088205402e-10,0.0,0.07991360691144708,-25.155283259763763,15,0,0.0003200999926775694,0.028284800006076694,0.07639430003473535,False,RC-L,M2,4
6,3.0,0.5,391,0.0625254890864163,0.061949113433489515,0.06993496743190178,0.0002030671226029915,0.0034821070364124663,0.005081487612620734,1.9980818414322252e-05,4.921806073649352e-05,3.9337024756269815e-05,0.8143177547950723,0.0,1.0,0.8310222186700768,0.023017902813299233,1.1033642735977935e-05,0.00408881968901742,3.6086527465637016e-08,0.0,0.14578005115089515,-60.84853796189354,32,0,0.0003561999765224755,0.02241810003761202,0.07037189998663962,False,RC-L,M2,4
1,0.5,0.5,2048,1.297160263579994e-14,1.8615414197521703e-15,1.0288791275636398e-14,3.4696353692501474e-21,2.438643800562584e-22,7.656394226176571e-22,0.0,0.0,9.656780161369661e-23,0.9999999999999749,0.9999999999740976,1.0,1.0,0.0,9.656780161369661e-23,1.0947834681640933e-19,2.1666225115910726e-23,0.0,0.0,-2.512166906820926e-14,0,0,0.0003252000315114856,0.10768329998245463,0.3695556999882683,False,RC-L,M2,5
2,1.0,0.5,913,4.244271948722232e-05,6.115195296681014e-06,1.1098227280738676e-06,6.46216381277967e-11,7.219916779503846e-12,6.229703897585427e-08,0.0,0.0,1.0651974878833825e-14,0.9999503946313579,0.9652277040103399,1.0,0.9999871645673604,0.001095290251916758,1.0651974878833825e-14,9.655079271837746e-12,3.9786449648896815e-16,0.0,0.0,-5.0305630058987344e-05,0,0,0.00037020002491772175,0.056841199984773993,0.16340299998410046,False,RC-L,M2,5
3,1.5,0.5,733,0.0025588452447065195,0.0007675308082549612,0.000588442610533625,5.770853037683823e-09,1.8360953791229904e-07,2.621424007918488e-05,0.0,1.054036915002494e-11,1.0547250563402125e-11,0.9961115849464278,0.0,1.0,0.9974846521145976,0.002728512960436562,6.881413377188156e-15,2.3956139329069633e-12,1.0612319275731725e-15,0.0,0.001364256480218281,-0.969315983173282,1,0,0.0003201999934390187,0.044084599998313934,0.13156900001922622,False,RC-L,M2,5
4,2.0,0.5,565,0.010025243017767981,0.012597528942687085,0.012487755701464986,0.00037079400907054713,0.0018043407884263925,0.002439691369288059,6.913716814159292e-06,3.172189470271567e-05,3.172711706025224e-05,0.9694725713878046,0.0,1.0,0.9772193030973452,0.008849557522123894,5.222357536556023e-09,2.9504292638203536e-06,2.6922208406398517e-13,0.0,0.012389380530973451,-4.05739848096611,3,0,0.00033359997905790806,0.036550600023474544,0.10770439996849746,False,RC-L,M2,5
5,2.5,0.5,507,0.03155859167143825,0.032183161847629385,0.03056579413359641,0.004545549926793251,0.004005644552724615,0.005253294620885283,0.0012404462524654833,0.001920006166864663,0.002033619602738861,0.9174633218450003,0.0,1.0,0.931752342209073,0.02564102564102564,0.00011361343587419829,0.05758927714281785,1.905319418111655e-09,0.0,0.04339250493096647,-20.34814149800348,14,0,0.000444200006313622,0.03083230002084747,0.10212970001157373,False,RC-L,M2,5
6,3.0,0.5,439,0.04920521685018331,0.07264914473422819,0.055701361344890954,0.007041875434537466,0.008486116825588412,0.008872589466817252,0.0036571042141230066,0.00448999630447342,0.004617706659771551,0.8422271521378691,0.0,1.0,0.861839763667426,0.01366742596810934,0.0001277103552981323,0.05606483013317412,3.8319140264951955e-12,0.0,0.10478359908883828,-38.15504485783833,22,0,0.00023830001009628177,0.02643469994654879,0.08093479997478426,False,RC-L,M2,5
1,0.5,0.5,2048,2.4484964659657526e-14,1.725649176041593e-14,2.3953207269963917e-14,1.346411695809881e-18,8.549655007017709e-21,2.2148269521052618e-21,0.0,0.0,1.1129366555454379e-23,0.9999999999999343,0.9999999999505972,1.0,1.0,0.0,1.1129366555454379e-23,1.1336325395461549e-20,1.6065249840476812e-24,0.0,0.0,-6.569300225471523e-14,0,0,0.0004220000118948519,0.10713339998619631,0.35066339996410534,False,RC-L,M3,0
2,1.0,0.5,895,0.00013336466887513818,5.330208761341421e-06,1.77345942113684e-05,1.682100469390188e-09,7.535068891217566e-10,8.281867522327865e-09,0.0,0.0,3.4734739664374394e-13,0.9998435812452796,0.8936941674569338,1.0,0.9999563547486033,0.0033519553072625698,3.4734739664374394e-13,2.3696218816957887e-10,5.533895303386309e-16,0.0,0.0,-0.00016345111951092454,0,0,0.00032809999538585544,0.054474900010973215,0.15999039995949715,False,RC-L,M3,0
3,1.5,0.5,692,0.003584661240307508,0.0019245210046021336,0.0033392311410584464,0.00022713791156411066,8.857781497218562e-06,3.971126170468461e-06,0.0,0.0,5.015871679550851e-08,0.991391503274547,0.0,1.0,0.9942196531791907,0.008670520231213872,5.015871679550851e-08,3.4677377831307935e-05,1.428067694209384e-13,0.0,0.002890173410404624,-1.0878457191876625,1,0,0.00025240000104531646,0.04256059997715056,0.12706920003984123,False,RC-L,M3,0
4,2.0,0.5,539,0.014582450932060918,0.012159596798760552,0.019782454857114783,0.0019270302829005196,0.001864978301199889,0.001996939159525235,0.0,3.778752406720103e-06,3.778779966195423e-06,0.9592606663757234,0.0,1.0,0.9653148191094619,0.016697588126159554,2.755947531997838e-11,7.767362744057659e-09,1.7240509141553948e-11,0.0,0.025974025974025976,-8.482196514000684,6,0,0.00044100004015490413,0.03304089995799586,0.10527989995898679,False,RC-L,M3,0
5,2.5,0.5,465,0.03197505420785326,0.031786701668518484,0.04537729345918095,0.0012811079991312678,0.006986948344399369,0.005824727279427173,5.040322580645161e-05,0.00011826844322918224,0.00011826846234600266,0.904835465825059,0.0,1.0,0.9168430779569893,0.004301075268817204,1.9116820435439055e-11,8.886612112846137e-09,1.9405242888146744e-14,0.0,0.06451612903225806,-18.462321964584422,11,0,0.0004078999627381563,0.028584900021087378,0.08431219996418804,False,RC-L,M3,0
6,3.0,0.5,390,0.06862770169712362,0.06079402908735153,0.06943099130779314,0.01078689642284916,0.01573838637970669,0.014590487862159262,0.005128205128205128,0.005128228923407294,0.005128232392401356,0.8371348161800455,0.0,1.0,0.8567508012820513,0.02564102564102564,3.468994064079907e-09,1.2963158757516412e-06,2.8397497475215805e-09,0.0,0.1076923076923077,-48.125293610468624,25,0,0.00023849995341151953,0.023685300024226308,0.07953509996877983,False,RC-L,M3,0
1,0.5,0.5,2048,2.307628084559879e-15,1.3984788835409266e-13,2.7309760506286762e-14,8.254995612175301e-21,4.0853799147377877e-22,4.3776988036948893e-20,0.0,0.0,1.0483575485507254e-23,0.9999999999998306,0.9999999997154977,1.0,1.0,0.0,1.0483575485507254e-23,1.0946468467320822e-20,1.2812105051630997e-24,0.0,0.0,-1.6946497375836016e-13,0,0,0.0005445999559015036,0.10738599998876452,0.36092040000949055,False,RC-L,M3,1
2,1.0,0.5,902,0.0003645155874170183,2.0498708480935465e-06,1.8643671101866178e-05,4.753870980572267e-11,1.560852153633067e-11,2.3002987044537083e-09,0.0,0.0,1.2327205408114027e-16,0.9996147932340788,0.6717431848176951,1.0,0.999917717572062,0.0,1.2327205408114027e-16,5.806194700328919e-14,3.950983254850755e-17,0.0,0.0,-0.0004625446187370604,0,0,0.0004822000046260655,0.050935300008859485,0.16332619998138398,False,RC-L,M3,1
3,1.5,0.5,712,0.004250541597966041,0.0016600430537149619,0.0042534957863104165,0.0008349856134062849,2.4991560286769263e-08,7.457334942170977e-05,0.0,1.394488781288214e-09,1.3945400540463933e-09,0.9907455021218569,0.0,1.0,0.9916553283005618,0.0028089887640449437,5.1272758179457116e-14,3.243418162661279e-11,2.888452788238486e-14,0.0,0.007022471910112359,-2.150060881825191,2,0,0.0002938000252470374,0.040839699970092624,0.12549860001308843,False,RC-L,M3,1
4,2.0,0.5,552,0.011736239507539062,0.01362485191352048,0.009888263499508844,0.0020444512205170283,2.7290460395834667e-05,0.00041861461514196627,2.122961956521739e-05,3.793025550845766e-05,2.670901746746568e-05,0.9672142923580191,0.0,1.0,0.9725359488224637,0.009057971014492754,1.1221242492172223e-05,0.006194124627153318,7.466749452755699e-13,0.0,0.019927536231884056,-8.08559953863452,6,0,0.000298099999781698,0.03269889997318387,0.10778069996740669,False,RC-L,M3,1
5,2.5,0.5,487,0.02575794529531638,0.024674401374700613,0.031027925433134793,0.005896995338165859,0.0021608611402654013,0.0023233264720662456,0.002069430184804928,0.002085346710038236,0.0020853467347394235,0.9268355641126064,0.0,1.0,0.9380213680698152,0.026694045174537988,2.4701186927734945e-11,1.0727745237015212e-08,3.0884998125269884e-11,0.0,0.043121149897330596,-15.436897220398993,10,0,0.0002770000137388706,0.02955359994666651,0.09178760001668707,False,RC-L,M3,1
6,3.0,0.5,403,0.04463553662864051,0.06496487446599258,0.05637997282409061,0.015774884399968405,0.005787612054489808,0.006830558017995986,0.004962779156327543,0.005009821306713435,0.005009824988163795,0.8574028455655668,0.0,1.0,0.8763279311414393,0.02729528535980149,3.6814503598281403e-09,1.4784304002621578e-06,4.702297280226964e-10,0.0,0.08933002481389578,-43.44930148464338,24,0,0.0004295000107958913,0.023092899995390326,0.07643870002357289,False,RC-L,M3,1
1,0.5,0.5,2048,2.97628711983987e-13,4.460423107009412e-14,7.52138143921074e-15,1.0459771977582665e-19,1.7324063525053066e-20,3.963404563102396e-20,0.0,0.0,1.1405100895856597e-22,0.9999999999996503,0.9999999993909499,1.0,1.0,0.0,1.1405100895856597e-22,2.292202538083242e-19,2.3308055921120013e-24,0.0,0.0,-3.4975386311689115e-13,0,0,0.000311999989207834,0.10682270000688732,0.35250310000265017,False,RC-L,M3,2
2,1.0,0.5,895,3.1428507674446985e-06,1.32786347284282e-06,8.491307419670204e-05,3.222350836909963e-11,1.7476528579226004e-12,2.902825079518471e-11,0.0,0.0,1.7227957372663295e-14,0.9999106162745451,0.9242890015400915,1.0,0.9999476256983241,0.0033519553072625698,1.7227957372663295e-14,6.760098761593914e-12,7.146313224102739e-17,0.0,0.0,-9.276004393246337e-05,0,0,0.0003801999846473336,0.049831299984361976,0.15043450001394376,False,RC-L,M3,2
3,1.5,0.5,703,0.0026837547968220554,0.0006547662530449381,0.000959956290892214,5.0571901396931745e-09,3.7490340365907906e-08,9.97931748831508e-07,0.0,0.0,3.4724650204495805e-12,0.9957025631350477,0.0,1.0,0.9971606063300142,0.00995732574679943,3.4724650204495805e-12,1.3487941325353767e-09,7.868657289602375e-13,0.0,0.001422475106685633,-1.010968659373176,1,0,0.0003572999848984182,0.04145359998801723,0.11989430000539869,False,RC-L,M3,2
4,2.0,0.5,540,0.01171366685405732,0.012269120562817709,0.010585702460937174,3.0243534763608708e-06,2.5898066309671684e-05,0.000663921582229073,0.0,2.4610032672379233e-17,2.3801651756304877e-11,0.9661243541004014,0.0,1.0,0.9739945023148148,0.018518518518518517,2.3801627146272206e-11,6.957461232791322e-09,9.951277223914277e-12,0.0,0.014814814814814815,-4.322522672153388,3,0,0.0002690000110305846,0.03231979999691248,0.10258430003887042,False,RC-L,M3,2
5,2.5,0.5,479,0.02926913761812466,0.02841606606251822,0.03720926383692457,0.0001628911957020786,0.0024523609121318343,0.0028236556876487773,0.0,3.6363390422899765e-09,2.3295137820166702e-08,0.9105444169827774,0.0,1.0,0.9258464900835073,0.020876826722338204,1.9658798777876727e-08,8.751563384394934e-06,3.8470633673227295e-09,0.0,0.04801670146137787,-20.110691993266748,13,0,0.00024189997930079699,0.02955490001477301,0.08030589995905757,False,RC-L,M3,2
6,3.0,0.5,396,0.0627041165625431,0.050547499060943704,0.06892785731547428,0.004083764197821677,0.007281008317234647,0.008856884105453643,0.002535116792929293,0.002539122274694071,0.0025391290633258808,0.8355030546182229,0.0,1.0,0.8530421401515151,0.045454545454545456,5.031746073932794e-06,0.0009949415735404088,2.1043263212240646e-07,0.0,0.11868686868686869,-40.22528071435368,21,0,0.00023179996060207486,0.02328190003754571,0.07104769995203242,False,RC-L,M3,2
1,0.5,0.5,2048,3.851956071870203e-13,8.026634779141902e-15,5.158350716542804e-13,3.029248020813646e-19,3.539173571865265e-19,1.3553606085211267e-19,0.0,0.0,6.277011766310441e-22,0.999999999999091,0.9999999989444037,1.0,1.0,0.0,6.277011766310441e-22,1.1664913322416419e-18,2.6466833873717463e-24,0.0,0.0,-9.090563050483001e-13,0,0,0.00043320003896951675,0.10515859996667132,0.3526397999958135,False,RC-L,M3,3
2,1.0,0.5,894,1.1711747035819202e-06,1.352719954419877e-06,0.00017721335194922306,8.465447483879517e-11,5.166537241230516e-11,1.4196960459586305e-10,0.0,0.0,2.236875016151504e-11,0.9998202630093135,0.8420182438502058,1.0,0.9999169812639821,0.0022371364653243847,2.236875016151504e-11,1.9938804920225456e-08,1.3373020317392433e-16,0.0,0.0,-0.00019536625061737347,0,0,0.0002688000095076859,0.05240990000311285,0.1550414999946952,False,RC-L,M3,3
3,1.5,0.5,707,0.0006215783839414288,0.0049480239748547735,0.002148330811040163,1.6804999296630876e-06,8.28452014104629e-05,9.140915972862199e-07,0.0,1.7688912215071026e-15,2.9305080880471236e-11,0.992367506593796,1.043374794425113e-17,1.0,0.9949887287835927,0.008486562942008486,2.9303311989249726e-11,1.3772774370672549e-08,6.89595179103367e-13,0.0,0.002828854314002829,-0.11493725812861935,0,0,0.00024319998919963837,0.0438284000265412,0.10905029997229576,False,RC-L,M3,3
4,2.0,0.5,554,0.010341940122158931,0.014385153710531097,0.010403313405592618,6.20370519811232e-05,0.00048406542802975275,6.172903391900064e-06,7.050992779783394e-06,9.190213020053852e-06,3.1917313293961365e-06,0.9654186764137908,0.0,1.0,0.9710697766245487,0.009025270758122744,5.998483122089909e-06,0.0033231592531310916,9.670046514199376e-13,0.0,0.019855595667870037,-4.546215469235815,3,0,0.00023509998572990298,0.033360600005835295,0.09233650000533089,False,RC-L,M3,3
5,2.5,0.5,479,0.023667247998472717,0.03005178056684514,0.026888345800548167,0.003365296194231246,0.002515361078629175,0.0028401946602782517,4.0775052192066805e-05,0.00018854091249604756,0.0001888113674297186,0.9279246661998428,0.0,1.0,0.93580375782881,0.027139874739039668,2.704549336711686e-07,0.0001289350237200916,3.1703087634816858e-09,0.0,0.05219206680584551,-21.833540404335388,14,0,0.00022629997693002224,0.029440100013744086,0.09011230000760406,False,RC-L,M3,3
6,3.0,0.5,409,0.04804665635269969,0.05495845579145572,0.054149144636325364,0.0024368760744542272,0.007052350134159793,0.005716475445812486,0.0003151742053789731,0.0005368150412545404,0.0005430207666992382,0.8575084241072465,0.0,1.0,0.8717527506112469,0.019559902200488997,6.205725444698061e-06,0.002538122804244477,3.8972294723910183e-10,0.0,0.10268948655256724,-47.02836982683016,26,0,0.00030340004013851285,0.025091499963309616,0.07579640002222732,False,RC-L,M3,3
1,0.5,0.5,2048,1.232222633959622e-15,2.248706108562871e-15,2.2181670370576106e-14,8.016533937952914e-19,3.481778682760362e-19,1.5624647345427094e-21,0.0,0.0,3.4349208239229634e-22,0.9999999999999744,0.9999999999552239,1.0,1.0,0.0,3.4349208239229634e-22,6.54262218780047e-19,2.8690595653594876e-24,0.0,0.0,-2.566138490985738e-14,0,0,0.00047770002856850624,0.12093009997624904,0.3721110000042245,False,RC-L,M3,4
2,1.0,0.5,896,6.691815614220198e-05,1.1052013254341358e-07,5.186416840346818e-06,4.246376350455933e-11,3.729444068206045e-13,1.767494276073771e-11,0.0,0.0,6.846031653171978e-14,0.999927784967328,0.9405226144382591,1.0,0.9999869210379464,0.002232142857142857,6.846031653171978e-14,5.256594855106431e-11,1.3519149310008142e-15,0.0,0.0,-7.427680579682624e-05,0,0,0.000262599962297827,0.05110240000067279,0.16057020000880584,False,RC-L,M3,4
3,1.5,0.5,707,0.001338030281281743,0.0025358335790057326,0.0018472888985083043,6.529378328513153e-05,3.5825872126457063e-07,9.609949782327938e-09,0.0,4.78406233360674e-28,3.515364647414373e-12,0.994344508889645,1.6140153655306226e-22,1.0,0.9964418316831684,0.008486562942008486,3.5153646474143727e-12,2.3469276435051577e-09,3.186569122803898e-13,0.0,0.0014144271570014145,-0.07795432027270618,0,0,0.0002690000110305846,0.04189059999771416,0.1278990000137128,False,RC-L,M3,4
4,2.0,0.5,547,0.009703071188519407,0.009166786517864463,0.007305753068080128,0.0008573318721813761,1.59959034664327e-05,0.00020611454945309576,0.0,1.3527403155880457e-12,2.5985318161157555e-06,0.9749012330188209,0.0,1.0,0.9800259940585009,0.02010968921389397,2.5985304633754396e-06,0.0014213861905834867,1.7446100480038174e-10,0.0,0.012797074954296161,-2.993715759062971,2,0,0.0002521999995224178,0.03481630003079772,0.1055470000137575,False,RC-L,M3,4
5,2.5,0.5,478,0.022851994348556268,0.028607842339564513,0.01945479149363065,0.0025947956613550666,0.0001317125239354962,0.000726559289348899,8.172071129707112e-06,2.034685442193052e-05,2.674274675997284e-05,0.932511696546128,0.0,1.0,0.9417494769874477,0.02510460251046025,6.3958923380423194e-06,0.003057205516412021,1.987667969280322e-09,0.0,0.0397489539748954,-17.002764066086993,11,0,0.0010509999701753259,0.037003599980380386,0.10299520002445206,False,RC-L,M3,4
6,3.0,0.5,407,0.0399877587622903,0.04648732303278472,0.03893977179687738,0.0032371637166735833,0.0006648135644042245,0.00022834282898056055,4.7988329238329235e-05,8.168813516437619e-05,8.169027258462445e-05,0.8786337762455212,0.0,1.0,0.8967195178132679,0.03194103194103194,2.137420248285187e-09,6.710616389485289e-07,4.1011834722155496e-09,0.0,0.07371007371007371,-32.57858395458659,18,0,0.00042400002712383866,0.02426579996244982,0.0739993000170216,False,RC-L,M3,4
1,0.5,0.5,2048,2.0347629153011613e-15,1.3458296506768662e-15,1.8831224358131137e-15,7.81019337011995e-19,1.2274602094512322e-20,1.6704587110758217e-17,0.0,0.0,9.298589482484654e-22,0.9999999999999948,0.9999999999961681,1.0,1.0,0.0,9.298589482484654e-22,1.5960458025288726e-18,3.56481135015012e-24,0.0,0.0,-5.245749581253151e-15,0,0,0.0004563999827951193,0.10960640001576394,0.35099509998690337,False,RC-L,M3,5
2,1.0,0.5,894,1.2542349887141812e-06,1.2601334812601751e-05,1.9427621328102977e-07,1.0077609587768738e-11,1.0585814754943639e-10,6.625802975065973e-11,0.0,0.0,7.799108432127765e-12,0.9999859503283801,0.9948028885950817,1.0,0.9999825223713646,0.0022371364653243847,7.799108432127765e-12,6.9467660512856355e-09,3.3013982795991193e-16,0.0,0.0,-1.4075610241571991e-05,0,0,0.0005811000009998679,0.055198100046254694,0.14640039997175336,False,RC-L,M3,5
3,1.5,0.5,707,0.0030860851846313273,0.0038630042760199957,0.004075657920800468,4.0927171323928e-05,0.0014159337558302138,9.909724151095733e-06,0.0,7.854325413657172e-09,6.064119916236931e-07,0.9904414168578617,0.0,1.0,0.9926958097595474,0.007072135785007072,5.985576662100358e-07,0.0004231802475424462,3.647903481580757e-13,0.0,0.004243281471004243,-3.0141542923777935,3,0,0.0002536000101827085,0.04002260003471747,0.12178619997575879,False,RC-L,M3,5
4,2.0,0.5,556,0.018240672256846478,0.015913953041245953,0.01467546723337563,0.0018501213389321453,0.002183416062491546,0.0004139475445348072,0.00016158947841726619,0.0003494311494332071,0.000349432374820833,0.9552679600396695,0.0,1.0,0.9611482688848921,0.019784172661870502,1.2253876261080363e-09,6.397338442080827e-07,5.355157600812127e-12,0.0,0.02877697841726619,-13.194983771971204,10,0,0.00023889995645731688,0.0330134000396356,0.09162910003215075,False,RC-L,M3,5
5,2.5,0.5,481,0.037117758689160764,0.047319159210091326,0.024704026434324258,0.004927768669662509,0.004305147711142378,0.002892233221717839,0.0010395010395010396,0.0017471349572339744,0.0017471427702471542,0.9012370624986992,0.0,1.0,0.9143873440748441,0.006237006237006237,7.813013179426065e-09,3.7477713723089983e-06,6.383254450759873e-14,0.0,0.062370062370062374,-21.04849434564197,13,0,0.00025370001094415784,0.02843649999704212,0.08695070003159344,False,RC-L,M3,5
6,3.0,0.5,401,0.05562016594028884,0.07573432403310486,0.04944090471596606,0.013221923075570841,0.010703075028942192,0.00642370680367588,0.004198488154613466,0.00569276070664872,0.005698855109060545,0.8438544551097686,0.0,1.0,0.8668368142144638,0.017456359102244388,6.09440241182524e-06,0.002397306796103447,2.28251120194302e-09,0.0,0.09476309226932668,-37.6792737706429,20,0,0.00023599999258294702,0.02338859997689724,0.07300370000302792,False,RC-L,M3,5
1,0.26301369863013696,0.26301369863013696,2048,0.0011253205880109784,0.027650298394407337,0.011844331165138035,0.0011249392284724208,0.0008217174202097123,0.006831958309016103,0.0005970001220703125,0.0008007562145455726,0.0008214741361456232,0.9673371906739963,0.0,0.9999999995536558,0.9764270782470703,0.388671875,2.071792160005055e-05,0.007556175572815106,0.00028555651450579264,0.0,0.01611328125,-7.8312917599634275,22,0,0.0007733000093139708,0.12920460000168532,0.38535170000977814,False,RC-A,M2,0
2,0.5123287671232877,0.24931506849315072,2048,0.02098705181914343,0.11394684287560955,0.0619289062083854,0.01996718619645102,0.015978562333680266,0.03893591023245585,0.0130157470703125,0.015791663676832487,0.01593593827787817,0.8620829195815706,0.0,1.0,0.8846092224121094,0.2900390625,0.00015049866981700955,0.03033289587773516,0.003483580549608338,0.0,0.07861328125,-39.73494438427582,112,0,0.00041959999362006783,0.13183440000284463,0.5173385000089183,False,RC-A,M2,0
3,0.7616438356164383,0.24931506849315066,1294,0.08392911256110036,0.27755560458431583,0.17039578584304474,0.08113801515840063,0.062475456238984865,0.1111469993775155,0.0512793421561051,0.061073050145077,0.0612739270820096,0.6616060407044304,0.0,0.9999999999602058,0.6981380409582689,0.3276661514683153,0.00021183149571382036,0.04925047599473116,0.004861776203498869,0.0,0.23415765069551778,-120.41673819586791,215,0,0.0005213000113144517,0.06774680002126843,0.3509012999711558,False,RC-A,M2,0
4,1.010958904109589,0.24931506849315066,1095,0.14802086672497936,0.38321494497897407,0.27693066446478265,0.14598313640537455,0.11543984892503978,0.1862027629543363,0.09794877283105023,0.11365805518264528,0.11388581102277484,0.5255734610932397,0.0,0.9999999999967886,0.5636879280821918,0.28036529680365296,0.00024308076590451032,0.05496331174833874,0.005901434612330686,0.0,0.3598173515981735,-203.01283413332715,309,0,0.0004876999882981181,0.05675630003679544,0.27640480000991374,False,RC-A,M2,0
5,1.2602739726027397,0.24931506849315066,992,0.214650398240325,0.43959884791117043,0.35274968274534346,0.20823619068092544,0.16884033787036204,0.23903631185942517,0.1467836441532258,0.16374365524816198,0.1640223041356538,0.44509160737821996,0.0,0.9999999997704568,0.48412298387096775,0.2399193548387097,0.00028737448814368364,0.02487486241931447,0.007368513973409017,0.0,0.43649193548387094,-247.1835749929871,341,0,0.0005428000004030764,0.04346249997615814,0.2577708999742754,False,RC-A,M2,0
6,1.5095890410958903,0.24931506849315066,906,0.2762186635759208,0.5157370858714762,0.41436491893343885,0.2648132622842124,0.2265717449560649,0.29932773173020194,0.19512279249448122,0.21617165212114728,0.21630539894287726,0.36808667164676634,0.0,0.9999999999926273,0.4050988203642384,0.18101545253863136,0.00016146742371665542,0.016445186136939127,0.004374521064115932,0.0,0.5110375275938189,-286.6920097514249,361,0,0.0007551999879069626,0.03774389997124672,0.23514750000322238,False,RC-A,M2,0
7,1.7589041095890412,0.24931506849315088,838,0.33559698073677424,0.5544915480226318,0.4701162259369688,0.3204878856869239,0.2730559464891624,0.3413923993435775,0.24282611127684964,0.2605380555787764,0.26068697526798834,0.31404450155530056,0.0,0.9999999999984199,0.3433351357398568,0.14797136038186157,0.00015146759802382416,0.025619532290596936,0.004150940119593058,0.0,0.5930787589498807,-347.4315275613071,406,0,0.001191799994558096,0.02947199996560812,0.20811000000685453,False,RC-A,M2,0
8,2.0082191780821916,0.24931506849315044,795,0.36208802076430446,0.5728517905071202,0.5084443162429462,0.34498752042085995,0.3052217227434549,0.36850643983879666,0.27459709119496856,0.29041239161525556,0.29058089146637395,0.2847506640223666,0.0,0.9999999981369406,0.3129569575471698,0.12327044025157233,0.0001684998511184348,0.04022488699359822,0.0029529814518303226,0.0,0.6226415094339622,-370.39586437809106,411,0,0.00038670003414154053,0.026996800035703927,0.20008330000564456,False,RC-A,M2,0
1,0.26301369863013696,0.26301369863013696,2048,0.0011983991608614931,0.035615680406001465,0.00818305296555348,0.0011980892287808838,0.0003955274894761643,0.003672220218073818,0.0001125335693359375,0.0003658944964756208,0.00039530089424920904,0.9598734035096652,0.0,0.9999999999346977,0.9714469909667969,0.39111328125,2.940639777358824e-05,0.010800266434393666,0.0006791381537241182,0.0,0.01904296875,-6.966514969213674,19,0,0.0005016999784857035,0.13537160004489124,0.49091449996922165,False,RC-A,M2,1
2,0.5123287671232877,0.24931506849315072,2048,0.030060338840884583,0.13622556980468514,0.06821653239767875,0.029701898461995443,0.021901347415006232,0.047432149969657535,0.017236709594726562,0.021718264273183636,0.021868180510173654,0.8426647742932372,0.0,1.0,0.8643722534179688,0.29052734375,0.00015757069706156163,0.019790144383609792,0.004586030644100905,0.0,0.1015625,-50.078624210117695,141,0,0.000417600036598742,0.1240747999981977,0.5210272999829613,False,RC-A,M2,1
3,0.7616438356164383,0.24931506849315066,1284,0.11234300885824473,0.31383400436198516,0.19850883151325363,0.11062384331916335,0.08555377940630148,0.13564119345828776,0.07079013337227415,0.08417084459134332,0.08439469956629184,0.6227382718839772,0.0,0.999999999999827,0.6591553494937694,0.32320872274143303,0.00023323870582439064,0.02705229817348806,0.0046637969043685015,0.0,0.2718068535825545,-142.03319504874958,252,0,0.0006821000133641064,0.06640650000190362,0.3432774000102654,False,RC-A,M2,1
4,1.010958904109589,0.24931506849315066,1087,0.1777798946279119,0.4286186872226818,0.306279411823848,0.17249277114036912,0.14273773666404846,0.21745613093592728,0.12312413753449862,0.13893318002298702,0.13914122387232336,0.4808674211935797,0.0,0.9999999999864598,0.518625661223551,0.24379024839006438,0.00023055032294582375,0.019825154543214735,0.00794549227689562,0.0,0.40386384544618215,-228.88776574846483,346,0,0.0006349000032059848,0.049361899960786104,0.2905754999956116,False,RC-A,M2,1
5,1.2602739726027397,0.24931506849315066,979,0.24350522807526256,0.5054022483166721,0.376191001983754,0.23351388190857023,0.19012417047039973,0.2695920906249636,0.16416624106230848,0.18283181114486102,0.1830845086699383,0.3850471559583065,0.0,0.9999999994127645,0.4221503128192033,0.20326864147088866,0.00026427329042207493,0.048948981323057805,0.007192860939080428,0.0,0.4964249233912155,-272.39190763552784,370,0,0.0010220999829471111,0.04314889997476712,0.24721689999569207,False,RC-A,M2,1
6,1.5095890410958903,0.24931506849315066,887,0.3020939991746982,0.5640472915880842,0.42467030299284164,0.29074363299488487,0.23417973811214257,0.3145748314198872,0.20564402480270574,0.22663309899866704,0.22681103131368796,0.32187557745760265,0.0,0.9999999999967666,0.35655210682074406,0.16459977452085683,0.00020191096893507478,0.03536755879824224,0.0051723402278705975,0.0,0.5648252536640361,-331.50665804122815,410,0,0.0003665999975055456,0.03160960000241175,0.2221428999910131,False,RC-A,M2,1
7,1.7589041095890412,0.24931506849315088,829,0.34888890600375533,0.5958165014038046,0.4654251694703218,0.3378455648716098,0.2694277277856337,0.35381347507473243,0.24016133896260555,0.25980343677944806,0.2599031389840573,0.29105305187003694,0.0,0.9999999999913384,0.32074600422195415,0.13268998793727382,0.00012945544645198397,0.014148564061361432,0.004009087014581901,0.0,0.6139927623642943,-360.68033725733994,417,0,0.00043180002830922604,0.02909709996310994,0.2062722999835387,False,RC-A,M2,1
8,2.0082191780821916,0.24931506849315044,799,0.3751921440222714,0.6045831563205875,0.49774363396712484,0.36415771224406757,0.2952769720079606,0.3809473113760711,0.2677956821026283,0.2857453114221041,0.2858556289605971,0.27700743235751835,0.0,0.9999999999156415,0.30039013610763454,0.11639549436795996,0.00012317492336773287,0.019453418691808277,0.0031530250053532446,0.0,0.6495619524405507,-373.7774427972155,416,0,0.00044979999074712396,0.027986800007056445,0.20831499999621883,False,RC-A,M2,1
1,0.26301369863013696,0.26301369863013696,2048,0.002226938200197045,0.030860763932705905,0.009526239461074637,0.0022239627478735286,0.0015035149669780194,0.004721696624646174,0.0007781982421875,0.0014731392579553381,0.0015013149224562027,0.9643339178230639,0.0,0.9999999999798218,0.9742679595947266,0.38134765625,2.8175664500864382e-05,0.011505222223209002,0.0004929810632583997,0.0,0.017578125,-8.875660283114623,25,0,0.0010157999931834638,0.13545930001419038,0.48359160003019497,False,RC-A,M2,2
2,0.5123287671232877,0.24931506849315072,2048,0.02384124507640217,0.12337713347862496,0.07022159441212447,0.023710211910477483,0.017163098715894446,0.04308920621788323,0.012769699096679688,0.016926263354080123,0.017045732103129457,0.8494768117739742,0.0,1.0,0.873199462890625,0.2841796875,0.00013359155219180797,0.013629532061419508,0.004070027352737295,0.0,0.08837890625,-43.37798515323954,122,0,0.0006698999786749482,0.12113290000706911,0.4748235999722965,False,RC-A,M2,2
3,0.7616438356164383,0.24931506849315066,1278,0.09495303158617927,0.28172173234840653,0.183994347644983,0.09258423769555359,0.07250696521448619,0.11563548768812726,0.058988042840375586,0.07009844248047473,0.07028324204841892,0.6497743369701793,0.0,0.9999999999948314,0.6898290786384976,0.36306729264475746,0.00021036646679926886,0.0149373108877882,0.005376789333325737,0.0,0.23161189358372458,-126.48336584471332,224,0,0.0002865000278688967,0.06325199996354058,0.30909160000737756,False,RC-A,M2,2
4,1.010958904109589,0.24931506849315066,1090,0.16356188808029615,0.40362397422742324,0.2860889115146402,0.15994947115727895,0.12443493020274099,0.1931843965858718,0.10517130160550459,0.12124869580431621,0.1215221585057628,0.5027718656177693,0.0,0.9999999999915277,0.546928755733945,0.2834862385321101,0.0002832025393030534,0.019021213058654896,0.008310534485473529,0.0,0.3660550458715596,-186.28657902856827,280,0,0.0013550000148825347,0.0475878999568522,0.27738620003219694,False,RC-A,M2,2
5,1.2602739726027397,0.24931506849315066,987,0.23059855261513126,0.48564285315131867,0.3578735187589073,0.22486941226333992,0.17891910978789866,0.2568683325098676,0.15501519756838905,0.1747264017636399,0.17497674853514236,0.4115651815006066,0.0,0.9999999997914931,0.45135195035460995,0.23302938196555217,0.0002592602293496758,0.03168230092710722,0.00637678408108882,0.0,0.46707193515704154,-261.06961679375576,358,0,0.0007158999796956778,0.0414133999729529,0.23671959998318925,False,RC-A,M2,2
6,1.5095890410958903,0.24931506849315066,916,0.2764134753325553,0.5406754304706823,0.3981465614563608,0.26933949761691084,0.21641619704899598,0.2979174067165666,0.19097127456331878,0.21152218899018482,0.2117203517551473,0.35671728236772765,0.0,0.9999999997198123,0.3928894309497817,0.19213973799126638,0.00020379946422635856,0.01733460609322572,0.006804992622972193,0.0,0.5338427947598253,-305.83284676500307,390,0,0.00042019999818876386,0.0348736000014469,0.2207058999920264,False,RC-A,M2,2
7,1.7589041095890412,0.24931506849315088,863,0.3251278509349893,0.5631644611363267,0.43845693924185863,0.31384480052222147,0.2513710388041256,0.3244793311392305,0.22367015498261877,0.24375601056549975,0.24388197341096587,0.31906394574143704,0.0,0.9999999994514438,0.3498470089803013,0.1541135573580533,0.00014278327060467528,0.028611512507084658,0.004437840828771613,0.0,0.5840092699884125,-341.5569633449915,411,0,0.0005014999769628048,0.03247380000539124,0.20861939998576418,False,RC-A,M2,2
8,2.0082191780821916,0.24931506849315044,810,0.36131550626205516,0.5976191884662985,0.4809547632009954,0.34731565444274826,0.2894603613819709,0.35981108976395265,0.2556664737654321,0.2785085760068517,0.27861329647422095,0.27808435118510194,0.0,0.9999999957340048,0.3084104938271605,0.12469135802469136,0.00010842433200733867,0.01424929605557812,0.0027453584652943675,0.0,0.6259259259259259,-361.55498118214,408,0,0.0011322000063955784,0.02759490004973486,0.20216759998584166,False,RC-A,M2,2
1,0.26301369863013696,0.26301369863013696,2048,0.001393567789886015,0.03705417405333826,0.012103991813327516,0.0013928807438145212,0.0011519270083021496,0.007203059206658774,0.0003662109375,0.001106719028554905,0.00115137874841451,0.9580447545538091,0.0,0.9999999997322407,0.9676475524902344,0.3583984375,4.465971985960528e-05,0.017330255974866066,0.0007198740184529742,0.0,0.0244140625,-10.766577023496332,30,0,0.00041470001451671124,0.13178409996908158,0.46834429999580607,False,RC-A,M2,3
2,0.5123287671232877,0.24931506849315072,2048,0.029541634598583215,0.13091165655017034,0.07239489234478609,0.0292612895547781,0.02286823018448092,0.04957191121970099,0.017320632934570312,0.022486962668548043,0.022616159988947653,0.8462370874764727,0.0,1.0,0.8690280914306641,0.3095703125,0.0001360465757120232,0.02657949772108492,0.0036496659604216,0.0,0.0947265625,-47.53850962437154,134,0,0.00042070000199601054,0.12605329998768866,0.5123040999751538,False,RC-A,M2,3
3,0.7616438356164383,0.24931506849315066,1312,0.10770031253824754,0.3055896928330464,0.2072526507808881,0.10600691634826194,0.08523063408074541,0.14360274837633247,0.07033631859756098,0.08372485407051668,0.08393617562932511,0.6303614670238328,0.0,0.9999999999905221,0.6639791349085366,0.3048780487804878,0.00022805104077855537,0.02965018085345128,0.005798571358372877,0.0,0.2728658536585366,-145.88884437875666,265,0,0.00059120001969859,0.0669857999891974,0.3297793000238016,False,RC-A,M2,3
4,1.010958904109589,0.24931506849315066,1117,0.17706067590457672,0.41056430678738903,0.30105134097132913,0.17212804824247005,0.13222556095096338,0.20670643141218198,0.11311338965980304,0.12887829191814776,0.12907061612212237,0.49331310082019814,0.0,0.9999999999966894,0.533848338182632,0.26410026857654434,0.00021012081995790903,0.032419882007919704,0.005180458094470739,0.0,0.38675022381378693,-211.68090672208766,328,0,0.0005400999798439443,0.05286539997905493,0.27152660000137985,False,RC-A,M2,3
5,1.2602739726027397,0.24931506849315066,1001,0.2419369335646309,0.4917173266382217,0.3849227191126014,0.2341352515173357,0.18240042298524908,0.2706770319015152,0.15697973901098902,0.17609624207255206,0.17621637338437632,0.3924193537042696,0.0,0.9999999974013671,0.42840752997002995,0.2017982017982018,0.00013814356309540835,0.015662678906567445,0.0040794815546115306,0.0,0.4935064935064935,-280.08605174238704,390,0,0.00029749999521300197,0.039349100028630346,0.2388374999864027,False,RC-A,M2,3
6,1.5095890410958903,0.24931506849315066,931,0.3010358405048192,0.5283235858127869,0.4364906269530032,0.2903763971111562,0.23159326479090223,0.3147538358644029,0.20152641648764769,0.22214430356335693,0.22225247591599523,0.34862096857985675,0.0,0.999999999999036,0.37724473012889365,0.16433941997851773,0.00012392171594881448,0.021523869271263832,0.003067692664087709,0.0,0.5639097744360902,-323.20566561413733,419,0,0.00039360002847388387,0.03335969999898225,0.2295305000152439,False,RC-A,M2,3
7,1.7589041095890412,0.24931506849315088,863,0.3360163027290055,0.5683515143378516,0.48862652284288755,0.3215841135749016,0.268606484194575,0.3485481473441271,0.23318456691772885,0.2559563786544425,0.25603940243401935,0.28970500276983974,0.0,0.9999999976550688,0.3182756373117034,0.12862108922363846,0.00010691851059610249,0.01800290483803224,0.0032757169698674534,0.0,0.6234067207415991,-360.91036963279254,434,0,0.0004778000293299556,0.030250600015278906,0.21220930002164096,False,RC-A,M2,3
8,2.0082191780821916,0.24931506849315044,813,0.35910844050686064,0.5889187389670967,0.5134360122979323,0.3440809209478186,0.2836510194580813,0.3680853233158583,0.24824627152521525,0.2704181871996597,0.2705496704684392,0.2638044014814294,0.0,0.9999999986781036,0.2911333410209102,0.14391143911439114,0.00013221199057664756,0.03446574878848435,0.002000562701297416,0.0,0.6531365313653137,-376.9893447354547,427,0,0.00039280002238228917,0.028856899996753782,0.2094103000126779,False,RC-A,M2,3
1,0.26301369863013696,0.26301369863013696,2048,0.0010416835173022619,0.02835489606541508,0.006620555104913007,0.0010412123876643118,0.0006252058690591974,0.004132959407773381,0.0001964569091796875,0.0005899433196376602,0.0006248328700267703,0.9691574101068399,0.0,0.9999999994419292,0.9777164459228516,0.37841796875,3.4889550389110146e-05,0.01624358795066221,0.0008095326574045025,0.0,0.01513671875,-4.845692215542935,13,0,0.0007726000039838254,0.1341099999845028,0.47251609998056665,False,RC-A,M2,4
2,0.5123287671232877,0.24931506849315072,2048,0.018407269514198576,0.10511239266295411,0.05873988833981429,0.017954575976321285,0.01384893845712655,0.032461657564528984,0.010402679443359375,0.013278508307752505,0.013424627992813541,0.8685809934881963,0.0,1.0,0.8926639556884766,0.322265625,0.0001512297618953315,0.019766164951521406,0.0041946177677689095,0.0,0.0693359375,-33.48856906847891,94,0,0.0006591000128537416,0.1298947999603115,0.5023282000329345,False,RC-A,M2,4
3,0.7616438356164383,0.24931506849315066,1269,0.08361197034429287,0.261697859164263,0.18182454405517845,0.08221121790562885,0.06162872480522886,0.11101588642565835,0.050079417848699764,0.0600616182932859,0.060301805819349685,0.6674196497534322,0.0,0.9999999999934823,0.7081024674940898,0.3317572892040977,0.0002446389198523941,0.02985449364136898,0.005022755355238432,0.0,0.21513002364066194,-114.53021892195599,201,0,0.0007266000029630959,0.06602780002867803,0.3140317999641411,False,RC-A,M2,4
4,1.010958904109589,0.24931506849315066,1077,0.1474039435632267,0.3674475405684091,0.2681869529979419,0.1451899262630181,0.10547734333795403,0.1687265099284288,0.09065619196843083,0.10315465456976508,0.10347946195574913,0.5328758804440741,0.0,0.9999999999023125,0.5730726265088208,0.2590529247910863,0.00033901565028950504,0.05369621437057888,0.007769318474964046,0.0,0.34447539461467036,-190.67444933806664,285,0,0.0007226999732665718,0.05297210003482178,0.27568660001270473,False,RC-A,M2,4
5,1.2602739726027397,0.24931506849315066,956,0.19965765024813048,0.4387243774977218,0.33125415806216135,0.1949047543101685,0.15120820232817184,0.2281488648047675,0.13289830674686193,0.14730240066743164,0.14755005711306263,0.4570755785220315,0.0,0.9999999999998972,0.49642880491631797,0.2395397489539749,0.0002511324878433559,0.03165187262670224,0.006548759271738632,0.0,0.4194560669456067,-234.8937352677702,312,0,0.00036910001654177904,0.04261140001472086,0.24254429998109117,False,RC-A,M2,4
6,1.5095890410958903,0.24931506849315066,867,0.2528341443299335,0.49386657135359346,0.38948327724324155,0.24777333463238696,0.1982545748103718,0.2824812824518933,0.17769157295271049,0.1945074901217547,0.19473632699874557,0.397588871969138,0.0,0.9999999997315939,0.43950043252595156,0.21914648212226068,0.00025742803345089367,0.02392747906470344,0.0059723860151890224,0.0,0.4728950403690888,-265.59816176661,320,0,0.00048210000386461616,0.03499080002075061,0.22738250001566485,False,RC-A,M2,4
7,1.7589041095890412,0.24931506849315088,810,0.31038126307331976,0.5358803291576382,0.44790234881949764,0.3017115983928075,0.24604045972269292,0.3303651569774593,0.2182050540123457,0.2384754860074389,0.23867540161544684,0.34527787242705726,0.0,0.9999999999936409,0.3779176311728395,0.18024691358024691,0.0002184545508339506,0.019245211447332128,0.007029740180219326,0.0,0.5469135802469136,-320.5481949593187,362,0,0.0004631999763660133,0.032453700026962906,0.21190649998607114,False,RC-A,M2,4
8,2.0082191780821916,0.24931506849315044,752,0.3568896964306961,0.5808005946729536,0.5048639650555788,0.3457321744374112,0.28989458428974596,0.3725463164996696,0.25926695478723405,0.279844735017699,0.2799516805743148,0.2856671384932836,0.0,0.9999999996665789,0.3141102892287234,0.13829787234042554,0.00010694555661576344,0.01726881556945284,0.003072825977075816,0.0,0.625,-363.5234921368909,381,0,0.0005379999638535082,0.027626800001598895,0.19412640004884452,False,RC-A,M2,4
1,0.26301369863013696,0.26301369863013696,2048,0.0027765018736098553,0.030241839677936342,0.009157475292341247,0.0027761537664700332,0.0016165928816176721,0.005890847429170959,0.0011806488037109375,0.001579840815917615,0.0016163437562410673,0.9664914334771302,0.0,0.9999999999801992,0.9747543334960938,0.39111328125,3.6502940323452353e-05,0.011957834395528754,0.0006515071977548076,0.0,0.0185546875,-7.91739381085244,22,0,0.0008708999957889318,0.13490220002131537,0.4820933000301011,False,RC-A,M2,5
2,0.5123287671232877,0.24931506849315072,2048,0.022663230606975695,0.12192388793637966,0.06886815872899732,0.022485631071337022,0.017153986744359112,0.04004482029039692,0.012884140014648438,0.01683851693824244,0.016988609537267933,0.8492405512964724,0.0,1.0,0.8754615783691406,0.310546875,0.00016911899384514507,0.02353408257130273,0.004839802300603202,0.0,0.08203125,-41.18850581998521,116,0,0.0004692000220529735,0.12504539999645203,0.5027753999456763,False,RC-A,M2,5
3,0.7616438356164383,0.24931506849315066,1332,0.0829558363745452,0.28226830169184963,0.18980399357721348,0.0812120237548934,0.06452945213285081,0.11670716627100453,0.05190737612612613,0.06268423586549357,0.06293680970902589,0.6444837008061146,0.0,0.9999999999889216,0.6880014780405406,0.3566066066066066,0.00026770811820854876,0.04515845761253989,0.006536777596593722,0.0,0.23198198198198197,-125.74893318210557,232,0,0.0004637999809347093,0.06730589998187497,0.3253524999599904,False,RC-A,M2,5
4,1.010958904109589,0.24931506849315066,1115,0.15954108707054118,0.38654575280636344,0.29221749155023974,0.15534637282269487,0.1245466911244982,0.19378170989309573,0.1062464966367713,0.12174454348334163,0.12192824569134846,0.513442196721796,0.0,0.9999999999997187,0.55433716367713,0.2726457399103139,0.00019612872239399917,0.01835372334569807,0.005166604958409947,0.0,0.3668161434977579,-195.04918665497658,301,0,0.0005887000006623566,0.050378199957776815,0.2903705000062473,False,RC-A,M2,5
5,1.2602739726027397,0.24931506849315066,991,0.2218899019274082,0.4630193471423767,0.3674939109102884,0.21688410478694714,0.17369432184609113,0.24741508627364328,0.15225309031281534,0.16947576573750647,0.169593431976491,0.4159969209501172,0.0,0.9999999999961965,0.453668958123108,0.20988900100908173,0.0001322885403875412,0.012090609187411616,0.004519835460321991,0.0,0.4682139253279516,-253.34995261168456,348,0,0.0004265999887138605,0.04332500003511086,0.2552468000212684,False,RC-A,M2,5
6,1.5095890410958903,0.24931506849315066,905,0.27127133290606475,0.5135955147134951,0.412526258093817,0.26394738356505776,0.21678735471335328,0.2864541253355749,0.19403487569060773,0.21041985560557774,0.21054526456795133,0.3592504933326578,0.0,0.9999999985372997,0.3921875,0.16132596685082873,0.00014333930865716456,0.011716567284848906,0.004779397360214356,0.0,0.5392265193370166,-299.11740091209657,376,0,0.00044469995191320777,0.03673779999371618,0.24168139998801053,False,RC-A,M2,5
7,1.7589041095890412,0.24931506849315088,840,0.3198350252979809,0.5535404620354728,0.4605375827545216,0.3064009588093946,0.2553107709915243,0.3281664552603124,0.22626023065476192,0.24522005586526888,0.24539209096097045,0.31057302401228554,0.0,0.9999999668013003,0.3417178199404762,0.15476190476190477,0.00017894324053069008,0.027703717094223465,0.004109169204779984,0.0,0.5928571428571429,-339.47853102028955,397,0,0.0006687999702990055,0.030644600046798587,0.216683600039687,False,RC-A,M2,5
8,2.0082191780821916,0.24931506849315044,795,0.35755105811984894,0.589832753099548,0.4852881238399546,0.34430990637232656,0.2916725542219607,0.3637879806816415,0.2599547955974843,0.2811523668871593,0.28130662409124174,0.28579188212533546,0.0,0.999999999992907,0.3127505896226415,0.1220125786163522,0.00018335079184777004,0.023828473780979645,0.00523973508238562,0.0,0.630188679245283,-364.7124503272134,404,0,0.0004807999939657748,0.0283029000274837,0.20966709998901933,False,RC-A,M2,5
1,0.26301369863013696,0.26301369863013696,2048,0.001859039502335146,0.031919456002603694,0.010932611825202696,0.0018578258410566159,0.0012578645848241182,0.006173894470059324,0.0007457733154296875,0.0012192265456870794,0.001256764833726066,0.9633217127320725,0.0,0.9999999999542045,0.9743709564208984,0.38330078125,3.7538288038986846e-05,0.020096132614515264,0.0005345858782032096,0.0,0.0166015625,-7.203131793740112,20,0,0.0006111999973654747,0.13454950001323596,0.4919563999865204,False,RC-A,M3,0
2,0.5123287671232877,0.24931506849315072,2048,0.024573307384218455,0.12154661070399114,0.06564556148112255,0.024241525169024253,0.017797046093622385,0.03973543809499212,0.01358795166015625,0.017627708281853144,0.017745493157274153,0.8522630366310324,0.0,1.0,0.8745498657226562,0.29296875,0.00012145087942890517,0.03441249069133963,0.0035340482170493166,0.0,0.08935546875,-44.05912498938119,124,0,0.0004212000058032572,0.12746749998768792,0.49381760001415387,False,RC-A,M3,0
3,0.7616438356164383,0.24931506849315066,1301,0.09203364565611453,0.2801746254239116,0.1830064258740148,0.08954256375673106,0.06656511576316622,0.12042900652132967,0.053351388355111454,0.06534218349077475,0.06555207080106953,0.6557699182861165,0.0,0.9999999999897976,0.6916794773251345,0.32897770945426597,0.0002224216387939187,0.03397367674568305,0.005482274641781637,0.0,0.24212144504227517,-124.24662585166855,223,0,0.00042159995064139366,0.06947100005345419,0.3280953000066802,False,RC-A,M3,0
4,1.010958904109589,0.24931506849315066,1097,0.16302501814387632,0.3962291446926952,0.2711503920030473,0.15947436427584,0.12244593207322632,0.1898144263400827,0.1032895111668186,0.11995815711470156,0.12018723600210196,0.5211429318474282,0.0,0.999999999836542,0.5584406335460347,0.2889699179580675,0.000262605721981677,0.03117708559589838,0.0050812604634572385,0.0,0.3691886964448496,-204.83375202997826,312,0,0.0005178999854251742,0.050320299982558936,0.27636489999713376,False,RC-A,M3,0
5,1.2602739726027397,0.24931506849315066,982,0.23288833501371953,0.46628701346233936,0.34818217413968355,0.22875250206500772,0.17343185621216978,0.24758813387996112,0.1519578984215886,0.16972844332708673,0.1698934545331972,0.43252151500819896,0.0,0.999999999982435,0.4671668151731161,0.225050916496945,0.00017709383716210705,0.026516119623135437,0.0054489749508779455,0.0,0.4653767820773931,-262.87262396338707,359,0,0.0005060999537818134,0.039905000012367964,0.24981090001529083,False,RC-A,M3,0
6,1.5095890410958903,0.24931506849315066,905,0.29413591032158626,0.5155539715545518,0.40611546846816815,0.2867655036199557,0.22774352712659024,0.30023487428831575,0.20247323895027625,0.22170051950055683,0.22185795895874902,0.37708059573180674,0.0,0.9999999999169867,0.40881388121546963,0.1734806629834254,0.00017247776519162532,0.025871119152160976,0.005041627371919872,0.0,0.523756906077348,-314.1002005993159,397,0,0.000701199984177947,0.03897679998772219,0.23494250001385808,False,RC-A,M3,0
7,1.7589041095890412,0.24931506849315088,828,0.3449829407554359,0.5717848172259227,0.46569205767349675,0.32902496128634945,0.2765194178157592,0.348891347627137,0.24415006038647344,0.2641257267553703,0.2643392259885417,0.3076366850858488,0.0,0.999999998944501,0.33589032306763283,0.14009661835748793,0.0002238229616808616,0.049729682547105025,0.006803855869324896,0.0,0.606280193236715,-342.0999009488319,394,0,0.0005404999828897417,0.030483699985779822,0.2111981000052765,False,RC-A,M3,0
8,2.0082191780821916,0.24931506849315044,788,0.3869303702959757,0.6079080250212983,0.5081205247900613,0.37186082159166906,0.31702652773465173,0.38977654687341895,0.28227117703045684,0.30577345375611475,0.30586758741548714,0.26983738867691737,0.0,0.9999999998163889,0.29187321541878175,0.10406091370558376,0.00010044455424719342,0.02224150791081611,0.0025149516031434467,0.0,0.6586294416243654,-385.8200254175219,424,0,0.0007034000009298325,0.029366299975663424,0.20426460000453517,False,RC-A,M3,0
1,0.26301369863013696,0.26301369863013696,2048,0.001974430851889703,0.03243307038819025,0.010298942664832885,0.001903373207076768,0.0013590925571947072,0.005772445644041018,0.00079345703125,0.0013204118583135483,0.0013584018280259377,0.9629700656753737,0.0,0.9999999999529021,0.9736289978027344,0.39111328125,3.79899697123894e-05,0.011374605934938293,0.0005548161398078182,0.0,0.017578125,-7.239800587115532,20,0,0.000985100050456822,0.1380635000532493,0.489300400018692,False,RC-A,M3,1
2,0.5123287671232877,0.24931506849315072,2048,0.024485968060598124,0.12097347225760163,0.0616583166045174,0.024324847685987458,0.0168220485137057,0.039376751699827066,0.01183319091796875,0.01657911978185077,0.016741222140341978,0.8566646688364611,0.0,1.0,0.8799343109130859,0.3095703125,0.00017483789961089734,0.02964570861400792,0.0050501689564620795,0.0,0.0810546875,-42.77979673971758,121,0,0.0011929000029340386,0.1304031999898143,0.5074477000162005,False,RC-A,M3,1
3,0.7616438356164383,0.24931506849315066,1298,0.09453061955542962,0.2841060214756498,0.1897094462637482,0.09293308628391143,0.07277001091755073,0.12400254147881826,0.05881343894453005,0.07151837218258292,0.07173353369829574,0.6496260176871571,0.0,0.9999999999819686,0.689612625192604,0.32280431432973805,0.0002264799453612803,0.032716573160864376,0.0065814451093310425,0.0,0.2349768875192604,-127.88714700136535,230,0,0.0005348999984562397,0.06885800004238263,0.32764790003420785,False,RC-A,M3,1
4,1.010958904109589,0.24931506849315066,1115,0.16759975524500345,0.3936160562015764,0.27711380741672903,0.16524606347519943,0.1282187497215401,0.19216519172432506,0.11122477578475336,0.12587085954404167,0.1261829722395549,0.5211174138182009,0.0,0.9999999999999984,0.5575357343049328,0.27533632286995513,0.0003209959342980134,0.04045493074963649,0.007730298788323387,0.0,0.36771300448430494,-195.69291218092107,302,0,0.000367600005120039,0.05305180000141263,0.2862345000030473,False,RC-A,M3,1
5,1.2602739726027397,0.24931506849315066,980,0.23725195937740784,0.4794215419861953,0.3457610116890386,0.23197575914442675,0.1813708427696998,0.2546360588709298,0.1575733418367347,0.1768500837955314,0.17694963370859093,0.4285985140238237,0.0,0.9999999999925476,0.462109375,0.21428571428571427,0.00012191864346114656,0.007941365805282291,0.004536487499259748,0.0,0.4673469387755102,-275.1112274299708,376,0,0.0005283000064082444,0.03948380000656471,0.2461032999563031,False,RC-A,M3,1
6,1.5095890410958903,0.24931506849315066,895,0.2942266782834582,0.5271372739174478,0.42216747906186053,0.28575954452056307,0.23824632688014372,0.3105240295576706,0.2142239874301676,0.2307469812540768,0.23092403613306078,0.3600744335625502,0.0,0.9999999999765401,0.39527758379888267,0.18212290502793296,0.00019318142459823998,0.013027575529211067,0.005841314593104811,0.0,0.5307262569832403,-321.43253483477747,402,0,0.0005207999492995441,0.03461200004676357,0.23730559996329248,False,RC-A,M3,1
7,1.7589041095890412,0.24931506849315088,823,0.3409803513998537,0.5826562650899045,0.4759334201250439,0.3285775198041228,0.27418093424873535,0.3545008365252081,0.2465019365127582,0.2655740022719484,0.2657219214194227,0.29196733254384144,0.0,0.9999999986987356,0.32435164793438637,0.1385176184690158,0.00015600714564285493,0.018536943209931073,0.005503659269210093,0.0,0.6087484811664642,-349.8714052402101,401,0,0.00041179999243468046,0.03150600002845749,0.21127119997981936,False,RC-A,M3,1
8,2.0082191780821916,0.24931506849315044,781,0.3711844090791418,0.6097736929098756,0.5157994746397796,0.3536688209768686,0.3018784710842175,0.3843803362263522,0.2667753681177977,0.28877998966331575,0.288858551506202,0.2543115001524393,0.0,0.9999999990597055,0.2793643966069142,0.10115236875800256,0.00010158257593361005,0.011390964952675414,0.00381695812083845,0.0,0.6670934699103713,-409.12117353244895,447,0,0.00035360001493245363,0.026421999966260046,0.20752080000238493,False,RC-A,M3,1
1,0.26301369863013696,0.26301369863013696,2048,0.0019933403125182696,0.032591255607198506,0.01006545698210986,0.0019914879699760055,0.0011895741684952968,0.006039189956367201,0.000720977783203125,0.0011591131680732335,0.0011878248686682507,0.9633823743243436,0.0,0.9999999999544684,0.9732837677001953,0.38671875,2.8711700595017293e-05,0.010420154806528685,0.0005383224759433434,0.0,0.0185546875,-9.56652812508496,27,0,0.00042749999556690454,0.13411330000963062,0.48796639998909086,False,RC-A,M3,2
2,0.5123287671232877,0.24931506849315072,2048,0.025078637664839344,0.12120516686959756,0.06687057600121565,0.0245334673865927,0.018058522278313678,0.043114521790658736,0.0132293701171875,0.017454523343039745,0.017588999845174626,0.854963131074738,0.0,1.0,0.8785057067871094,0.28466796875,0.00014365312271029325,0.03962882117841099,0.003946760335440377,0.0,0.08349609375,-40.578222851939515,114,0,0.00073490000795573,0.1256382000283338,0.49879159999545664,False,RC-A,M3,2
3,0.7616438356164383,0.24931506849315066,1282,0.09479671186179318,0.28911366873919475,0.18664627237875717,0.0935319703834728,0.07282936553314642,0.12554457827520613,0.058956342628705145,0.07173246021734324,0.0719510014965317,0.6493982597155485,0.0,0.9999999999944406,0.6875853159126365,0.33931357254290173,0.000246471648822505,0.028347024540198967,0.006347113404445536,0.0,0.23790951638065522,-126.33667478635724,224,0,0.0008557999972254038,0.07013200002256781,0.31085269997129217,False,RC-A,M3,2
4,1.010958904109589,0.24931506849315066,1107,0.16486507788158372,0.38139189068918394,0.280482771028884,0.16255169231600058,0.12470290021239377,0.19018166209683157,0.10618507226738934,0.12236250235332935,0.12254551683137033,0.528150998194204,0.0,0.9999999995357908,0.5673484078590786,0.26196928635953026,0.00021079751774132936,0.028267610944239824,0.005909088690141376,0.0,0.3568202348690154,-196.59480276486022,302,0,0.0006041000015102327,0.050762200029566884,0.28498840000247583,False,RC-A,M3,2
5,1.2602739726027397,0.24931506849315066,996,0.22932466226515527,0.4547918547432009,0.35187209726092294,0.2241879904404144,0.17648169947336148,0.23961920356911992,0.15317127886546184,0.17212364009946754,0.1723668025908688,0.43193347662274795,0.0,0.9999999989444334,0.46833819653614456,0.20983935742971888,0.0002530937561935193,0.05833127347339019,0.00493882320970736,0.0,0.4538152610441767,-242.17959837098866,334,0,0.00040819996502250433,0.041804200038313866,0.25525499996729195,False,RC-A,M3,2
6,1.5095890410958903,0.24931506849315066,913,0.2847833335974081,0.5192517176894149,0.40887666397265365,0.2767296608002732,0.22525878205309494,0.29285865210945455,0.19931715498357064,0.21916855298682295,0.21927400700442892,0.36266137269891713,0.0,0.999999999905317,0.3961613499452355,0.17086527929901424,0.00012948747106698584,0.012338041047746749,0.004928688318989142,0.0,0.5312157721796276,-306.72046397671073,390,0,0.0005670000100508332,0.03765060001751408,0.23707550001563504,False,RC-A,M3,2
7,1.7589041095890412,0.24931506849315088,846,0.3298248611080051,0.5558900477094139,0.4685337060809073,0.31672192518175235,0.2642097505915549,0.33911452137669595,0.23076887559101655,0.2529989038891547,0.25315995362708554,0.3126376286245915,0.0,0.9999999999997129,0.34314051418439717,0.14420803782505912,0.00016982270429314355,0.03046748211860295,0.002983447732211627,0.0,0.5921985815602837,-343.53532587307126,405,0,0.00038270000368356705,0.03114769997773692,0.2135755000053905,False,RC-A,M3,2
8,2.0082191780821916,0.24931506849315044,798,0.3569075108830656,0.5797075386483264,0.5117813791743433,0.3407260627824192,0.29083959761161005,0.3653079157774515,0.25642230576441105,0.2772488113670464,0.2774277249344784,0.271049422531267,0.0,0.9999999999646727,0.3027392700501253,0.12907268170426064,0.00018439249470635508,0.015569848443318879,0.005907537174399559,0.0,0.6278195488721805,-354.0951870857564,393,0,0.0006148000247776508,0.02946760004851967,0.2066006000386551,False,RC-A,M3,2
1,0.26301369863013696,0.26301369863013696,2048,0.0019234539506068045,0.03233665413895932,0.01036000226335785,0.0019227312723629822,0.0015182647834718053,0.005658805718184785,0.0011444091796875,0.0014826265767140855,0.0015176405634547553,0.9629620508576408,0.0,0.9999999999312928,0.9722061157226562,0.38720703125,3.501398674066968e-05,0.012466170558188827,0.0005207024423751613,0.0,0.02001953125,-9.94239329757823,28,0,0.00046010001096874475,0.1358020000043325,0.514972300035879,False,RC-A,M3,3
2,0.5123287671232877,0.24931506849315072,2048,0.025323827382092677,0.12003421774214976,0.06452469468745003,0.025156082416838393,0.017872889892251564,0.04032376199261207,0.014369964599609375,0.017596528666319486,0.0177446813117158,0.8557253131782938,0.0,1.0,0.8791046142578125,0.30029296875,0.00015217074101734943,0.024725085214481024,0.003843814949710962,0.0,0.083984375,-42.559416592952175,120,0,0.0006670000148005784,0.12536399997770786,0.540058099955786,False,RC-A,M3,3
3,0.7616438356164383,0.24931506849315066,1288,0.09807648363764092,0.2844298827560462,0.18962090302957849,0.09589235293364255,0.07514847625353771,0.12784703330960243,0.060458923718944096,0.07348542341098539,0.07373077483521867,0.6530298182382984,0.0,0.9999999996551692,0.6917489567158385,0.3222049689440994,0.0002619481088701538,0.04674844766677311,0.006927195018292452,0.0,0.2360248447204969,-125.17934053241162,223,0,0.0009568000095896423,0.07217300002230331,0.3278677999624051,False,RC-A,M3,3
4,1.010958904109589,0.24931506849315066,1083,0.1729337476535124,0.3951643747468297,0.29691860937901415,0.16615046324356034,0.13540031960829424,0.2076503600364811,0.11222443444136658,0.1298902986313368,0.13006019085594148,0.514124220253038,0.0,0.999999999929576,0.551354743767313,0.25761772853185594,0.00017727911233504038,0.014759695268515338,0.005785369278194395,0.0,0.37580794090489383,-218.05920182443523,329,0,0.0006082999752834439,0.050983700028155,0.27677810000022873,False,RC-A,M3,3
5,1.2602739726027397,0.24931506849315066,966,0.2323819207945241,0.4743031499045526,0.36704162341414615,0.22574346443664264,0.17933041717764858,0.257693183974914,0.15051598084886128,0.17346557467667592,0.17362612301093994,0.41541424846504227,0.0,0.9999999998950937,0.4525790954968944,0.2111801242236025,0.00016320092701853543,0.03237873993367181,0.004658261388585413,0.0,0.4699792960662526,-267.16357797796087,359,0,0.0005613999674096704,0.04218410002067685,0.2565504999947734,False,RC-A,M3,3
6,1.5095890410958903,0.24931506849315066,887,0.2821869167940848,0.5297054455556046,0.41764064442438814,0.2760301823712393,0.22117208402151675,0.3063818051749679,0.19232666290868095,0.21602326014964196,0.2162272463714659,0.3578238184221804,0.0,0.9999999999771736,0.39006130214205187,0.17925591882750846,0.00022191653533841735,0.03091984392669661,0.005774888530562601,0.0,0.5422773393461104,-319.25514140629485,395,0,0.0004235999658703804,0.03534410003339872,0.22079049999592826,False,RC-A,M3,3
7,1.7589041095890412,0.24931506849315088,830,0.3316800983327004,0.5676112254379787,0.46937503194239366,0.3244012293538607,0.2668186709876769,0.35269258047583657,0.2370340737951807,0.26055945119357693,0.2607221042831665,0.3145240208211349,0.0,0.9999999997708744,0.34428181475903613,0.14096385542168674,0.00017511712122137189,0.027543974800035786,0.005050579305723346,0.0,0.5963855421686747,-349.03744746856165,404,0,0.0003437999985180795,0.030071299988776445,0.21701090002898127,False,RC-A,M3,3
8,2.0082191780821916,0.24931506849315044,781,0.36959045818565406,0.6018233111941821,0.50792121397414,0.35817447812022285,0.29419487206896083,0.381352067064541,0.2610385323303457,0.2835289611468373,0.2836264545037712,0.27075997939597746,0.0,0.9999999998953361,0.29561959827144685,0.1203585147247119,0.00011241612526560015,0.017126576722086423,0.0021542417805175437,0.0,0.6530089628681178,-392.32031691380485,428,0,0.00038410001434385777,0.02774290001252666,0.2022183999652043,False,RC-A,M3,3
1,0.26301369863013696,0.26301369863013696,2048,0.001894989598588782,0.032147762625064885,0.011222847963349275,0.0018942705639351685,0.0015916828343656231,0.0060245884549920085,0.0011730194091796875,0.0015673622185168351,0.001591052628826689,0.9626538890374632,0.0,0.9999999999709958,0.9720211029052734,0.37939453125,2.3690410309854075e-05,0.009788026193700897,0.0004934298636662326,0.0,0.02001953125,-8.964363291810482,25,0,0.0005695999716408551,0.13928020000457764,0.4794220000039786,False,RC-A,M3,4
2,0.5123287671232877,0.24931506849315072,2048,0.024213698209369104,0.11976719348509796,0.06537970573488075,0.02416029140423302,0.017326619677888774,0.040792475456340745,0.013036727905273438,0.017153317432508787,0.017290890353519578,0.8556278987555952,0.0,1.0,0.8795337677001953,0.294921875,0.00014206480726628324,0.030774148587012606,0.003921035625635349,0.0,0.08203125,-41.49904231726811,117,0,0.0003705999697558582,0.1260988999856636,0.4893255000351928,False,RC-A,M3,4
3,0.7616438356164383,0.24931506849315066,1291,0.09243599081432703,0.28426652686678083,0.18969372595217096,0.09040137112594764,0.0709173506563512,0.12463360157287379,0.05815501549186677,0.06998435810035196,0.07019486054130337,0.6493612191805904,0.0,0.9999999999927861,0.6884349583656081,0.3400464756003098,0.00021710778179628759,0.03054498497645519,0.005762706244618505,0.0,0.2393493415956623,-129.7299730062477,232,0,0.000416700029745698,0.0650177999632433,0.30570369999622926,False,RC-A,M3,4
4,1.010958904109589,0.24931506849315066,1104,0.16110291942053218,0.39050055477793855,0.2855371974738143,0.1566665126212371,0.12341364920279188,0.19189684241878072,0.10427281476449275,0.1200685385599231,0.1202853394275592,0.5145509931429655,0.0,0.9999999979027266,0.5540435348731884,0.27355072463768115,0.00023678516618313782,0.023714987306683755,0.008774869953739812,0.0,0.3704710144927536,-201.25302083232987,308,0,0.0005496000521816313,0.050024300056975335,0.2632412000093609,False,RC-A,M3,4
5,1.2602739726027397,0.24931506849315066,989,0.23014486513967808,0.465527346192032,0.36661008388924826,0.22436185539717582,0.18405371481363464,0.2562615166065047,0.1600535578867543,0.17894691787783948,0.17909889863613276,0.4232958929602241,0.0,0.9999999998816221,0.46090985212335694,0.21536905965621841,0.00017019203595052885,0.016252562652160102,0.005216097755879961,0.0,0.4641051567239636,-263.13257297338464,362,0,0.00035170000046491623,0.044757099996786565,0.2523566000163555,False,RC-A,M3,4
6,1.5095890410958903,0.24931506849315066,909,0.28645716472652594,0.5234760198971573,0.42216338411572685,0.2800915793680374,0.2278830546253144,0.3045390105267644,0.20456889438943895,0.22286110614809115,0.22308864575350343,0.3573284300272027,0.0,0.9999999955986129,0.39169502887788776,0.1848184818481848,0.00022795725256114142,0.027188771427048564,0.00559847849956666,0.0,0.5302530253025303,-313.84953829041217,398,0,0.0008792000007815659,0.03846790001261979,0.23093699995661154,False,RC-A,M3,4
7,1.7589041095890412,0.24931506849315088,841,0.34310358019083437,0.5736825295656103,0.46987102904382355,0.33474471334555095,0.26995544744106376,0.35015341576504233,0.2409148335315101,0.2621146715289828,0.26223006397426446,0.30596637377712443,0.0,0.9999999972446553,0.33695934898929847,0.14744351961950058,0.00014653413840088537,0.029214901696412082,0.004402696361270185,0.0,0.5969084423305588,-351.1910895831645,412,0,0.000792000035289675,0.031654999998863786,0.2091804000083357,False,RC-A,M3,4
8,2.0082191780821916,0.24931506849315044,801,0.37522387560163245,0.6050207205829369,0.4973907262819112,0.3680912108085986,0.2939460577164553,0.3802626510695568,0.2690825920724095,0.28885828100040317,0.28897584243247026,0.27568875469566,0.0,0.999999998017764,0.3039657459425718,0.11235955056179775,0.00012275257560331727,0.021917277836684054,0.0037502863889546014,0.0,0.634207240948814,-366.46035184226236,409,0,0.00045600003795698285,0.025986299966461957,0.20503900002222508,False,RC-A,M3,4
1,0.26301369863013696,0.26301369863013696,2048,0.0018561464664163005,0.03214359246447912,0.009891944803473784,0.0018547209214808441,0.0010818164693316597,0.005483961386262693,0.000667572021484375,0.0010545506547401248,0.0010813656118281373,0.9634474494308779,0.0,0.9999999999569981,0.9726982116699219,0.3828125,2.7168226247790886e-05,0.014478470943400894,0.0004281470447770534,0.0,0.01953125,-7.960217622002915,22,0,0.0005028999876230955,0.13384129997575656,0.49018389999400824,False,RC-A,M3,5
2,0.5123287671232877,0.24931506849315072,2048,0.02524197618694272,0.12062195667189604,0.06453610837457845,0.025135217072921816,0.019041937284005023,0.04104901209277742,0.01490020751953125,0.018777002067905516,0.018974490450267674,0.8558516347660193,0.0,1.0,0.8784961700439453,0.28076171875,0.00019816622223816242,0.044331215724756456,0.00557678389328008,0.0,0.0869140625,-41.99225864957014,118,0,0.0008520000264979899,0.1256285000126809,0.5041628999751993,False,RC-A,M3,5
3,0.7616438356164383,0.24931506849315066,1282,0.09247032331655074,0.2874327662990359,0.18913640117912178,0.0912933118042745,0.07152359420897762,0.1277008869338802,0.059389016185647424,0.07070118700733224,0.07093902033949152,0.6505392818129323,0.0,0.9999999999945978,0.6894074200468019,0.3627145085803432,0.00026123854501274653,0.040302285612899294,0.0059582895446482365,0.0,0.24102964118564743,-132.1885083166474,235,0,0.0005262999911792576,0.0679361000075005,0.3202776000252925,False,RC-A,M3,5
4,1.010958904109589,0.24931506849315066,1106,0.16333402674700828,0.38888949023178593,0.2850658403342136,0.15949719892938366,0.1316510953187218,0.19744838582440558,0.11123276446654612,0.1283667223637873,0.12860562589508984,0.5227016968644134,0.0,0.9999999998201853,0.5599111381103075,0.27486437613019893,0.00026608678611111984,0.04338132246024051,0.0056357227436929745,0.0,0.36528028933092227,-197.0736808340787,302,0,0.0004175999783910811,0.052106000017374754,0.2808245000196621,False,RC-A,M3,5
5,1.2602739726027397,0.24931506849315066,993,0.21741197155796785,0.46692224751853445,0.3467811141875664,0.21383522654486517,0.17285643965340988,0.24678333820708256,0.15193070241691842,0.17000731103375546,0.17020759048359213,0.4321520806576968,0.0,0.9999999997773731,0.46931253147029206,0.22457200402819738,0.00024248022907595452,0.030205255263994202,0.005318186391712412,0.0,0.4551863041289023,-252.3783182721305,348,0,0.0005201000021770597,0.049738199973944575,0.2566077999654226,False,RC-A,M3,5
6,1.5095890410958903,0.24931506849315066,906,0.2742468185585922,0.5086673836615114,0.40733369393731034,0.2682681241896938,0.21355991972348648,0.28860575417742,0.18855201434878588,0.2084537612914182,0.20861401906726582,0.3715718828659207,0.0,0.9999999928038487,0.40573261589403975,0.18432671081677704,0.00017691657801542876,0.024968131116306636,0.0054400537804969624,0.0,0.5198675496688742,-294.4263084224094,371,0,0.0003907000063918531,0.03918059996794909,0.24220470001455396,False,RC-A,M3,5
7,1.7589041095890412,0.24931506849315088,843,0.31196881532111154,0.5582259728358403,0.4480635022491553,0.3058265384588111,0.2474536589147811,0.3235185831612933,0.22139587040332148,0.24213486674957288,0.24228452121203037,0.31625596891674784,0.0,0.9999999996640252,0.3457054418742586,0.132858837485172,0.00014965446245752555,0.01597689139572041,0.006097619237274937,0.0,0.5895610913404508,-334.2334020700299,392,0,0.00037100003100931644,0.03403809998417273,0.22435049997875467,False,RC-A,M3,5
8,2.0082191780821916,0.24931506849315044,790,0.34395179669309867,0.598555593146745,0.4791076766101663,0.3335877172035856,0.2663558015052879,0.34824769191281485,0.24247428797468354,0.2603756826447355,0.2605050360235363,0.2660711081481422,0.0,0.9999999940315595,0.292548457278481,0.11645569620253164,0.00012964259580989894,0.02886859272887518,0.0023783326027215328,0.0,0.6544303797468355,-365.18030994207203,401,0,0.0004803999909199774,0.03033899998990819,0.20975589996669441,False,RC-A,M3,5
