Method,N,Ticker,Metric,Mean_estimate,Analytic,Replication_SD,Mean_runtime_seconds,RMSE,Bias,Relative_RMSE,SE_of_replication_mean
MC,1024,NDX Index,delta,0.6098782421369721,0.6016489211760171,0.029303855076126917,0.0033247000028495677,0.029542645457979834,0.008229320960954967,0.04910279802419342,0.007325963769031729
MC,1024,NDX Index,gamma,5.30705791851983e-05,5.2107169399970926e-05,6.884250442448882e-06,0.0033247000028495677,6.734909506369194e-06,9.634097852273752e-07,0.1292511104311291,1.7210626106122204e-06
MC,1024,NDX Index,price,3427.9266953900797,3367.4914742178444,213.73922697543082,0.0033247000028495677,215.59590565323433,60.43522117223529,0.06402270274590971,53.434806743857706
MC,1024,NDX Index,vega,10964.763314845846,10732.284898910899,786.6529765324323,0.0033247000028495677,796.3621586753104,232.4784159349474,0.07420248028974001,196.66324413310807
MC,1024,RTY Index,delta,0.5947454410707564,0.5854387475048874,0.024828909537521305,0.0033247000028495677,0.02577905394210583,0.009306693565868995,0.04403373376288289,0.006207227384380326
MC,1024,RTY Index,gamma,0.0006252367123291253,0.0005906533709811822,0.00012553325278458728,0.0033247000028495677,0.00012637124952416987,3.458334134794311e-05,0.21395162667783363,3.138331319614682e-05
MC,1024,RTY Index,price,298.8291529800249,292.88192219894063,19.451821385769748,0.0033247000028495677,19.75081199560852,5.947230781084272,0.0674360911295602,4.862955346442437
MC,1024,RTY Index,vega,1153.2707871160312,1128.2462808147527,93.85282647498327,0.0033247000028495677,94.25527512098247,25.024506301278507,0.0835414011317785,23.46320661874582
MC,1024,SPX Index,delta,0.6036159329102345,0.5951256241492728,0.02332795908676385,0.0033247000028495677,0.024130207485910358,0.008490308760961685,0.04054640987842573,0.005831989771690962
MC,1024,SPX Index,gamma,0.00027960629546718946,0.0002810396349131103,4.891788834595082e-05,0.0033247000028495677,4.738622452443286e-05,-1.433339445920819e-06,0.16861046855217907,1.2229472086487706e-05
MC,1024,SPX Index,price,659.4191811960641,644.2866661564472,41.989634141167116,0.0033247000028495677,43.38118026029816,15.13251503961692,0.06733210935295725,10.497408535291779
MC,1024,SPX Index,vega,2909.811876076383,2829.6360448038345,225.54078167558015,0.0033247000028495677,232.6317215184741,80.17583127254875,0.08221259477722033,56.38519541889504
MC,4096,NDX Index,delta,0.604636904691442,0.6016489211760171,0.008923550508871317,0.011288087491266197,0.009142261184606083,0.0029879835154249523,0.015195342105386145,0.0022308876272178293
MC,4096,NDX Index,gamma,5.2085713642494776e-05,5.2107169399970926e-05,3.969152418771317e-06,0.011288087491266197,3.8431751964036435e-06,-2.1455757476150303e-08,0.073755209516443,9.922881046928292e-07
MC,4096,NDX Index,price,3391.4717873201243,3367.4914742178444,82.42953262353853,0.011288087491266197,83.3367807422685,23.98031310227998,0.024747436298001274,20.607383155884634
MC,4096,NDX Index,vega,10820.295852729168,10732.284898910899,382.5677287889793,0.011288087491266197,380.7316849282932,88.01095381826963,0.03547536135263512,95.64193219724483
MC,4096,RTY Index,delta,0.5881494718543311,0.5854387475048874,0.011084551591217578,0.011288087491266197,0.011069602758382138,0.0027107243494436384,0.01890821679562596,0.0027711378978043945
MC,4096,RTY Index,gamma,0.0005976634196254143,0.0005906533709811822,6.227039256767166e-05,0.011288087491266197,6.069919654013711e-05,7.010048644232091e-06,0.1027661899894091,1.5567598141917915e-05
MC,4096,RTY Index,price,295.3298001222384,292.88192219894063,6.898659838268723,0.011288087491266197,7.1140104490189975,2.447877923297767,0.02428968778819606,1.7246649595671808
MC,4096,RTY Index,vega,1140.160282482008,1128.2462808147527,33.75953921539714,0.011288087491266197,34.791065925910495,11.914001667255206,0.030836410912683396,8.439884803849285
MC,4096,SPX Index,delta,0.5958202683242925,0.5951256241492728,0.010058816584239379,0.011288087491266197,0.009764147923042093,0.0006946441750196319,0.016406868611984003,0.0025147041460598448
MC,4096,SPX Index,gamma,0.0002836618154201998,0.0002810396349131103,2.447846295630219e-05,0.011288087491266197,2.384578123108734e-05,2.622180507089503e-06,0.08484846359290141,6.119615739075547e-06
MC,4096,SPX Index,price,649.04150631411,644.2866661564472,17.4714473534531,0.011288087491266197,17.572187129392212,4.754840157662898,0.027273864340885325,4.367861838363275
MC,4096,SPX Index,vega,2858.104330637437,2829.6360448038345,108.22907015683577,0.011288087491266197,108.59041946059816,28.46828583360275,0.03837610835499737,27.057267539208944
MC,16384,NDX Index,delta,0.6021776571129619,0.6016489211760171,0.0031959469227475557,0.041886787505063694,0.003139308622646528,0.0005287359369448019,0.005217841355902804,0.0007989867306868889
MC,16384,NDX Index,gamma,5.184170483573172e-05,5.2107169399970926e-05,2.8685697880043076e-06,0.041886787505063694,2.790138128162671e-06,-2.6546456423920807e-07,0.053546146533997446,7.171424470010769e-07
MC,16384,NDX Index,price,3373.24959333555,3367.4914742178444,32.790272621076035,0.041886787505063694,32.26697678243031,5.758119117705519,0.009581903036569632,8.197568155269009
MC,16384,NDX Index,vega,10756.799654276969,10732.284898910899,145.76433166913108,0.041886787505063694,143.2489479661979,24.51475536606995,0.01334747906112096,36.44108291728277
MC,16384,RTY Index,delta,0.5855187165287731,0.5854387475048874,0.002920823958740819,0.041886787505063694,0.0028292060468201063,7.996902388562876e-05,0.004832625204392518,0.0007302059896852047
MC,16384,RTY Index,gamma,0.000587801917830219,0.0005906533709811822,3.0916244769872394e-05,0.041886787505063694,3.0070028081561272e-05,-2.8514531509631546e-06,0.05090977138014045,7.729061192468098e-06
MC,16384,RTY Index,price,292.64334879541946,292.88192219894063,3.102069389604752,0.041886787505063694,3.0130258231004774,-0.23857340352117262,0.01028751040855937,0.775517347401188
MC,16384,RTY Index,vega,1126.7731548857107,1128.2462808147527,16.075409915371882,0.041886787505063694,15.63450442781447,-1.4731259290419985,0.013857350734206858,4.0188524788429705
MC,16384,SPX Index,delta,0.5952121134447806,0.5951256241492728,0.003174646782849201,0.041886787505063694,0.0030750550737915676,8.648929550780782e-05,0.005167068849013742,0.0007936616957123002
MC,16384,SPX Index,gamma,0.00028343281586560226,0.0002810396349131103,1.5632724449621588e-05,0.041886787505063694,1.5324343678663854e-05,2.3931809524919793e-06,0.0545273398302048,3.908181112405397e-06
MC,16384,SPX Index,price,644.7649851681085,644.2866661564472,6.751987317685487,0.041886787505063694,6.555058239174214,0.4783190116613696,0.01017413301175241,1.6879968294213719
MC,16384,SPX Index,vega,2832.4777032235384,2829.6360448038345,42.467382205571546,0.041886787505063694,41.216940261332276,2.84165841970389,0.014566163142083404,10.616845551392887
MC,65536,NDX Index,delta,0.6013992863975149,0.6016489211760171,0.002471366217145717,0.17004547500255285,0.0024058762053945806,-0.0002496347785021502,0.003998804154243173,0.0006178415542864292
MC,65536,NDX Index,gamma,5.209790593463239e-05,5.2107169399970926e-05,1.294696949833991e-06,0.17004547500255285,1.2536191573620667e-06,-9.263465338534493e-09,0.024058477399518195,3.2367423745849777e-07
MC,65536,NDX Index,price,3365.7816286126376,3367.4914742178444,21.128343256549584,0.17004547500255285,20.52876104913095,-1.7098456052067377,0.006096158284676606,5.282085814137396
MC,65536,NDX Index,vega,10723.673492501643,10732.284898910899,88.17067140630239,0.17004547500255285,85.804104858501,-8.611406409256233,0.007994952208844951,22.042667851575597
MC,65536,RTY Index,delta,0.5858451454351272,0.5854387475048874,0.0025673189310291313,0.17004547500255285,0.0025187974046104854,0.0004063979302397769,0.004302409800078116,0.0006418297327572828
MC,65536,RTY Index,gamma,0.0005889562780175309,0.0005906533709811822,1.4551921046873963e-05,0.17004547500255285,1.4191674682611445e-05,-1.6970929636512568e-06,0.024027078113575316,3.6379802617184906e-06
MC,65536,RTY Index,price,292.9244808956939,292.88192219894063,2.239361911618366,0.17004547500255285,2.168670480542386,0.04255869675324675,0.00740458975501162,0.5598404779045915
MC,65536,RTY Index,vega,1128.1848406748516,1128.2462808147527,11.703533746808022,0.17004547500255285,11.332064382463503,-0.06144013990115127,0.010043963428162295,2.9258834367020055
MC,65536,SPX Index,delta,0.5952855622592169,0.5951256241492728,0.0025974334618079024,0.17004547500255285,0.002520034622926726,0.00015993810994407998,0.004234458273459649,0.0006493583654519756
MC,65536,SPX Index,gamma,0.0002797278256583971,0.0002810396349131103,6.5479111848374e-06,0.17004547500255285,6.4742789637138404e-06,-1.3118092547131964e-06,0.023036889318887387,1.63697779620935e-06
MC,65536,SPX Index,price,644.6213145683504,644.2866661564472,4.254184786976069,0.17004547500255285,4.132668296478638,0.33464841190323114,0.006414331560099575,1.0635461967440172
MC,65536,SPX Index,vega,2830.8224211690317,2829.6360448038345,24.22652937378291,0.17004547500255285,23.487218205547222,1.1863763651972477,0.008300437877400407,6.056632343445727
RQMC,1024,NDX Index,delta,0.6018726580004342,0.6016489211760171,0.008233012582150262,0.007246631241287105,0.007974719326304197,0.00022373682441712006,0.013254772086545685,0.0020582531455375654
RQMC,1024,NDX Index,gamma,5.2470720973992324e-05,5.2107169399970926e-05,1.2605464093541814e-05,0.007246631241287105,1.2210601416277461e-05,3.6355157402139784e-07,0.23433630260261795,3.1513660233854535e-06
RQMC,1024,NDX Index,price,3365.9172083099197,3367.4914742178444,33.76340397041385,0.007246631241287105,32.729158182557605,-1.574265907924655,0.009719151015863965,8.440850992603462
RQMC,1024,NDX Index,vega,10723.848732265802,10732.284898910899,169.1515161625025,0.007246631241287105,163.99737685091986,-8.436166645096819,0.015280751340058272,42.287879040625626
RQMC,1024,RTY Index,delta,0.5881821718871894,0.5854387475048874,0.006986408357726483,0.007246631241287105,0.007299702748983157,0.0027434243823019067,0.012468772830794252,0.0017466020894316208
RQMC,1024,RTY Index,gamma,0.0006314003863916676,0.0005906533709811822,0.00012517693011812942,0.007246631241287105,0.00012786811216659516,4.0747015410485437e-05,0.21648587555537535,3.1294232529532354e-05
RQMC,1024,RTY Index,price,293.1151091980313,292.88192219894063,2.2908846190754613,0.007246631241287105,2.2303629734511006,0.23318699909066254,0.007615229225162358,0.5727211547688653
RQMC,1024,RTY Index,vega,1127.3861848112208,1128.2462808147527,13.705657140596312,0.007246631241287105,13.298288910134122,-0.8600960035319076,0.011786689782421339,3.426414285149078
RQMC,1024,SPX Index,delta,0.5958327084755373,0.5951256241492728,0.009514072176217832,0.007246631241287105,0.009239057827118419,0.0007070843262644289,0.015524550535570664,0.002378518044054458
RQMC,1024,SPX Index,gamma,0.00028015608645004926,0.0002810396349131103,5.7154264022249696e-05,0.007246631241287105,5.5346431098276693e-05,-8.835484630610171e-07,0.19693461071919016,1.4288566005562424e-05
RQMC,1024,SPX Index,price,642.5763324138753,644.2866661564472,4.74735953897879,0.007246631241287105,4.90449540638914,-1.7103337425718337,0.0076122876104938965,1.1868398847446975
RQMC,1024,SPX Index,vega,2816.475379287787,2829.6360448038345,37.79727680863441,0.007246631241287105,38.89148515535921,-13.16066551604763,0.01374434186572407,9.449319202158602
RQMC,4096,NDX Index,delta,0.6013522609510836,0.6016489211760171,0.004299692613601427,0.024048631257755915,0.004173715859375196,-0.0002966602249334649,0.00693712846890345,0.0010749231534003569
RQMC,4096,NDX Index,gamma,5.2495344462695995e-05,5.2107169399970926e-05,5.174377595844783e-06,0.024048631257755915,5.0250847669147104e-06,3.88175062725069e-07,0.09643749266713218,1.2935943989611958e-06
RQMC,4096,NDX Index,price,3365.6000153139753,3367.4914742178444,18.046750048872074,0.024048631257755915,17.57576399203145,-1.8914589038690792,0.0052192452829041575,4.5116875122180184
RQMC,4096,NDX Index,vega,10730.904476769289,10732.284898910899,106.91572093206398,0.024048631257755915,103.52990503381436,-1.3804221416103246,0.009646585606791007,26.728930233015994
RQMC,4096,RTY Index,delta,0.5872545974003992,0.5854387475048874,0.004883486181627716,0.024048631257755915,0.005065098301000127,0.0018158498955117564,0.008651798881757211,0.001220871545406929
RQMC,4096,RTY Index,gamma,0.0006144674117231916,0.0005906533709811822,6.657157195562861e-05,0.024048631257755915,6.871605956445193e-05,2.3814040742009416e-05,0.1163390627066127,1.6642892988907152e-05
RQMC,4096,RTY Index,price,292.3401190008452,292.88192219894063,1.0040518142220993,0.024048631257755915,1.1129524914642281,-0.5418031980954083,0.003800004053197428,0.25101295355552483
RQMC,4096,RTY Index,vega,1123.6476281048103,1128.2462808147527,5.782705489118888,0.024048631257755915,7.245502698031328,-4.598652709942371,0.006421915871771414,1.445676372279722
RQMC,4096,SPX Index,delta,0.5938357263462435,0.5951256241492728,0.006111381312986769,0.024048631257755915,0.006056278275305626,-0.0012898978030293495,0.01017647036113262,0.0015278453282466923
RQMC,4096,SPX Index,gamma,0.0002801300496286302,0.0002810396349131103,2.5515970547008228e-05,0.024048631257755915,2.472247057407081e-05,-9.09585284480062e-07,0.0879679144961682,6.378992636752057e-06
RQMC,4096,SPX Index,price,643.8784802189298,644.2866661564472,2.762441185248575,0.024048631257755915,2.7056892800490213,-0.40818593751737353,0.004199511525188106,0.6906102963121438
RQMC,4096,SPX Index,vega,2830.29550328416,2829.6360448038345,25.960398975843198,0.024048631257755915,25.144697369140733,0.6594584803256112,0.008886194892560432,6.4900997439607995
RQMC,16384,NDX Index,delta,0.6016044005661264,0.6016489211760171,0.0020248908977002445,0.0823730250049266,0.001961097597155731,-4.452060989068585e-05,0.003259538126192362,0.0005062227244250611
RQMC,16384,NDX Index,gamma,5.151410643801229e-05,5.2107169399970926e-05,1.6770854521973449e-06,0.0823730250049266,1.7287425531136447e-06,-5.930629619586373e-07,0.03317667363283428,4.192713630493362e-07
RQMC,16384,NDX Index,price,3367.246672508156,3367.4914742178444,6.543347708792569,0.0823730250049266,6.340296890749059,-0.2448017096885451,0.0018827952317894726,1.6358369271981423
RQMC,16384,NDX Index,vega,10731.467439495114,10732.284898910899,35.25219649041383,0.0823730250049266,34.14257990336665,-0.8174594157844695,0.003181296455038331,8.813049122603458
RQMC,16384,RTY Index,delta,0.5850010696714998,0.5854387475048874,0.0015578181007504283,0.0823730250049266,0.001570568143595022,-0.00043767783338766186,0.0026827198409546857,0.00038945452518760707
RQMC,16384,RTY Index,gamma,0.000597005725765999,0.0005906533709811822,2.484674271635885e-05,0.0823730250049266,2.4882282772071136e-05,6.35235478481681e-06,0.042126709157245916,6.211685679089712e-06
RQMC,16384,RTY Index,price,292.70734472668886,292.88192219894063,0.5221815359218787,0.0823730250049266,0.5348913469079022,-0.17457747225176945,0.0018263037298170155,0.13054538398046966
RQMC,16384,RTY Index,vega,1128.0564923555855,1128.2462808147527,3.018594974635607,0.0823730250049266,2.9288974980054165,-0.18978845916717546,0.002595973545678644,0.7546487436589018
RQMC,16384,SPX Index,delta,0.5942325441285913,0.5951256241492728,0.0018928005305731896,0.0823730250049266,0.0020387170981637187,-0.0008930800206815581,0.003425692014317226,0.0004732001326432974
RQMC,16384,SPX Index,gamma,0.0002844661771993027,0.0002810396349131103,1.4660489682614368e-05,0.0823730250049266,1.4602671927244324e-05,3.426542286192409e-06,0.051959475152887485,3.665122420653592e-06
RQMC,16384,SPX Index,price,643.9246743782871,644.2866661564472,1.1383329709501377,0.0823730250049266,1.1601087785895927,-0.36199177816001793,0.0018006096346993039,0.28458324273753444
RQMC,16384,SPX Index,vega,2830.014781121623,2829.6360448038345,6.504245396939896,0.0823730250049266,6.30908661143194,0.37873631778847994,0.0022296459726746662,1.626061349234974
RQMC,65536,NDX Index,delta,0.6012075949726337,0.6016489211760171,0.0011694713308937404,0.32012296250104555,0.0012152995770441778,-0.00044132620338344086,0.00201994806982897,0.0002923678327234351
RQMC,65536,NDX Index,gamma,5.160010372377167e-05,5.2107169399970926e-05,1.4163953914254115e-06,0.32012296250104555,1.462157826904249e-06,-5.070656761992545e-07,0.028060588278761213,3.540988478563529e-07
RQMC,65536,NDX Index,price,3368.2208222204536,3367.4914742178444,3.479598740409118,0.32012296250104555,3.447148160585172,0.7293480026091856,0.001023654606693794,0.8698996851022796
RQMC,65536,NDX Index,vega,10739.255117359984,10732.284898910899,16.777567621241875,0.32012296250104555,17.677041524474564,6.970218449085223,0.0016470902227230673,4.194391905310469
RQMC,65536,RTY Index,delta,0.5855620738664175,0.5854387475048874,0.0007339244917901252,0.32012296250104555,0.0007212414495989017,0.0001233263615300073,0.0012319673965428476,0.0001834811229475313
RQMC,65536,RTY Index,gamma,0.0005822916352517547,0.0005906533709811822,1.243380553408454e-05,0.32012296250104555,1.4657956012503948e-05,-8.361735729427492e-06,0.024816511227480898,3.108451383521135e-06
RQMC,65536,RTY Index,price,292.94714694916627,292.88192219894063,0.26832079957856936,0.32012296250104555,0.26786296181178043,0.06522475022563867,0.0009145766314311266,0.06708019989464234
RQMC,65536,RTY Index,vega,1128.4905023512517,1128.2462808147527,1.3087393365398432,0.32012296250104555,1.2905010244896227,0.24422153649902612,0.0011438114589287184,0.3271848341349608
RQMC,65536,SPX Index,delta,0.5950319114091573,0.5951256241492728,0.0009571465573163258,0.32012296250104555,0.0009314792075409016,-9.371274011549247e-05,0.0015651808118200983,0.00023928663932908144
RQMC,65536,SPX Index,gamma,0.0002812764893679296,0.0002810396349131103,7.92079209922257e-06,0.32012296250104555,7.672930554516325e-06,2.368544548193201e-07,0.027301951758116196,1.9801980248056424e-06
RQMC,65536,SPX Index,price,644.2876314158555,644.2866661564472,0.39815810930265405,0.32012296250104555,0.3855161400369374,0.0009652594083036092,0.000598361195858313,0.09953952732566351
RQMC,65536,SPX Index,vega,2829.953144542827,2829.6360448038345,2.8780866594036962,0.32012296250104555,2.8046788831016563,0.31709973899251054,0.0009911800806510053,0.7195216648509241
