method,replication,greek,bump,estimate,analytic_fd,error_vs_analytic
Direct,0,Delta,0.001,0.8601125076257121,0.9522425621447539,-0.09213005451904177
Direct,0,Gamma,0.001,0.8075455137849906,-0.009371690172343959,0.8169172039573346
Direct,0,Delta,0.0025,0.8559896690893396,0.9522568488218823,-0.09626717973254273
Direct,0,Gamma,0.0025,0.45594051152656334,-0.009372345575741292,0.46531285710230463
Direct,0,Delta,0.005,0.8589591860637418,0.9523078749804235,-0.09334868891668169
Direct,0,Gamma,0.005,0.05152038491388922,-0.009374686255810616,0.06089507116969983
Direct,0,Delta,0.01,0.8717359001703717,0.9525120157151026,-0.08077611554473085
Direct,0,Gamma,0.01,0.014586286245976687,-0.009384048060720573,0.02397033430669726
Direct,0,Delta,0.02,0.8795377855977313,0.9533291555456804,-0.0737913699479491
Direct,0,Gamma,0.02,0.002892331041594254,-0.009421480644813407,0.01231381168640766
Direct,0,Vega per vol point,0.0025,0.08793242127700296,0.017063382381117265,0.0708690388958857
Direct,0,Vega per vol point,0.005,0.09718386106258414,0.01708216570558463,0.08010169535699951
Direct,0,Vega per vol point,0.01,0.10233442084189281,0.01715752906885548,0.08517689177303733
Bernoulli bridge,0,Delta,0.001,0.7595210800441787,0.9522425621447539,-0.19272148210057516
Bernoulli bridge,0,Gamma,0.001,-0.8754033691261041,-0.009371690172343959,-0.8660316789537601
Bernoulli bridge,0,Delta,0.0025,0.9665062304637964,0.9522568488218823,0.014249381641914027
Bernoulli bridge,0,Gamma,0.0025,-0.4601188890518131,-0.009372345575741292,-0.4507465434760718
Bernoulli bridge,0,Delta,0.005,0.959237928158843,0.9523078749804235,0.0069300531784195485
Bernoulli bridge,0,Gamma,0.005,-0.030034122545938402,-0.009374686255810616,-0.020659436290127786
Bernoulli bridge,0,Delta,0.01,0.9499812287092766,0.9525120157151026,-0.002530787005825985
Bernoulli bridge,0,Gamma,0.01,0.019990415738453393,-0.009384048060720573,0.029374463799173967
Bernoulli bridge,0,Delta,0.02,0.9298032543951789,0.9533291555456804,-0.02352590115050157
Bernoulli bridge,0,Gamma,0.02,-0.011266511275108915,-0.009421480644813407,-0.0018450306302955077
Bernoulli bridge,0,Vega per vol point,0.0025,0.07328010620839365,0.017063382381117265,0.05621672382727638
Bernoulli bridge,0,Vega per vol point,0.005,0.035427020765381734,0.01708216570558463,0.018344855059797105
Bernoulli bridge,0,Vega per vol point,0.01,0.02045752982256399,0.01715752906885548,0.0033000007537085096
Conditional weight,0,Delta,0.001,0.942509736561914,0.9522425621447539,-0.009732825582839943
Conditional weight,0,Gamma,0.001,-0.02381134530766715,-0.009371690172343959,-0.014439655135323191
Conditional weight,0,Delta,0.0025,0.9429462074844537,0.9522568488218823,-0.009310641337428649
Conditional weight,0,Gamma,0.0025,-0.015837394348096723,-0.009372345575741292,-0.006465048772355431
Conditional weight,0,Delta,0.005,0.9427115504735504,0.9523078749804235,-0.009596324506873088
Conditional weight,0,Gamma,0.005,-0.006816472381103722,-0.009374686255810616,0.002558213874706894
Conditional weight,0,Delta,0.01,0.9403868061137244,0.9525120157151026,-0.012125209601378195
Conditional weight,0,Gamma,0.01,-0.005690058337338044,-0.009384048060720573,0.003693989723382529
Conditional weight,0,Delta,0.02,0.9416541822725535,0.9533291555456804,-0.011674973273126943
Conditional weight,0,Gamma,0.02,-0.009089830038313762,-0.009421480644813407,0.00033165060649964495
Conditional weight,0,Vega per vol point,0.0025,0.023196763974922874,0.017063382381117265,0.006133381593805609
Conditional weight,0,Vega per vol point,0.005,0.023102778272638957,0.01708216570558463,0.006020612567054329
Conditional weight,0,Vega per vol point,0.01,0.02287436615199967,0.01715752906885548,0.005716837083144188
Direct,1,Delta,0.001,0.845379664888819,0.9522425621447539,-0.1068628972559349
Direct,1,Gamma,0.001,-0.7576707438225582,-0.009371690172343959,-0.7482990536502142
Direct,1,Delta,0.0025,0.8692474302416304,0.9522568488218823,-0.0830094185802519
Direct,1,Gamma,0.0025,-0.1641153743601791,-0.009372345575741292,-0.1547430287844378
Direct,1,Delta,0.005,0.8878601747965735,0.9523078749804235,-0.06444770018384993
Direct,1,Gamma,0.005,-0.1538251982810337,-0.009374686255810616,-0.14445051202522308
Direct,1,Delta,0.01,0.8655608524392995,0.9525120157151026,-0.0869511632758031
Direct,1,Gamma,0.01,-0.021232487109037912,-0.009384048060720573,-0.011848439048317339
Direct,1,Delta,0.02,0.8794077820670245,0.9533291555456804,-0.0739213734786559
Direct,1,Gamma,0.02,0.0015670080400322917,-0.009421480644813407,0.010988488684845699
Direct,1,Vega per vol point,0.0025,0.11353117215524655,0.017063382381117265,0.09646778977412929
Direct,1,Vega per vol point,0.005,0.10408566100964745,0.01708216570558463,0.08700349530406282
Direct,1,Vega per vol point,0.01,0.09933765807785555,0.01715752906885548,0.08218012900900007
Bernoulli bridge,1,Delta,0.001,0.9351801879602251,0.9522425621447539,-0.017062374184528828
Bernoulli bridge,1,Gamma,0.001,-0.2457217923534038,-0.009371690172343959,-0.23635010218105984
Bernoulli bridge,1,Delta,0.0025,0.9280187054574576,0.9522568488218823,-0.024238143364424758
Bernoulli bridge,1,Gamma,0.0025,0.17936536551266613,-0.009372345575741292,0.18873771108840742
Bernoulli bridge,1,Delta,0.005,0.9450612369700551,0.9523078749804235,-0.0072466380103684
Bernoulli bridge,1,Gamma,0.005,-0.008459894966364345,-0.009374686255810616,0.0009147912894462706
Bernoulli bridge,1,Delta,0.01,0.9291885467933305,0.9525120157151026,-0.02332346892177206
Bernoulli bridge,1,Gamma,0.01,0.04528073572647884,-0.009384048060720573,0.05466478378719941
Bernoulli bridge,1,Delta,0.02,0.9697919050630699,0.9533291555456804,0.016462749517389463
Bernoulli bridge,1,Gamma,0.02,-0.016775483498796318,-0.009421480644813407,-0.0073540028539829105
Bernoulli bridge,1,Vega per vol point,0.0025,0.01012028735516246,0.017063382381117265,-0.006943095025954804
Bernoulli bridge,1,Vega per vol point,0.005,0.013569107086700782,0.01708216570558463,-0.0035130586188838464
Bernoulli bridge,1,Vega per vol point,0.01,0.03149233465979728,0.01715752906885548,0.014334805590941802
Conditional weight,1,Delta,0.001,0.943342890343768,0.9522425621447539,-0.008899671800985942
Conditional weight,1,Gamma,0.001,-0.017647677266374725,-0.009371690172343959,-0.008275987094030766
Conditional weight,1,Delta,0.0025,0.9430098377755503,0.9522568488218823,-0.009247011046332076
Conditional weight,1,Gamma,0.0025,-0.014058704437857727,-0.009372345575741292,-0.004686358862116435
Conditional weight,1,Delta,0.005,0.942853623407105,0.9523078749804235,-0.009454251573318473
Conditional weight,1,Gamma,0.005,-0.011166274368328288,-0.009374686255810616,-0.0017915881125176725
Conditional weight,1,Delta,0.01,0.9428862599124728,0.9525120157151026,-0.00962575580262981
Conditional weight,1,Gamma,0.01,-0.01424876000553299,-0.009384048060720573,-0.0048647119448124165
Conditional weight,1,Delta,0.02,0.9507699372649947,0.9533291555456804,-0.0025592182806857267
Conditional weight,1,Gamma,0.02,-0.01586411592019088,-0.009421480644813407,-0.006442635275377473
Conditional weight,1,Vega per vol point,0.0025,0.02120396535530844,0.017063382381117265,0.004140582974191176
Conditional weight,1,Vega per vol point,0.005,0.021239817749485468,0.01708216570558463,0.004157652043900839
Conditional weight,1,Vega per vol point,0.01,0.02123117280411302,0.01715752906885548,0.004073643735257537
Direct,2,Delta,0.001,0.881518769851164,0.9522425621447539,-0.07072379229358994
Direct,2,Gamma,0.001,-1.14490345404441,-0.009371690172343959,-1.1355317638720661
Direct,2,Delta,0.0025,0.8700819481717517,0.9522568488218823,-0.08217490065013067
Direct,2,Gamma,0.0025,-0.35968533955553994,-0.009372345575741292,-0.35031299397979865
Direct,2,Delta,0.005,0.8770794329699898,0.9523078749804235,-0.07522844201043366
Direct,2,Gamma,0.005,-0.11226699543052732,-0.009374686255810616,-0.1028923091747167
Direct,2,Delta,0.01,0.8680623599648025,0.9525120157151026,-0.08444965575030006
Direct,2,Gamma,0.01,-0.03264216903905126,-0.009384048060720573,-0.023258120978330687
Direct,2,Delta,0.02,0.8710722538538465,0.9533291555456804,-0.08225690169183397
Direct,2,Gamma,0.02,-0.007787729461868009,-0.009421480644813407,0.0016337511829453977
Direct,2,Vega per vol point,0.0025,0.09768200537552829,0.017063382381117265,0.08061862299441103
Direct,2,Vega per vol point,0.005,0.09686218850871686,0.01708216570558463,0.07978002280313223
Direct,2,Vega per vol point,0.01,0.09046610630989083,0.01715752906885548,0.07330857724103534
Bernoulli bridge,2,Delta,0.001,1.0025589685695824,0.9522425621447539,0.050316406424828486
Bernoulli bridge,2,Gamma,0.001,-1.473533009245642,-0.009371690172343959,-1.464161319073298
Bernoulli bridge,2,Delta,0.0025,1.0328751311356381,0.9522568488218823,0.08061828231375578
Bernoulli bridge,2,Gamma,0.0025,-0.20165891504068156,-0.009372345575741292,-0.19228656946494027
Bernoulli bridge,2,Delta,0.005,0.9734584743831238,0.9523078749804235,0.021150599402700365
Bernoulli bridge,2,Gamma,0.005,-0.06926235133389014,-0.009374686255810616,-0.05988766507807952
Bernoulli bridge,2,Delta,0.01,0.957427204965281,0.9525120157151026,0.00491518925017842
Bernoulli bridge,2,Gamma,0.01,-0.03866189705889722,-0.009384048060720573,-0.029277848998176648
Bernoulli bridge,2,Delta,0.02,0.94254591189691,0.9533291555456804,-0.01078324364877048
Bernoulli bridge,2,Gamma,0.02,-0.019177785888795817,-0.009421480644813407,-0.00975630524398241
Bernoulli bridge,2,Vega per vol point,0.0025,0.007156259403213738,0.017063382381117265,-0.009907122977903526
Bernoulli bridge,2,Vega per vol point,0.005,-0.006088479975483452,0.01708216570558463,-0.02317064568106808
Bernoulli bridge,2,Vega per vol point,0.01,0.005766047584535361,0.01715752906885548,-0.01139148148432012
Conditional weight,2,Delta,0.001,0.9325406866807207,0.9522425621447539,-0.019701875464033236
Conditional weight,2,Gamma,0.001,-0.0032259756768127086,-0.009371690172343959,0.00614571449553125
Conditional weight,2,Delta,0.0025,0.9334406221138654,0.9522568488218823,-0.01881622670801697
Conditional weight,2,Gamma,0.0025,-0.0030229346957213465,-0.009372345575741292,0.006349410880019946
Conditional weight,2,Delta,0.005,0.9367905745982785,0.9523078749804235,-0.015517300382144938
Conditional weight,2,Gamma,0.005,-0.00599121812029324,-0.009374686255810616,0.0033834681355173757
Conditional weight,2,Delta,0.01,0.9444272686629709,0.9525120157151026,-0.008084747052131691
Conditional weight,2,Gamma,0.01,-0.013070743403749585,-0.009384048060720573,-0.0036866953430290117
Conditional weight,2,Delta,0.02,0.9498923121003013,0.9533291555456804,-0.0034368434453790897
Conditional weight,2,Gamma,0.02,-0.015834859223044617,-0.009421480644813407,-0.00641337857823121
Conditional weight,2,Vega per vol point,0.0025,0.023697357059418778,0.017063382381117265,0.006633974678301513
Conditional weight,2,Vega per vol point,0.005,0.023646321603964182,0.01708216570558463,0.006564155898379553
Conditional weight,2,Vega per vol point,0.01,0.023442548902868232,0.01715752906885548,0.0062850198340127506
Direct,3,Delta,0.001,0.7960865588582156,0.9522425621447539,-0.15615600328653834
Direct,3,Gamma,0.001,0.9399519341101834,-0.009371690172343959,0.9493236242825274
Direct,3,Delta,0.0025,0.8886014345792326,0.9522568488218823,-0.06365541424264975
Direct,3,Gamma,0.0025,0.442347357626403,-0.009372345575741292,0.4517197032021443
Direct,3,Delta,0.005,0.907995745595664,0.9523078749804235,-0.04431212938475948
Direct,3,Gamma,0.005,0.22500651367446167,-0.009374686255810616,0.2343811999302723
Direct,3,Delta,0.01,0.8925820485117213,0.9525120157151026,-0.059929967203381285
Direct,3,Gamma,0.01,0.07282399540182194,-0.009384048060720573,0.08220804346254251
Direct,3,Delta,0.02,0.8967698884612565,0.9533291555456804,-0.056559267084423936
Direct,3,Gamma,0.02,0.02461958550764054,-0.009421480644813407,0.03404106615245395
Direct,3,Vega per vol point,0.0025,0.12152475094466553,0.017063382381117265,0.10446136856354826
Direct,3,Vega per vol point,0.005,0.09225438763932114,0.01708216570558463,0.07517222193373652
Direct,3,Vega per vol point,0.01,0.0855999261953726,0.01715752906885548,0.06844239712651712
Bernoulli bridge,3,Delta,0.001,0.8797224843754581,0.9522425621447539,-0.07252007776929581
Bernoulli bridge,3,Gamma,0.001,-1.634241156365057,-0.009371690172343959,-1.624869466192713
Bernoulli bridge,3,Delta,0.0025,0.8820262087908546,0.9522568488218823,-0.07023064003102775
Bernoulli bridge,3,Gamma,0.0025,-0.5748367953721072,-0.009372345575741292,-0.5654644497963659
Bernoulli bridge,3,Delta,0.005,0.9269288666144444,0.9523078749804235,-0.02537900836597906
Bernoulli bridge,3,Gamma,0.005,-0.08348263748278129,-0.009374686255810616,-0.07410795122697067
Bernoulli bridge,3,Delta,0.01,0.9579098221138609,0.9525120157151026,0.005397806398758309
Bernoulli bridge,3,Gamma,0.01,-0.05952216894554763,-0.009384048060720573,-0.05013812088482705
Bernoulli bridge,3,Delta,0.02,0.9496041229544744,0.9533291555456804,-0.0037250325912060456
Bernoulli bridge,3,Gamma,0.02,-0.009219904880663488,-0.009421480644813407,0.0002015757641499194
Bernoulli bridge,3,Vega per vol point,0.0025,0.030281300063938588,0.017063382381117265,0.013217917682821323
Bernoulli bridge,3,Vega per vol point,0.005,0.027203481938558483,0.01708216570558463,0.010121316232973854
Bernoulli bridge,3,Vega per vol point,0.01,0.040911337137009784,0.01715752906885548,0.023753808068154303
Conditional weight,3,Delta,0.001,0.934799216893829,0.9522425621447539,-0.017443345250924835
Conditional weight,3,Gamma,0.001,-0.01632974904310913,-0.009371690172343959,-0.00695805887076517
Conditional weight,3,Delta,0.0025,0.9348579840800308,0.9522568488218823,-0.017398864741851483
Conditional weight,3,Gamma,0.0025,-0.011080916226731574,-0.009372345575741292,-0.001708570650990282
Conditional weight,3,Delta,0.005,0.935592394071584,0.9523078749804235,-0.016715480908839453
Conditional weight,3,Gamma,0.005,-0.007010405454749957,-0.009374686255810616,0.0023642808010606586
Conditional weight,3,Delta,0.01,0.9404559457804942,0.9525120157151026,-0.012056069934608393
Conditional weight,3,Gamma,0.01,0.0019522953102959484,-0.009384048060720573,0.011336343371016522
Conditional weight,3,Delta,0.02,0.9554730376734195,0.9533291555456804,0.002143882127739083
Conditional weight,3,Gamma,0.02,-0.0003513774984242879,-0.009421480644813407,0.009070103146389119
Conditional weight,3,Vega per vol point,0.0025,0.024531469356272595,0.017063382381117265,0.00746808697515533
Conditional weight,3,Vega per vol point,0.005,0.02451913887096069,0.01708216570558463,0.00743697316537606
Conditional weight,3,Vega per vol point,0.01,0.0245713619417538,0.01715752906885548,0.007413832872898318
Direct,4,Delta,0.001,0.8760983970004688,0.9522425621447539,-0.07614416514428513
Direct,4,Gamma,0.001,0.8186646453646417,-0.009371690172343959,0.8280363355369856
Direct,4,Delta,0.0025,0.8906965681108563,0.9522568488218823,-0.06156028071102604
Direct,4,Gamma,0.0025,-0.08950852477165938,-0.009372345575741292,-0.08013617919591809
Direct,4,Delta,0.005,0.9052203397266263,0.9523078749804235,-0.047087535253797164
Direct,4,Gamma,0.005,0.006402969307078621,-0.009374686255810616,0.015777655562889237
Direct,4,Delta,0.01,0.8673641109729733,0.9525120157151026,-0.0851479047421293
Direct,4,Gamma,0.01,0.049828476543186895,-0.009384048060720573,0.05921252460390747
Direct,4,Delta,0.02,0.8598626510229725,0.9533291555456804,-0.09346650452270788
Direct,4,Gamma,0.02,0.023674636172284824,-0.009421480644813407,0.03309611681709823
Direct,4,Vega per vol point,0.0025,0.09817151373803945,0.017063382381117265,0.08110813135692219
Direct,4,Vega per vol point,0.005,0.10274404502283208,0.01708216570558463,0.08566187931724745
Direct,4,Vega per vol point,0.01,0.07746884290601264,0.01715752906885548,0.060311313837157154
Bernoulli bridge,4,Delta,0.001,0.8925258985309936,0.9522425621447539,-0.05971666361376027
Bernoulli bridge,4,Gamma,0.001,-0.1887251071527096,-0.009371690172343959,-0.17935341698036564
Bernoulli bridge,4,Delta,0.0025,0.9119572216345819,0.9522568488218823,-0.0402996271873004
Bernoulli bridge,4,Gamma,0.0025,0.05481803926984696,-0.009372345575741292,0.06419038484558826
Bernoulli bridge,4,Delta,0.005,0.8907265280460468,0.9523078749804235,-0.06158134693437667
Bernoulli bridge,4,Gamma,0.005,-0.09313507290880096,-0.009374686255810616,-0.08376038665299035
Bernoulli bridge,4,Delta,0.01,0.9405346902232723,0.9525120157151026,-0.011977325491830282
Bernoulli bridge,4,Gamma,0.01,-0.028331692531108565,-0.009384048060720573,-0.018947644470387992
Bernoulli bridge,4,Delta,0.02,0.9272741664413642,0.9533291555456804,-0.02605498910431625
Bernoulli bridge,4,Gamma,0.02,-0.02568777496359753,-0.009421480644813407,-0.016266294318784125
Bernoulli bridge,4,Vega per vol point,0.0025,0.04678974022058391,0.017063382381117265,0.029726357839466644
Bernoulli bridge,4,Vega per vol point,0.005,0.030751988958809484,0.01708216570558463,0.013669823253224855
Bernoulli bridge,4,Vega per vol point,0.01,0.031110948894630397,0.01715752906885548,0.013953419825774915
Conditional weight,4,Delta,0.001,0.9033578517335172,0.9522425621447539,-0.048884710411236654
Conditional weight,4,Gamma,0.001,-0.03939010529681041,-0.009371690172343959,-0.03001841512446645
Conditional weight,4,Delta,0.0025,0.9041007059674442,0.9522568488218823,-0.048156142854438144
Conditional weight,4,Gamma,0.0025,-0.036835298966423125,-0.009372345575741292,-0.027462953390681832
Conditional weight,4,Delta,0.005,0.9073309849584748,0.9523078749804235,-0.04497689002194871
Conditional weight,4,Gamma,0.005,-0.03392403439566394,-0.009374686255810616,-0.024549348139853322
Conditional weight,4,Delta,0.01,0.9169154597739975,0.9525120157151026,-0.03559655594110511
Conditional weight,4,Gamma,0.01,-0.023272202094374528,-0.009384048060720573,-0.013888154033653954
Conditional weight,4,Delta,0.02,0.9359057082355645,0.9533291555456804,-0.017423447310115914
Conditional weight,4,Gamma,0.02,-0.016214169754486307,-0.009421480644813407,-0.0067926891096729
Conditional weight,4,Vega per vol point,0.0025,0.0345235538591222,0.017063382381117265,0.017460171478004938
Conditional weight,4,Vega per vol point,0.005,0.034465182384950666,0.01708216570558463,0.017383016679366037
Conditional weight,4,Vega per vol point,0.01,0.03427731489144881,0.01715752906885548,0.017119785822593325
Direct,5,Delta,0.001,0.87566279401325,0.9522425621447539,-0.07657976813150391
Direct,5,Gamma,0.001,2.0926413715571353,-0.009371690172343959,2.102013061729479
Direct,5,Delta,0.0025,0.9291880822056306,0.9522568488218823,-0.02306876661625168
Direct,5,Gamma,0.0025,0.7638386521846314,-0.009372345575741292,0.7732109977603727
Direct,5,Delta,0.005,0.9023558625716692,0.9523078749804235,-0.04995201240875424
Direct,5,Gamma,0.005,0.21202003012796666,-0.009374686255810616,0.22139471638377728
Direct,5,Delta,0.01,0.9043807507240773,0.9525120157151026,-0.04813126499102527
Direct,5,Gamma,0.01,-0.019303201586847507,-0.009384048060720573,-0.009919153526126934
Direct,5,Delta,0.02,0.8832087495531473,0.9533291555456804,-0.07012040599253311
Direct,5,Gamma,0.02,-0.011083710359588661,-0.009421480644813407,-0.001662229714775254
Direct,5,Vega per vol point,0.0025,0.13433573177738722,0.017063382381117265,0.11727234939626996
Direct,5,Vega per vol point,0.005,0.09485621409573763,0.01708216570558463,0.077774048390153
Direct,5,Vega per vol point,0.01,0.08504426638844276,0.01715752906885548,0.06788673731958728
Bernoulli bridge,5,Delta,0.001,0.9179512905959353,0.9522425621447539,-0.034291271548818614
Bernoulli bridge,5,Gamma,0.001,-0.056868741533300224,-0.009371690172343959,-0.04749705136095626
Bernoulli bridge,5,Delta,0.0025,0.9785129944468665,0.9522568488218823,0.02625614562498413
Bernoulli bridge,5,Gamma,0.0025,-0.1133932537906901,-0.009372345575741292,-0.1040209082149488
Bernoulli bridge,5,Delta,0.005,0.999609450903324,0.9523078749804235,0.04730157592290052
Bernoulli bridge,5,Gamma,0.005,-0.08546932981812105,-0.009374686255810616,-0.07609464356231044
Bernoulli bridge,5,Delta,0.01,0.9589329645495404,0.9525120157151026,0.0064209488344377785
Bernoulli bridge,5,Gamma,0.01,0.002591540074292187,-0.009384048060720573,0.01197558813501276
Bernoulli bridge,5,Delta,0.02,0.9690272494256909,0.9533291555456804,0.015698093880010422
Bernoulli bridge,5,Gamma,0.02,0.004991739808999807,-0.009421480644813407,0.014413220453813214
Bernoulli bridge,5,Vega per vol point,0.0025,0.04038469617869822,0.017063382381117265,0.023321313797580956
Bernoulli bridge,5,Vega per vol point,0.005,0.028839480405708606,0.01708216570558463,0.011757314700123978
Bernoulli bridge,5,Vega per vol point,0.01,0.011565888164149829,0.01715752906885548,-0.0055916409047056526
Conditional weight,5,Delta,0.001,0.972570924192615,0.9522425621447539,0.020328362047861148
Conditional weight,5,Gamma,0.001,0.005017883712277182,-0.009371690172343959,0.01438957388462114
Conditional weight,5,Delta,0.0025,0.9724407955867438,0.9522568488218823,0.02018394676486146
Conditional weight,5,Gamma,0.0025,0.006437509497615679,-0.009372345575741292,0.01580985507335697
Conditional weight,5,Delta,0.005,0.9724442979351906,0.9523078749804235,0.02013642295476714
Conditional weight,5,Gamma,0.005,0.011716843550217959,-0.009374686255810616,0.021091529806028575
Conditional weight,5,Delta,0.01,0.97056005096601,0.9525120157151026,0.01804803525090737
Conditional weight,5,Gamma,0.01,0.010763485401875883,-0.009384048060720573,0.020147533462596456
Conditional weight,5,Delta,0.02,0.9698466706158221,0.9533291555456804,0.016517515070141653
Conditional weight,5,Gamma,0.02,-0.0040854028717688395,-0.009421480644813407,0.005336077773044567
Conditional weight,5,Vega per vol point,0.0025,0.010178269143283458,0.017063382381117265,-0.0068851132378338065
Conditional weight,5,Vega per vol point,0.005,0.010286711512316415,0.01708216570558463,-0.006795454193268213
Conditional weight,5,Vega per vol point,0.01,0.010310331935646566,0.01715752906885548,-0.006847197133208915
Direct,6,Delta,0.001,0.9346318758346683,0.9522425621447539,-0.017610686310085555
Direct,6,Gamma,0.001,0.19754061072703163,-0.009371690172343959,0.2069123008993756
Direct,6,Delta,0.0025,0.9620721523299771,0.9522568488218823,0.009815303508094786
Direct,6,Gamma,0.0025,-0.07280096503555455,-0.009372345575741292,-0.06342861945981326
Direct,6,Delta,0.005,0.889859684006276,0.9523078749804235,-0.062448190974147444
Direct,6,Gamma,0.005,-0.05185856473578454,-0.009374686255810616,-0.042483878479973924
Direct,6,Delta,0.01,0.896287152277865,0.9525120157151026,-0.05622486343723754
Direct,6,Gamma,0.01,-0.022061630126438914,-0.009384048060720573,-0.01267758206571834
Direct,6,Delta,0.02,0.88528960381364,0.9533291555456804,-0.06803955173204046
Direct,6,Gamma,0.02,-0.009301390178586777,-0.009421480644813407,0.00012009046622663
Direct,6,Vega per vol point,0.0025,0.07003821642138774,0.017063382381117265,0.05297483404027048
Direct,6,Vega per vol point,0.005,0.07048125537884964,0.01708216570558463,0.05339908967326501
Direct,6,Vega per vol point,0.01,0.07635849243962056,0.01715752906885548,0.05920096337076508
Bernoulli bridge,6,Delta,0.001,0.9998039020491056,0.9522425621447539,0.04756133990435174
Bernoulli bridge,6,Gamma,0.001,-1.338595629303718,-0.009371690172343959,-1.329223939131374
Bernoulli bridge,6,Delta,0.0025,0.9742273700787649,0.9522568488218823,0.02197052125688259
Bernoulli bridge,6,Gamma,0.0025,-0.5281757539436569,-0.009372345575741292,-0.5188034083679156
Bernoulli bridge,6,Delta,0.005,0.9295243934689781,0.9523078749804235,-0.02278348151144538
Bernoulli bridge,6,Gamma,0.005,-0.180783451474813,-0.009374686255810616,-0.1714087652190024
Bernoulli bridge,6,Delta,0.01,0.9526879293623152,0.9525120157151026,0.00017591364721258884
Bernoulli bridge,6,Gamma,0.01,-0.08137611272152867,-0.009384048060720573,-0.0719920646608081
Bernoulli bridge,6,Delta,0.02,0.9461049354949882,0.9533291555456804,-0.007224220050692232
Bernoulli bridge,6,Gamma,0.02,-0.018751736086866533,-0.009421480644813407,-0.009330255442053126
Bernoulli bridge,6,Vega per vol point,0.0025,-0.005459470835944558,0.017063382381117265,-0.022522853217061822
Bernoulli bridge,6,Vega per vol point,0.005,-0.0013349916031941689,0.01708216570558463,-0.018417157308778798
Bernoulli bridge,6,Vega per vol point,0.01,0.018887235391849444,0.01715752906885548,0.0017297063229939624
Conditional weight,6,Delta,0.001,0.9522177255962738,0.9522425621447539,-2.4836548480067222e-05
Conditional weight,6,Gamma,0.001,0.021230263473626106,-0.009371690172343959,0.030601953645970063
Conditional weight,6,Delta,0.0025,0.9534682733437503,0.9522568488218823,0.0012114245218679542
Conditional weight,6,Gamma,0.0025,0.028903408644637807,-0.009372345575741292,0.0382757542203791
Conditional weight,6,Delta,0.005,0.9554582848909332,0.9523078749804235,0.003150409910509744
Conditional weight,6,Gamma,0.005,0.02595031767203082,-0.009374686255810616,0.035325003927841436
Conditional weight,6,Delta,0.01,0.9551196077033337,0.9525120157151026,0.0026075919882311283
Conditional weight,6,Gamma,0.01,0.02163465731475256,-0.009384048060720573,0.031018705375473132
Conditional weight,6,Delta,0.02,0.9537579821117083,0.9533291555456804,0.000428826566027829
Conditional weight,6,Gamma,0.02,0.0030331664430632843,-0.009421480644813407,0.012454647087876691
Conditional weight,6,Vega per vol point,0.0025,0.015118727528347975,0.017063382381117265,-0.0019446548527692897
Conditional weight,6,Vega per vol point,0.005,0.015008979941371514,0.01708216570558463,-0.0020731857642131146
Conditional weight,6,Vega per vol point,0.01,0.01473875005425107,0.01715752906885548,-0.002418779014604411
Direct,7,Delta,0.001,0.8432885064144768,0.9522425621447539,-0.10895405573027706
Direct,7,Gamma,0.001,0.13674461759221043,-0.009371690172343959,0.1461163077645544
Direct,7,Delta,0.0025,0.9229424568624065,0.9522568488218823,-0.029314391959475827
Direct,7,Gamma,0.0025,0.049942722809717566,-0.009372345575741292,0.05931506838545886
Direct,7,Delta,0.005,0.8823942173933794,0.9523078749804235,-0.06991365758704404
Direct,7,Gamma,0.005,-0.061910574028999577,-0.009374686255810616,-0.05253588777318896
Direct,7,Delta,0.01,0.8980608849177183,0.9525120157151026,-0.054451130797384284
Direct,7,Gamma,0.01,-0.07413239333660204,-0.009384048060720573,-0.06474834527588147
Direct,7,Delta,0.02,0.8887460418583162,0.9533291555456804,-0.06458311368736425
Direct,7,Gamma,0.02,-0.021307082326962767,-0.009421480644813407,-0.01188560168214936
Direct,7,Vega per vol point,0.0025,0.11047083826791315,0.017063382381117265,0.09340745588679589
Direct,7,Vega per vol point,0.005,0.09117326201667186,0.01708216570558463,0.07409109631108723
Direct,7,Vega per vol point,0.01,0.08744329967442832,0.01715752906885548,0.07028577060557284
Bernoulli bridge,7,Delta,0.001,0.9795516894231371,0.9522425621447539,0.027309127278383194
Bernoulli bridge,7,Gamma,0.001,3.980850682189451,-0.009371690172343959,3.990222372361795
Bernoulli bridge,7,Delta,0.0025,0.9060377430365225,0.9522568488218823,-0.046219105785359815
Bernoulli bridge,7,Gamma,0.0025,0.9177171720201756,-0.009372345575741292,0.9270895175959168
Bernoulli bridge,7,Delta,0.005,0.9245451742686166,0.9523078749804235,-0.027762700711806865
Bernoulli bridge,7,Gamma,0.005,0.28853019987466766,-0.009374686255810616,0.2979048861304783
Bernoulli bridge,7,Delta,0.01,0.9586624656682605,0.9525120157151026,0.006150449953157944
Bernoulli bridge,7,Gamma,0.01,0.09207563966734655,-0.009384048060720573,0.10145968772806713
Bernoulli bridge,7,Delta,0.02,0.9479579467282847,0.9533291555456804,-0.005371208817395723
Bernoulli bridge,7,Gamma,0.02,0.031335493693538496,-0.009421480644813407,0.0407569743383519
Bernoulli bridge,7,Vega per vol point,0.0025,0.015008234458964154,0.017063382381117265,-0.002055147922153111
Bernoulli bridge,7,Vega per vol point,0.005,0.04127164570687558,0.01708216570558463,0.024189480001290953
Bernoulli bridge,7,Vega per vol point,0.01,0.019994056600169063,0.01715752906885548,0.002836527531313582
Conditional weight,7,Delta,0.001,0.9670835489294882,0.9522425621447539,0.014840986784734334
Conditional weight,7,Gamma,0.001,0.026969036039492515,-0.009371690172343959,0.036340726211836476
Conditional weight,7,Delta,0.0025,0.9657177314470324,0.9522568488218823,0.013460882625150106
Conditional weight,7,Gamma,0.0025,0.03273162314977185,-0.009372345575741292,0.04210396872551314
Conditional weight,7,Delta,0.005,0.9632904535148095,0.9523078749804235,0.010982578534386
Conditional weight,7,Gamma,0.005,0.03344597485487455,-0.009374686255810616,0.042820661110685165
Conditional weight,7,Delta,0.01,0.9559129788254841,0.9525120157151026,0.0034009631103815163
Conditional weight,7,Gamma,0.01,0.026749025601815024,-0.009384048060720573,0.0361330736625356
Conditional weight,7,Delta,0.02,0.9483106000494876,0.9533291555456804,-0.005018555496192789
Conditional weight,7,Gamma,0.02,0.009799234238069499,-0.009421480644813407,0.019220714882882906
Conditional weight,7,Vega per vol point,0.0025,0.008547948079831613,0.017063382381117265,-0.008515434301285651
Conditional weight,7,Vega per vol point,0.005,0.008741857652115215,0.01708216570558463,-0.008340308053469414
Conditional weight,7,Vega per vol point,0.01,0.009203476130492216,0.01715752906885548,-0.007954052938363265
