sampling,method,monitoring_steps,sample_size,estimate,runtime_seconds,replication,seed,error_vs_analytic
MC,Direct,12,1024,6.735012000889244,0.002427999977953732,0,20272804,1.8186024061571242
MC,Bernoulli bridge,12,1024,4.706862097251539,0.002427999977953732,0,20272804,-0.20954749748058
MC,Conditional weight,12,1024,4.915427269949653,0.002427999977953732,0,20272804,-0.0009823247824662928
MC,Direct,12,4096,6.819251838344764,0.00919619994238019,0,20272804,1.9028422436126444
MC,Bernoulli bridge,12,4096,4.959640190758588,0.00919619994238019,0,20272804,0.043230596026468504
MC,Conditional weight,12,4096,4.9661685432191724,0.00919619994238019,0,20272804,0.04975894848705309
MC,Direct,12,16384,6.69512062558938,0.03498829994350672,0,20272804,1.7787110308572602
MC,Bernoulli bridge,12,16384,4.934337880775443,0.03498829994350672,0,20272804,0.017928286043323638
MC,Conditional weight,12,16384,4.925304881169383,0.03498829994350672,0,20272804,0.008895286437264005
MC,Direct,12,65536,6.6434486379959035,0.14614349999465048,0,20272804,1.727039043263784
MC,Bernoulli bridge,12,65536,4.8918037913849135,0.14614349999465048,0,20272804,-0.024605803347205857
MC,Conditional weight,12,65536,4.908442695024405,0.14614349999465048,0,20272804,-0.007966899707714248
MC,Direct,12,1024,7.07144682995483,0.0021832999773323536,1,20272805,2.1550372352227107
MC,Bernoulli bridge,12,1024,5.363147405958863,0.0021832999773323536,1,20272805,0.4467378112267433
MC,Conditional weight,12,1024,5.2127752349598735,0.0021832999773323536,1,20272805,0.29636564022775413
MC,Direct,12,4096,6.874562844740582,0.008938500075601041,1,20272805,1.958153250008463
MC,Bernoulli bridge,12,4096,5.15189714803053,0.008938500075601041,1,20272805,0.23548755329841065
MC,Conditional weight,12,4096,5.091343943327973,0.008938500075601041,1,20272805,0.17493434859585388
MC,Direct,12,16384,6.778082328961301,0.034805400064215064,1,20272805,1.861672734229182
MC,Bernoulli bridge,12,16384,5.096020314566875,0.034805400064215064,1,20272805,0.17961071983475563
MC,Conditional weight,12,16384,5.0596430823992335,0.034805400064215064,1,20272805,0.1432334876671142
MC,Direct,12,65536,6.647994489767829,0.13715860003139824,1,20272805,1.7315848950357093
MC,Bernoulli bridge,12,65536,4.97793856639719,0.13715860003139824,1,20272805,0.06152897166507021
MC,Conditional weight,12,65536,4.963489878820358,0.13715860003139824,1,20272805,0.0470802840882385
MC,Direct,12,1024,6.207527351302399,0.002849100041203201,2,20272806,1.29111775657028
MC,Bernoulli bridge,12,1024,4.520270976808941,0.002849100041203201,2,20272806,-0.39613861792317806
MC,Conditional weight,12,1024,4.638255158316573,0.002849100041203201,2,20272806,-0.27815443641554616
MC,Direct,12,4096,6.5687123775931955,0.009626799961552024,2,20272806,1.6523027828610761
MC,Bernoulli bridge,12,4096,4.991464172302857,0.009626799961552024,2,20272806,0.07505457757073764
MC,Conditional weight,12,4096,5.0094937139749005,0.009626799961552024,2,20272806,0.09308411924278115
MC,Direct,12,16384,6.59001783264115,0.035334100015461445,2,20272806,1.673608237909031
MC,Bernoulli bridge,12,16384,4.918503913882687,0.035334100015461445,2,20272806,0.0020943191505677916
MC,Conditional weight,12,16384,4.927890655303571,0.035334100015461445,2,20272806,0.011481060571451707
MC,Direct,12,65536,6.617720456561809,0.14157460001297295,2,20272806,1.7013108618296897
MC,Bernoulli bridge,12,65536,4.918057437847151,0.14157460001297295,2,20272806,0.0016478431150313
MC,Conditional weight,12,65536,4.932090344790955,0.14157460001297295,2,20272806,0.015680750058836068
MC,Direct,12,1024,6.589735584296627,0.0019321999279782176,3,20272807,1.6733259895645078
MC,Bernoulli bridge,12,1024,4.680974135017896,0.0019321999279782176,3,20272807,-0.23543545971422297
MC,Conditional weight,12,1024,4.764200973062971,0.0019321999279782176,3,20272807,-0.15220862166914806
MC,Direct,12,4096,6.680708280593453,0.009038200019858778,3,20272807,1.7642986858613332
MC,Bernoulli bridge,12,4096,4.909576764736179,0.009038200019858778,3,20272807,-0.0068328299959405925
MC,Conditional weight,12,4096,4.905151845249854,0.009038200019858778,3,20272807,-0.011257749482265211
MC,Direct,12,16384,6.711187718769907,0.03443280002102256,3,20272807,1.794778124037788
MC,Bernoulli bridge,12,16384,4.986653032681225,0.03443280002102256,3,20272807,0.07024343794910592
MC,Conditional weight,12,16384,4.973896748683871,0.03443280002102256,3,20272807,0.05748715395175186
MC,Direct,12,65536,6.608865060043878,0.13692239997908473,3,20272807,1.6924554653117587
MC,Bernoulli bridge,12,65536,4.875002946317722,0.13692239997908473,3,20272807,-0.04140664841439712
MC,Conditional weight,12,65536,4.8893171406555425,0.13692239997908473,3,20272807,-0.0270924540765769
MC,Direct,24,1024,6.64969778276056,0.00435890001244843,0,20284804,1.7332881880284408
MC,Bernoulli bridge,24,1024,5.30671524898177,0.00435890001244843,0,20284804,0.3903056542496506
MC,Conditional weight,24,1024,5.168677464549427,0.00435890001244843,0,20284804,0.25226786981730775
MC,Direct,24,4096,6.45063991343963,0.01540269993711263,0,20284804,1.534230318707511
MC,Bernoulli bridge,24,4096,5.100921723547371,0.01540269993711263,0,20284804,0.18451212881525159
MC,Conditional weight,24,4096,5.067389652967702,0.01540269993711263,0,20284804,0.15098005823558225
MC,Direct,24,16384,6.149754337156548,0.07026049995329231,0,20284804,1.2333447424244284
MC,Bernoulli bridge,24,16384,4.821468642632186,0.07026049995329231,0,20284804,-0.09494095209993336
MC,Conditional weight,24,16384,4.833816609308246,0.07026049995329231,0,20284804,-0.08259298542387317
MC,Direct,24,65536,6.175643729731772,0.29352629999630153,0,20284804,1.2592341349996525
MC,Bernoulli bridge,24,65536,4.881995961420752,0.29352629999630153,0,20284804,-0.0344136333113676
MC,Conditional weight,24,65536,4.880592010473035,0.29352629999630153,0,20284804,-0.035817584259084434
MC,Direct,24,1024,6.304045588486137,0.004505799966864288,1,20284805,1.3876359937540172
MC,Bernoulli bridge,24,1024,4.962034483514241,0.004505799966864288,1,20284805,0.045624888782121786
MC,Conditional weight,24,1024,5.090926728390855,0.004505799966864288,1,20284805,0.17451713365873545
MC,Direct,24,4096,6.069381490464647,0.017361899954266846,1,20284805,1.1529718957325272
MC,Bernoulli bridge,24,4096,4.655529380257283,0.017361899954266846,1,20284805,-0.26088021447483634
MC,Conditional weight,24,4096,4.7366720655421135,0.017361899954266846,1,20284805,-0.17973752919000585
MC,Direct,24,16384,6.169513716549376,0.07531979994382709,1,20284805,1.2531041218172563
MC,Bernoulli bridge,24,16384,4.7367952851151784,0.07531979994382709,1,20284805,-0.17961430961694091
MC,Conditional weight,24,16384,4.816404115358894,0.07531979994382709,1,20284805,-0.10000547937322501
MC,Direct,24,65536,6.1527925909735455,0.2812089999206364,1,20284805,1.2363829962414261
MC,Bernoulli bridge,24,65536,4.850659712635281,0.2812089999206364,1,20284805,-0.06574988209683852
MC,Conditional weight,24,65536,4.880191002078881,0.2812089999206364,1,20284805,-0.036218592653238346
MC,Direct,24,1024,6.290045593985037,0.0045943999430164695,2,20284806,1.373635999252918
MC,Bernoulli bridge,24,1024,5.1066746471373605,0.0045943999430164695,2,20284806,0.19026505240524116
MC,Conditional weight,24,1024,5.105210780719073,0.0045943999430164695,2,20284806,0.1888011859869536
MC,Direct,24,4096,5.994958410775785,0.020653199986554682,2,20284806,1.078548816043666
MC,Bernoulli bridge,24,4096,4.779256163121204,0.020653199986554682,2,20284806,-0.13715343161091553
MC,Conditional weight,24,4096,4.805484164893745,0.020653199986554682,2,20284806,-0.11092542983837461
MC,Direct,24,16384,6.124896716398828,0.07709159993100911,2,20284806,1.2084871216667086
MC,Bernoulli bridge,24,16384,4.896317896294056,0.07709159993100911,2,20284806,-0.020091698438063688
MC,Conditional weight,24,16384,4.905210670668805,0.07709159993100911,2,20284806,-0.01119892406331413
MC,Direct,24,65536,6.166652377905293,0.29659049992915243,2,20284806,1.2502427831731735
MC,Bernoulli bridge,24,65536,4.904932270479001,0.29659049992915243,2,20284806,-0.01147732425311876
MC,Conditional weight,24,65536,4.915296818331442,0.29659049992915243,2,20284806,-0.0011127764006770846
MC,Direct,24,1024,6.48898710690491,0.00422570004593581,3,20284807,1.5725775121727903
MC,Bernoulli bridge,24,1024,5.199915087929048,0.00422570004593581,3,20284807,0.2835054931969285
MC,Conditional weight,24,1024,5.163308947164252,0.00422570004593581,3,20284807,0.24689935243213235
MC,Direct,24,4096,6.436217848427122,0.016317600035108626,3,20284807,1.519808253695003
MC,Bernoulli bridge,24,4096,5.186733675318397,0.016317600035108626,3,20284807,0.27032408058627766
MC,Conditional weight,24,4096,5.2098251599147165,0.016317600035108626,3,20284807,0.29341556518259715
MC,Direct,24,16384,6.221728368560781,0.06848740007262677,3,20284807,1.3053187738286613
MC,Bernoulli bridge,24,16384,4.954351721417036,0.06848740007262677,3,20284807,0.03794212668491692
MC,Conditional weight,24,16384,4.959717474734925,0.06848740007262677,3,20284807,0.04330788000280528
MC,Direct,24,65536,6.1402215465747645,0.26979790010955185,3,20284807,1.2238119518426451
MC,Bernoulli bridge,24,65536,4.884528869670461,0.26979790010955185,3,20284807,-0.031880725061657955
MC,Conditional weight,24,65536,4.89762446470771,0.26979790010955185,3,20284807,-0.01878513002440929
MC,Direct,52,1024,5.518986997230854,0.009807200054638088,0,20312804,0.6025774024987349
MC,Bernoulli bridge,52,1024,4.684488854617024,0.009807200054638088,0,20312804,-0.23192074011509511
MC,Conditional weight,52,1024,4.770218673221329,0.009807200054638088,0,20312804,-0.14619092151079016
MC,Direct,52,4096,5.804619004950208,0.035385900060646236,0,20312804,0.8882094102180886
MC,Bernoulli bridge,52,4096,4.889670973600998,0.035385900060646236,0,20312804,-0.026738621131121576
MC,Conditional weight,52,4096,4.920711186208781,0.035385900060646236,0,20312804,0.004301591476661315
MC,Direct,52,16384,5.805611156254943,0.14015840005595237,0,20312804,0.8892015615228237
MC,Bernoulli bridge,52,16384,4.903342117418405,0.14015840005595237,0,20312804,-0.01306747731371427
MC,Conditional weight,52,16384,4.916365048841627,0.14015840005595237,0,20312804,-4.4545890492742046e-05
MC,Direct,52,65536,5.799246027153888,0.5801691999658942,0,20312804,0.8828364324217688
MC,Bernoulli bridge,52,65536,4.894535264152977,0.5801691999658942,0,20312804,-0.02187433057914223
MC,Conditional weight,52,65536,4.890435360736708,0.5801691999658942,0,20312804,-0.02597423399541121
MC,Direct,52,1024,5.800990063258549,0.008048800053074956,1,20312805,0.8845804685264298
MC,Bernoulli bridge,52,1024,4.851336425107757,0.008048800053074956,1,20312805,-0.06507316962436249
MC,Conditional weight,52,1024,4.8738451895275965,0.008048800053074956,1,20312805,-0.04256440520452287
MC,Direct,52,4096,6.114859764045631,0.035565100028179586,1,20312805,1.198450169313512
MC,Bernoulli bridge,52,4096,5.196797146793428,0.035565100028179586,1,20312805,0.28038755206130883
MC,Conditional weight,52,4096,5.212091099406694,0.035565100028179586,1,20312805,0.2956815046745742
MC,Direct,52,16384,5.888173368639555,0.14314920001197606,1,20312805,0.9717637739074361
MC,Bernoulli bridge,52,16384,4.944806345247312,0.14314920001197606,1,20312805,0.02839675051519297
MC,Conditional weight,52,16384,4.932737253718988,0.14314920001197606,1,20312805,0.016327658986869054
MC,Direct,52,65536,5.813767280375226,0.5581637000432238,1,20312805,0.8973576856431063
MC,Bernoulli bridge,52,65536,4.897872697312181,0.5581637000432238,1,20312805,-0.01853689741993847
MC,Conditional weight,52,65536,4.88802236815639,0.5581637000432238,1,20312805,-0.02838722657572923
MC,Direct,52,1024,5.477420968120917,0.008649200084619224,2,20312806,0.5610113733887978
MC,Bernoulli bridge,52,1024,4.659234962517173,0.008649200084619224,2,20312806,-0.2571746322149462
MC,Conditional weight,52,1024,4.552770277179723,0.008649200084619224,2,20312806,-0.363639317552396
MC,Direct,52,4096,5.758734228679219,0.03587270004209131,2,20312806,0.8423246339470998
MC,Bernoulli bridge,52,4096,4.972092204323692,0.03587270004209131,2,20312806,0.055682609591572785
MC,Conditional weight,52,4096,4.923885562429385,0.03587270004209131,2,20312806,0.007475967697265773
MC,Direct,52,16384,5.7458426007550685,0.13971240003593266,2,20312806,0.8294330060229491
MC,Bernoulli bridge,52,16384,4.87815775801149,0.13971240003593266,2,20312806,-0.038251836720629484
MC,Conditional weight,52,16384,4.873143645114398,0.13971240003593266,2,20312806,-0.04326594961772123
MC,Direct,52,65536,5.856754144052161,0.5809709000168368,2,20312806,0.9403445493200415
MC,Bernoulli bridge,52,65536,4.945388354154808,0.5809709000168368,2,20312806,0.028978759422688682
MC,Conditional weight,52,65536,4.940877228368692,0.5809709000168368,2,20312806,0.024467633636573005
MC,Direct,52,1024,5.541592647043865,0.008178099989891052,3,20312807,0.6251830523117459
MC,Bernoulli bridge,52,1024,4.655585014965904,0.008178099989891052,3,20312807,-0.260824579766215
MC,Conditional weight,52,1024,4.654822435959513,0.008178099989891052,3,20312807,-0.2615871587726062
MC,Direct,52,4096,5.6601546928365245,0.03248900000471622,3,20312807,0.7437450981044051
MC,Bernoulli bridge,52,4096,4.8126011012206895,0.03248900000471622,3,20312807,-0.10380849351142984
MC,Conditional weight,52,4096,4.751362350050483,0.03248900000471622,3,20312807,-0.16504724468163623
MC,Direct,52,16384,5.694220609081571,0.1418024000013247,3,20312807,0.7778110143494512
MC,Bernoulli bridge,52,16384,4.779284341125938,0.1418024000013247,3,20312807,-0.13712525360618155
MC,Conditional weight,52,16384,4.794551943918085,0.1418024000013247,3,20312807,-0.1218576508140341
MC,Direct,52,65536,5.775222982300489,0.5682825999101624,3,20312807,0.8588133875683699
MC,Bernoulli bridge,52,65536,4.854519607558461,0.5682825999101624,3,20312807,-0.061889987173658234
MC,Conditional weight,52,65536,4.860757484471712,0.5682825999101624,3,20312807,-0.055652110260407284
MC,Direct,104,1024,4.800562374335973,0.01870080002117902,0,20364804,-0.11584722039614626
MC,Bernoulli bridge,104,1024,4.229118779051858,0.01870080002117902,0,20364804,-0.6872908156802611
MC,Conditional weight,104,1024,4.181246167657102,0.01870080002117902,0,20364804,-0.7351634270750171
MC,Direct,104,4096,5.322947126397073,0.07173620001412928,0,20364804,0.406537531664954
MC,Bernoulli bridge,104,4096,4.72141402112034,0.07173620001412928,0,20364804,-0.194995573611779
MC,Conditional weight,104,4096,4.7207393045064645,0.07173620001412928,0,20364804,-0.19567029022565485
MC,Direct,104,16384,5.628598502396312,0.28620680002495646,0,20364804,0.712188907664193
MC,Bernoulli bridge,104,16384,4.9555766063424365,0.28620680002495646,0,20364804,0.039167011610317104
MC,Conditional weight,104,16384,4.955746138281591,0.28620680002495646,0,20364804,0.03933654354947169
MC,Direct,104,65536,5.559984935678403,1.172983800061047,0,20364804,0.6435753409462839
MC,Bernoulli bridge,104,65536,4.898895682985404,1.172983800061047,0,20364804,-0.01751391174671557
MC,Conditional weight,104,65536,4.891756206722711,1.172983800061047,0,20364804,-0.024653388009408417
MC,Direct,104,1024,5.922759034006357,0.017008600058034062,1,20364805,1.0063494392742376
MC,Bernoulli bridge,104,1024,5.2700859104666895,0.017008600058034062,1,20364805,0.35367631573457015
MC,Conditional weight,104,1024,5.269370880678164,0.017008600058034062,1,20364805,0.35296128594604426
MC,Direct,104,4096,5.8576290515413,0.07009179994929582,1,20364805,0.941219456809181
MC,Bernoulli bridge,104,4096,5.152140157835511,0.07009179994929582,1,20364805,0.2357305631033917
MC,Conditional weight,104,4096,5.1738215340158265,0.07009179994929582,1,20364805,0.2574119392837071
MC,Direct,104,16384,5.6004083579979165,0.28810410003643483,1,20364805,0.6839987632657971
MC,Bernoulli bridge,104,16384,4.909566489319632,0.28810410003643483,1,20364805,-0.00684310541248756
MC,Conditional weight,104,16384,4.922193771432849,0.28810410003643483,1,20364805,0.005784176700729837
MC,Direct,104,65536,5.599404783181479,1.2094936999492347,1,20364805,0.6829951884493592
MC,Bernoulli bridge,104,65536,4.930159454230225,1.2094936999492347,1,20364805,0.013749859498105366
MC,Conditional weight,104,65536,4.936078140969971,1.2094936999492347,1,20364805,0.019668546237851636
MC,Direct,104,1024,5.130663922761077,0.01607830007560551,2,20364806,0.21425432802895727
MC,Bernoulli bridge,104,1024,4.652114988109574,0.01607830007560551,2,20364806,-0.26429460662254556
MC,Conditional weight,104,1024,4.622233507693434,0.01607830007560551,2,20364806,-0.2941760870386849
MC,Direct,104,4096,5.76690777566468,0.06705589999910444,2,20364806,0.8504981809325605
MC,Bernoulli bridge,104,4096,5.116350905915613,0.06705589999910444,2,20364806,0.199941311183494
MC,Conditional weight,104,4096,5.121892696575551,0.06705589999910444,2,20364806,0.20548310184343155
MC,Direct,104,16384,5.6853715357057375,0.2719312000554055,2,20364806,0.7689619409736181
MC,Bernoulli bridge,104,16384,5.048296566340376,0.2719312000554055,2,20364806,0.1318869716082567
MC,Conditional weight,104,16384,5.052363911576506,0.2719312000554055,2,20364806,0.13595431684438708
MC,Direct,104,65536,5.66147002947677,1.236362800002098,2,20364806,0.7450604347446506
MC,Bernoulli bridge,104,65536,4.969594023269429,1.236362800002098,2,20364806,0.053184428537309536
MC,Conditional weight,104,65536,4.982440615865214,1.236362800002098,2,20364806,0.066031021133095
MC,Direct,104,1024,5.630113678406013,0.01824129989836365,3,20364807,0.7137040836738935
MC,Bernoulli bridge,104,1024,4.891540722744418,0.01824129989836365,3,20364807,-0.02486887198770127
MC,Conditional weight,104,1024,4.8670841665880005,0.01824129989836365,3,20364807,-0.04932542814411889
MC,Direct,104,4096,5.484115409849663,0.07639589998871088,3,20364807,0.5677058151175434
MC,Bernoulli bridge,104,4096,4.8109640425237785,0.07639589998871088,3,20364807,-0.10544555220834084
MC,Conditional weight,104,4096,4.785984635737872,0.07639589998871088,3,20364807,-0.13042495899424722
MC,Direct,104,16384,5.580948397004278,0.3080742999445647,3,20364807,0.6645388022721583
MC,Bernoulli bridge,104,16384,4.904172833907878,0.3080742999445647,3,20364807,-0.012236760824241522
MC,Conditional weight,104,16384,4.9069001890832435,0.3080742999445647,3,20364807,-0.009509405648875813
MC,Direct,104,65536,5.579296233632166,1.1708813000004739,3,20364807,0.662886638900047
MC,Bernoulli bridge,104,65536,4.910884729585822,1.1708813000004739,3,20364807,-0.005524865146297131
MC,Conditional weight,104,65536,4.912644286787272,1.1708813000004739,3,20364807,-0.003765307944846974
MC,Direct,252,1024,5.387393355035951,0.0516629999037832,0,20512804,0.4709837603038318
MC,Bernoulli bridge,252,1024,5.117490818976847,0.0516629999037832,0,20512804,0.20108122424472796
MC,Conditional weight,252,1024,5.03251738352291,0.0516629999037832,0,20512804,0.11610778879079042
MC,Direct,252,4096,5.486616737503287,0.1859148999210447,0,20512804,0.5702071427711672
MC,Bernoulli bridge,252,4096,5.1084894163663925,0.1859148999210447,0,20512804,0.19207982163427317
MC,Conditional weight,252,4096,5.074486525063105,0.1859148999210447,0,20512804,0.1580769303309859
MC,Direct,252,16384,5.335454226615712,0.730686099966988,0,20512804,0.419044631883593
MC,Bernoulli bridge,252,16384,4.945456849018311,0.730686099966988,0,20512804,0.029047254286191482
MC,Conditional weight,252,16384,4.912739384519945,0.730686099966988,0,20512804,-0.0036702102121743962
MC,Direct,252,65536,5.332754369681266,2.9101637999992818,0,20512804,0.41634477494914623
MC,Bernoulli bridge,252,65536,4.920911216524573,2.9101637999992818,0,20512804,0.004501621792453392
MC,Conditional weight,252,65536,4.909151394788398,2.9101637999992818,0,20512804,-0.007258199943721344
MC,Direct,252,1024,5.399027526266407,0.042776099988259375,1,20512805,0.48261793153428734
MC,Bernoulli bridge,252,1024,4.727456016812686,0.042776099988259375,1,20512805,-0.1889535779194338
MC,Conditional weight,252,1024,4.804695226274474,0.042776099988259375,1,20512805,-0.11171436845764493
MC,Direct,252,4096,5.547451275563998,0.17677629995159805,1,20512805,0.6310416808318786
MC,Bernoulli bridge,252,4096,5.0280565027064625,0.17677629995159805,1,20512805,0.11164690797434318
MC,Conditional weight,252,4096,5.040571752297256,0.17677629995159805,1,20512805,0.12416215756513704
MC,Direct,252,16384,5.356913794091116,0.6997841999400407,1,20512805,0.44050419935899665
MC,Bernoulli bridge,252,16384,4.93529121374185,0.6997841999400407,1,20512805,0.018881619009730954
MC,Conditional weight,252,16384,4.922781654262251,0.6997841999400407,1,20512805,0.006372059530131757
MC,Direct,252,65536,5.394325512438178,2.812450999976136,1,20512805,0.477915917706059
MC,Bernoulli bridge,252,65536,4.965448097666469,2.812450999976136,1,20512805,0.04903850293434964
MC,Conditional weight,252,65536,4.949527744232546,2.812450999976136,1,20512805,0.03311814950042624
MC,Direct,252,1024,5.215199505909858,0.041254800045862794,2,20512806,0.2987899111777388
MC,Bernoulli bridge,252,1024,4.692171960608118,0.041254800045862794,2,20512806,-0.22423763412400177
MC,Conditional weight,252,1024,4.739562281998056,0.041254800045862794,2,20512806,-0.17684731273406307
MC,Direct,252,4096,5.342634344532707,0.17257110006175935,2,20512806,0.42622474980058733
MC,Bernoulli bridge,252,4096,4.887988838896308,0.17257110006175935,2,20512806,-0.028420755835811384
MC,Conditional weight,252,4096,4.909151332749953,0.17257110006175935,2,20512806,-0.007258261982165948
MC,Direct,252,16384,5.318766654083395,0.7120977999875322,2,20512806,0.4023570593512753
MC,Bernoulli bridge,252,16384,4.87938077314836,0.7120977999875322,2,20512806,-0.03702882158375953
MC,Conditional weight,252,16384,4.8807384355147985,0.7120977999875322,2,20512806,-0.03567115921732089
MC,Direct,252,65536,5.419587266913871,2.8779134999495,2,20512806,0.503177672181752
MC,Bernoulli bridge,252,65536,4.984837254573472,2.8779134999495,2,20512806,0.0684276598413529
MC,Conditional weight,252,65536,4.984839510662595,2.8779134999495,2,20512806,0.06842991593047554
MC,Direct,252,1024,5.134856217782795,0.04415789991617203,3,20512807,0.21844662305067608
MC,Bernoulli bridge,252,1024,4.692535656529278,0.04415789991617203,3,20512807,-0.22387393820284096
MC,Conditional weight,252,1024,4.716248325874394,0.04415789991617203,3,20512807,-0.200161268857725
MC,Direct,252,4096,5.426297146898105,0.17180989996995777,3,20512807,0.5098875521659858
MC,Bernoulli bridge,252,4096,4.961937549940563,0.17180989996995777,3,20512807,0.04552795520844377
MC,Conditional weight,252,4096,4.962160868247015,0.17180989996995777,3,20512807,0.045751273514895274
MC,Direct,252,16384,5.4302827893604135,0.7118715000106022,3,20512807,0.5138731946282942
MC,Bernoulli bridge,252,16384,4.963252717572602,0.7118715000106022,3,20512807,0.04684312284048264
MC,Conditional weight,252,16384,4.979563049283648,0.7118715000106022,3,20512807,0.06315345455152865
MC,Direct,252,65536,5.376312532631562,2.872631200007163,3,20512807,0.45990293789944303
MC,Bernoulli bridge,252,65536,4.923435548792068,2.872631200007163,3,20512807,0.00702595405994888
MC,Conditional weight,252,65536,4.931265050754989,2.872631200007163,3,20512807,0.014855456022869973
MC,Direct,504,1024,5.98738626517372,0.08798269997350872,0,20764804,1.0709766704416008
MC,Bernoulli bridge,504,1024,5.7529992136910195,0.08798269997350872,0,20764804,0.8365896189589002
MC,Conditional weight,504,1024,5.733207386658766,0.08798269997350872,0,20764804,0.8167977919266463
MC,Direct,504,4096,5.250201536330247,0.36316189996432513,0,20764804,0.3337919415981281
MC,Bernoulli bridge,504,4096,4.8821849648129145,0.36316189996432513,0,20764804,-0.03422462991920483
MC,Conditional weight,504,4096,4.894069930686584,0.36316189996432513,0,20764804,-0.022339664045535557
MC,Direct,504,16384,5.208866392564252,1.4048756000120193,0,20764804,0.2924567978321324
MC,Bernoulli bridge,504,16384,4.874118633978959,1.4048756000120193,0,20764804,-0.04229096075316008
MC,Conditional weight,504,16384,4.894332557022837,1.4048756000120193,0,20764804,-0.022077037709282266
MC,Direct,504,65536,5.203478309332745,5.649894999922253,0,20764804,0.28706871460062544
MC,Bernoulli bridge,504,65536,4.884491630540204,5.649894999922253,0,20764804,-0.031917964191915615
MC,Conditional weight,504,65536,4.893135640601707,5.649894999922253,0,20764804,-0.023273954130412555
MC,Direct,504,1024,5.07895011865171,0.0891888999613002,1,20764805,0.16254052391959029
MC,Bernoulli bridge,504,1024,4.807554715726884,0.0891888999613002,1,20764805,-0.10885487900523572
MC,Conditional weight,504,1024,4.79810092943011,0.0891888999613002,1,20764805,-0.11830866530200979
MC,Direct,504,4096,5.286782597033751,0.3599001000402495,1,20764805,0.3703730023016316
MC,Bernoulli bridge,504,4096,5.046182258182186,0.3599001000402495,1,20764805,0.12977266345006644
MC,Conditional weight,504,4096,5.009103262993381,0.3599001000402495,1,20764805,0.09269366826126202
MC,Direct,504,16384,5.292089366189423,1.4128338999580592,1,20764805,0.37567977145730325
MC,Bernoulli bridge,504,16384,4.9597776784784315,1.4128338999580592,1,20764805,0.04336808374631218
MC,Conditional weight,504,16384,4.969272639554952,1.4128338999580592,1,20764805,0.05286304482283288
MC,Direct,504,65536,5.272172386226061,5.884859999991022,1,20764805,0.35576279149394185
MC,Bernoulli bridge,504,65536,4.9497055580851,5.884859999991022,1,20764805,0.03329596335298035
MC,Conditional weight,504,65536,4.9479392984798425,5.884859999991022,1,20764805,0.031529703747723126
MC,Direct,504,1024,5.3816382343801425,0.0869731999700889,2,20764806,0.4652286396480232
MC,Bernoulli bridge,504,1024,4.964507613235572,0.0869731999700889,2,20764806,0.04809801850345252
MC,Conditional weight,504,1024,5.010565078368424,0.0869731999700889,2,20764806,0.09415548363630499
MC,Direct,504,4096,5.209041556577873,0.35183199995663017,2,20764806,0.29263196184575335
MC,Bernoulli bridge,504,4096,4.92764900194229,0.35183199995663017,2,20764806,0.011239407210170249
MC,Conditional weight,504,4096,4.932452346026212,0.35183199995663017,2,20764806,0.016042751294092383
MC,Direct,504,16384,5.2056079170418235,1.4397308999905363,2,20764806,0.2891983223097041
MC,Bernoulli bridge,504,16384,4.901558180045184,1.4397308999905363,2,20764806,-0.014851414686935627
MC,Conditional weight,504,16384,4.887708265881522,1.4397308999905363,2,20764806,-0.028701328850597285
MC,Direct,504,65536,5.270546856667353,5.804280000040308,2,20764806,0.3541372619352332
MC,Bernoulli bridge,504,65536,4.968803794824511,5.804280000040308,2,20764806,0.05239420009239204
MC,Conditional weight,504,65536,4.964118156370229,5.804280000040308,2,20764806,0.04770856163810944
MC,Direct,504,1024,5.595139588751156,0.0888061000732705,3,20764807,0.6787299940190366
MC,Bernoulli bridge,504,1024,5.331298248179339,0.0888061000732705,3,20764807,0.41488865344721937
MC,Conditional weight,504,1024,5.34131544962974,0.0888061000732705,3,20764807,0.424905854897621
MC,Direct,504,4096,5.288410090995022,0.35496930009685457,3,20764807,0.37200049626290266
MC,Bernoulli bridge,504,4096,5.0139273195764105,0.35496930009685457,3,20764807,0.09751772484429111
MC,Conditional weight,504,4096,5.01473366592459,0.35496930009685457,3,20764807,0.09832407119247044
MC,Direct,504,16384,5.217955652998855,1.4850914999842644,3,20764807,0.30154605826673553
MC,Bernoulli bridge,504,16384,4.944691572283363,1.4850914999842644,3,20764807,0.028281977551243287
MC,Conditional weight,504,16384,4.9531684257262265,1.4850914999842644,3,20764807,0.03675883099410715
MC,Direct,504,65536,5.223031118352495,5.827208400005475,3,20764807,0.3066215236203753
MC,Bernoulli bridge,504,65536,4.935454421261251,5.827208400005475,3,20764807,0.01904482652913142
MC,Conditional weight,504,65536,4.934139093904607,5.827208400005475,3,20764807,0.01772949917248745
RQMC,Direct,12,1024,6.585220041482128,0.03240170003846288,0,30272804,1.6688104467500082
RQMC,Bernoulli bridge,12,1024,5.065428881558052,0.03240170003846288,0,30272804,0.1490192868259328
RQMC,Conditional weight,12,1024,4.948616161461886,0.03240170003846288,0,30272804,0.03220656672976663
RQMC,Direct,12,4096,6.597430307089931,0.0432581000495702,0,30272804,1.681020712357812
RQMC,Bernoulli bridge,12,4096,4.9724204709444955,0.0432581000495702,0,30272804,0.056010876212376104
RQMC,Conditional weight,12,4096,4.941986419418641,0.0432581000495702,0,30272804,0.025576824686521782
RQMC,Direct,12,16384,6.664530739035634,0.08620930009055883,0,30272804,1.7481211443035143
RQMC,Bernoulli bridge,12,16384,4.932898244505268,0.08620930009055883,0,30272804,0.0164886497731489
RQMC,Conditional weight,12,16384,4.936768755492229,0.08620930009055883,0,30272804,0.02035916076010924
RQMC,Direct,12,65536,6.618008245047404,0.24692920001689345,0,30272804,1.701598650315285
RQMC,Bernoulli bridge,12,65536,4.907799624461009,0.24692920001689345,0,30272804,-0.008609970271110434
RQMC,Conditional weight,12,65536,4.91725311554919,0.24692920001689345,0,30272804,0.0008435208170709529
RQMC,Direct,12,1024,6.472887411321121,0.005653199972584844,1,30272805,1.5564778165890019
RQMC,Bernoulli bridge,12,1024,4.872546311871245,0.005653199972584844,1,30272805,-0.043863282860874264
RQMC,Conditional weight,12,1024,4.913810311331444,0.005653199972584844,1,30272805,-0.0025992834006753895
RQMC,Direct,12,4096,6.569501938294508,0.01616859994828701,1,30272805,1.6530923435623883
RQMC,Bernoulli bridge,12,4096,4.9529724683846545,0.01616859994828701,1,30272805,0.03656287365253519
RQMC,Conditional weight,12,4096,4.881128511277762,0.01616859994828701,1,30272805,-0.03528108345435754
RQMC,Direct,12,16384,6.633124507234934,0.05824349995236844,1,30272805,1.7167149125028143
RQMC,Bernoulli bridge,12,16384,4.914265292998012,0.05824349995236844,1,30272805,-0.002144301734107401
RQMC,Conditional weight,12,16384,4.8994899000581,0.05824349995236844,1,30272805,-0.016919694674019325
RQMC,Direct,12,65536,6.6241322849216155,0.22196939995046705,1,30272805,1.7077226901894962
RQMC,Bernoulli bridge,12,65536,4.90841993459632,0.22196939995046705,1,30272805,-0.007989660135799603
RQMC,Conditional weight,12,65536,4.910049956265419,0.22196939995046705,1,30272805,-0.006359638466700623
RQMC,Direct,12,1024,6.562541714231953,0.006261000060476363,2,30272806,1.6461321194998337
RQMC,Bernoulli bridge,12,1024,4.914988736537786,0.006261000060476363,2,30272806,-0.0014208581943337961
RQMC,Conditional weight,12,1024,4.862978404454475,0.006261000060476363,2,30272806,-0.05343119027764409
RQMC,Direct,12,4096,6.623033991781734,0.019493900006636977,2,30272806,1.7066243970496142
RQMC,Bernoulli bridge,12,4096,4.971954897222123,0.019493900006636977,2,30272806,0.05554530249000322
RQMC,Conditional weight,12,4096,4.9549624188528245,0.019493900006636977,2,30272806,0.038552824120705154
RQMC,Direct,12,16384,6.613011610146197,0.06096639996394515,2,30272806,1.6966020154140775
RQMC,Bernoulli bridge,12,16384,4.937799605243805,0.06096639996394515,2,30272806,0.021390010511685986
RQMC,Conditional weight,12,16384,4.927448924677067,0.06096639996394515,2,30272806,0.01103932994494805
RQMC,Direct,12,65536,6.63069650918951,0.21437679999507964,2,30272806,1.7142869144573902
RQMC,Bernoulli bridge,12,65536,4.920898609467387,0.21437679999507964,2,30272806,0.004489014735267638
RQMC,Conditional weight,12,65536,4.916955472742274,0.21437679999507964,2,30272806,0.0005458780101550431
RQMC,Direct,12,1024,6.9029487019661975,0.00505090004298836,3,30272807,1.9865391072340781
RQMC,Bernoulli bridge,12,1024,4.729997943424131,0.00505090004298836,3,30272807,-0.18641165130798854
RQMC,Conditional weight,12,1024,4.858309189290925,0.00505090004298836,3,30272807,-0.05810040544119399
RQMC,Direct,12,4096,6.707958376735051,0.015304500004276633,3,30272807,1.7915487820029314
RQMC,Bernoulli bridge,12,4096,4.902292539774569,0.015304500004276633,3,30272807,-0.014117054957550224
RQMC,Conditional weight,12,4096,4.9209055170652505,0.015304500004276633,3,30272807,0.004495922333131119
RQMC,Direct,12,16384,6.663907097089878,0.0548982999753207,3,30272807,1.747497502357759
RQMC,Bernoulli bridge,12,16384,4.936921039047916,0.0548982999753207,3,30272807,0.020511444315796545
RQMC,Conditional weight,12,16384,4.91838571018898,0.0548982999753207,3,30272807,0.0019761154568609385
RQMC,Direct,12,65536,6.64173524193639,0.2086781000252813,3,30272807,1.7253256472042704
RQMC,Bernoulli bridge,12,65536,4.905079774821342,0.2086781000252813,3,30272807,-0.011329819910777417
RQMC,Conditional weight,12,65536,4.9177741228810365,0.2086781000252813,3,30272807,0.0013645281489171879
RQMC,Direct,24,1024,6.375261613429833,0.00868970004376024,0,30284804,1.4588520186977139
RQMC,Bernoulli bridge,24,1024,5.053719961422265,0.00868970004376024,0,30284804,0.13731036669014607
RQMC,Conditional weight,24,1024,5.170551811911349,0.00868970004376024,0,30284804,0.25414221717923
RQMC,Direct,24,4096,6.3307443475953775,0.026520000072196126,0,30284804,1.4143347528632582
RQMC,Bernoulli bridge,24,4096,5.0235079126523035,0.026520000072196126,0,30284804,0.1070983179201841
RQMC,Conditional weight,24,4096,5.043092228084538,0.026520000072196126,0,30284804,0.12668263335241825
RQMC,Direct,24,16384,6.193366441659243,0.09945159999188036,0,30284804,1.2769568469271233
RQMC,Bernoulli bridge,24,16384,4.887049829284059,0.09945159999188036,0,30284804,-0.02935976544805996
RQMC,Conditional weight,24,16384,4.904911684859977,0.09945159999188036,0,30284804,-0.011497909872142387
RQMC,Direct,24,65536,6.172978627301309,0.41676499997265637,0,30284804,1.2565690325691898
RQMC,Bernoulli bridge,24,65536,4.900782265572368,0.41676499997265637,0,30284804,-0.01562732915975129
RQMC,Conditional weight,24,65536,4.9151851690910675,0.41676499997265637,0,30284804,-0.0012244256410518517
RQMC,Direct,24,1024,6.134417756991074,0.009665800025686622,1,30284805,1.218008162258955
RQMC,Bernoulli bridge,24,1024,4.960889419570099,0.009665800025686622,1,30284805,0.044479824837980075
RQMC,Conditional weight,24,1024,4.858594294943871,0.009665800025686622,1,30284805,-0.057815299788248176
RQMC,Direct,24,4096,6.212476754802836,0.031212600064463913,1,30284805,1.2960671600707165
RQMC,Bernoulli bridge,24,4096,4.993553073105026,0.031212600064463913,1,30284805,0.07714347837290703
RQMC,Conditional weight,24,4096,4.961509868201407,0.031212600064463913,1,30284805,0.0451002734692878
RQMC,Direct,24,16384,6.200240445852374,0.10384250001516193,1,30284805,1.2838308511202543
RQMC,Bernoulli bridge,24,16384,4.973068003209744,0.10384250001516193,1,30284805,0.05665840847762471
RQMC,Conditional weight,24,16384,4.938287750993651,0.10384250001516193,1,30284805,0.021878156261531778
RQMC,Direct,24,65536,6.182277093488654,0.40410060004796833,1,30284805,1.2658674987565348
RQMC,Bernoulli bridge,24,65536,4.94085695287072,0.40410060004796833,1,30284805,0.024447358138600883
RQMC,Conditional weight,24,65536,4.922744806706097,0.40410060004796833,1,30284805,0.006335211973977906
RQMC,Direct,24,1024,6.070903053299039,0.009651700034737587,2,30284806,1.15449345856692
RQMC,Bernoulli bridge,24,1024,4.729613179794393,0.009651700034737587,2,30284806,-0.18679641493772614
RQMC,Conditional weight,24,1024,4.735292158472632,0.009651700034737587,2,30284806,-0.18111743625948762
RQMC,Direct,24,4096,6.212346330325026,0.029754000017419457,2,30284806,1.2959367355929068
RQMC,Bernoulli bridge,24,4096,4.915730060185139,0.029754000017419457,2,30284806,-0.0006795345469807756
RQMC,Conditional weight,24,4096,4.877279427955791,0.029754000017419457,2,30284806,-0.03913016677632797
RQMC,Direct,24,16384,6.1612188945623325,0.10817789996508509,2,30284806,1.2448092998302132
RQMC,Bernoulli bridge,24,16384,4.944918175888414,0.10817789996508509,2,30284806,0.028508581156295065
RQMC,Conditional weight,24,16384,4.9011651389187065,0.10817789996508509,2,30284806,-0.015244455813412827
RQMC,Direct,24,65536,6.202708171894016,0.40228809998370707,2,30284806,1.2862985771618964
RQMC,Bernoulli bridge,24,65536,4.924122654781447,0.40228809998370707,2,30284806,0.0077130600493280355
RQMC,Conditional weight,24,65536,4.909353177039482,0.40228809998370707,2,30284806,-0.007056417692637318
RQMC,Direct,24,1024,6.132084634281213,0.009577999939210713,3,30284807,1.2156750395490938
RQMC,Bernoulli bridge,24,1024,4.86357176814912,0.009577999939210713,3,30284807,-0.052837826582999625
RQMC,Conditional weight,24,1024,4.963403454603293,0.009577999939210713,3,30284807,0.04699385987117388
RQMC,Direct,24,4096,6.239463788386246,0.027378999977372587,3,30284807,1.3230541936541265
RQMC,Bernoulli bridge,24,4096,4.848058658040095,0.027378999977372587,3,30284807,-0.06835093669202408
RQMC,Conditional weight,24,4096,4.9171911757853,0.027378999977372587,3,30284807,0.0007815810531806022
RQMC,Direct,24,16384,6.236494908003568,0.10537559993099421,3,30284807,1.3200853132714485
RQMC,Bernoulli bridge,24,16384,4.94921764467923,0.10537559993099421,3,30284807,0.03280804994711062
RQMC,Conditional weight,24,16384,4.941954669192673,0.10537559993099421,3,30284807,0.02554507446055343
RQMC,Direct,24,65536,6.1981281518406375,0.39659529994241893,3,30284807,1.2817185571085181
RQMC,Bernoulli bridge,24,65536,4.904206937567998,0.39659529994241893,3,30284807,-0.01220265716412161
RQMC,Conditional weight,24,65536,4.919840431057712,0.39659529994241893,3,30284807,0.003430836325592601
RQMC,Direct,52,1024,6.205943232501688,0.02304930007085204,0,30312804,1.2895336377695683
RQMC,Bernoulli bridge,52,1024,5.250826749573264,0.02304930007085204,0,30312804,0.33441715484114454
RQMC,Conditional weight,52,1024,5.217432894100192,0.02304930007085204,0,30312804,0.3010232993680724
RQMC,Direct,52,4096,5.923984169720436,0.06545750005170703,0,30312804,1.0075745749883165
RQMC,Bernoulli bridge,52,4096,5.030690161497778,0.06545750005170703,0,30312804,0.11428056676565834
RQMC,Conditional weight,52,4096,5.003063601380093,0.06545750005170703,0,30312804,0.08665400664797396
RQMC,Direct,52,16384,5.914137078731789,0.23447260004468262,0,30312804,0.9977274839996699
RQMC,Bernoulli bridge,52,16384,5.0297918821856005,0.23447260004468262,0,30312804,0.11338228745348111
RQMC,Conditional weight,52,16384,5.023259819121057,0.23447260004468262,0,30312804,0.10685022438893732
RQMC,Direct,52,65536,5.854829065964115,0.8988087000325322,0,30312804,0.9384194712319953
RQMC,Bernoulli bridge,52,65536,4.945153305530288,0.8988087000325322,0,30312804,0.028743710798168287
RQMC,Conditional weight,52,65536,4.933738029291852,0.8988087000325322,0,30312804,0.01732843455973221
RQMC,Direct,52,1024,5.844441835112133,0.02175439998973161,1,30312805,0.9280322403800136
RQMC,Bernoulli bridge,52,1024,4.932572927963423,0.02175439998973161,1,30312805,0.01616333323130359
RQMC,Conditional weight,52,1024,4.981693664182341,0.02175439998973161,1,30312805,0.0652840694502217
RQMC,Direct,52,4096,5.950591988928338,0.06431700009852648,1,30312805,1.0341823941962183
RQMC,Bernoulli bridge,52,4096,4.970133488019956,0.06431700009852648,1,30312805,0.05372389328783633
RQMC,Conditional weight,52,4096,4.9648282125322,0.06431700009852648,1,30312805,0.04841861780008028
RQMC,Direct,52,16384,5.83536471423218,0.24547910003457218,1,30312805,0.9189551195000609
RQMC,Bernoulli bridge,52,16384,4.95363344303747,0.24547910003457218,1,30312805,0.037223848305350415
RQMC,Conditional weight,52,16384,4.939934599770016,0.24547910003457218,1,30312805,0.023525005037896562
RQMC,Direct,52,65536,5.821338230711094,0.9096087000798434,1,30312805,0.9049286359789743
RQMC,Bernoulli bridge,52,65536,4.919012826989962,0.9096087000798434,1,30312805,0.002603232257842869
RQMC,Conditional weight,52,65536,4.917166964690521,0.9096087000798434,1,30312805,0.0007573699584018101
RQMC,Direct,52,1024,5.848810829891891,0.022639399976469576,2,30312806,0.9324012351597712
RQMC,Bernoulli bridge,52,1024,4.8111050818038965,0.022639399976469576,2,30312806,-0.10530451292822285
RQMC,Conditional weight,52,1024,4.77605324212697,0.022639399976469576,2,30312806,-0.14035635260514923
RQMC,Direct,52,4096,5.770752363759052,0.06602310005109757,2,30312806,0.8543427690269327
RQMC,Bernoulli bridge,52,4096,4.834903475984039,0.06602310005109757,2,30312806,-0.08150611874808078
RQMC,Conditional weight,52,4096,4.79971375576471,0.06602310005109757,2,30312806,-0.11669583896740932
RQMC,Direct,52,16384,5.81620818815359,0.23026290000416338,2,30312806,0.8997985934214707
RQMC,Bernoulli bridge,52,16384,4.835809020003666,0.23026290000416338,2,30312806,-0.08060057472845372
RQMC,Conditional weight,52,16384,4.8243982271625585,0.23026290000416338,2,30312806,-0.09201136756956085
RQMC,Direct,52,65536,5.8299455456517295,0.9245113000506535,2,30312806,0.9135359509196102
RQMC,Bernoulli bridge,52,65536,4.907759733152204,0.9245113000506535,2,30312806,-0.008649861579915097
RQMC,Conditional weight,52,65536,4.908482160997194,0.9245113000506535,2,30312806,-0.00792743373492577
RQMC,Direct,52,1024,5.757409773051937,0.022473699995316565,3,30312807,0.8410001783198178
RQMC,Bernoulli bridge,52,1024,4.78669105763172,0.022473699995316565,3,30312807,-0.12971853710039927
RQMC,Conditional weight,52,1024,4.799967469398372,0.022473699995316565,3,30312807,-0.11644212533374709
RQMC,Direct,52,4096,5.917579631948625,0.06784539995715022,3,30312807,1.0011700372165055
RQMC,Bernoulli bridge,52,4096,4.916922100457925,0.06784539995715022,3,30312807,0.0005125057258057453
RQMC,Conditional weight,52,4096,4.937037653393475,0.06784539995715022,3,30312807,0.020628058661355198
RQMC,Direct,52,16384,5.852518140159642,0.23910629993770272,3,30312807,0.9361085454275226
RQMC,Bernoulli bridge,52,16384,4.94243143339269,0.23910629993770272,3,30312807,0.026021838660570396
RQMC,Conditional weight,52,16384,4.940594295651317,0.23910629993770272,3,30312807,0.024184700919197333
RQMC,Direct,52,65536,5.803774733550824,0.9451932000229135,3,30312807,0.8873651388187049
RQMC,Bernoulli bridge,52,65536,4.883066530557455,0.9451932000229135,3,30312807,-0.03334306417466415
RQMC,Conditional weight,52,65536,4.890960191331088,0.9451932000229135,3,30312807,-0.025449403401031745
RQMC,Direct,104,1024,5.576964248423262,0.04226310004014522,0,30364804,0.6605546536911424
RQMC,Bernoulli bridge,104,1024,4.809582630701808,0.04226310004014522,0,30364804,-0.10682696403031144
RQMC,Conditional weight,104,1024,4.805104311689427,0.04226310004014522,0,30364804,-0.11130528304269216
RQMC,Direct,104,4096,5.607535676789689,0.12396080000326037,0,30364804,0.6911260820575693
RQMC,Bernoulli bridge,104,4096,4.8835070789304,0.12396080000326037,0,30364804,-0.032902515801719545
RQMC,Conditional weight,104,4096,4.851741492091479,0.12396080000326037,0,30364804,-0.06466810264064016
RQMC,Direct,104,16384,5.624183384745084,0.46243940002750605,0,30364804,0.7077737900129648
RQMC,Bernoulli bridge,104,16384,4.941488522713901,0.46243940002750605,0,30364804,0.025078927981781796
RQMC,Conditional weight,104,16384,4.931875965057192,0.46243940002750605,0,30364804,0.015466370325072809
RQMC,Direct,104,65536,5.599850745488786,1.7842268999665976,0,30364804,0.6834411507566669
RQMC,Bernoulli bridge,104,65536,4.945455305427592,1.7842268999665976,0,30364804,0.029045710695472238
RQMC,Conditional weight,104,65536,4.934251430293833,1.7842268999665976,0,30364804,0.017841835561713815
RQMC,Direct,104,1024,5.909174866636166,0.04113360005430877,1,30364805,0.9927652719040463
RQMC,Bernoulli bridge,104,1024,5.238137274863153,0.04113360005430877,1,30364805,0.32172768013103337
RQMC,Conditional weight,104,1024,5.237746669747799,0.04113360005430877,1,30364805,0.32133707501567965
RQMC,Direct,104,4096,5.6829076987205545,0.12222680007107556,1,30364805,0.7664981039884351
RQMC,Bernoulli bridge,104,4096,5.001309306727872,0.12222680007107556,1,30364805,0.08489971199575308
RQMC,Conditional weight,104,4096,4.986501730963038,0.12222680007107556,1,30364805,0.07009213623091881
RQMC,Direct,104,16384,5.624605042626135,0.4413014999590814,1,30364805,0.708195447894016
RQMC,Bernoulli bridge,104,16384,4.971970417585433,0.4413014999590814,1,30364805,0.05556082285331332
RQMC,Conditional weight,104,16384,4.952052275888623,0.4413014999590814,1,30364805,0.03564268115650382
RQMC,Direct,104,65536,5.577189416725364,1.7320581000531092,1,30364805,0.6607798219932448
RQMC,Bernoulli bridge,104,65536,4.916775803503669,1.7320581000531092,1,30364805,0.00036620877154991405
RQMC,Conditional weight,104,65536,4.904646055591609,1.7320581000531092,1,30364805,-0.011763539140510204
RQMC,Direct,104,1024,5.416245734869549,0.03913519997149706,2,30364806,0.49983614013742983
RQMC,Bernoulli bridge,104,1024,4.8990082682382,0.03913519997149706,2,30364806,-0.017401326493919456
RQMC,Conditional weight,104,1024,4.885118815603579,0.03913519997149706,2,30364806,-0.03129077912854061
RQMC,Direct,104,4096,5.55784742340555,0.1116752999369055,2,30364806,0.641437828673431
RQMC,Bernoulli bridge,104,4096,4.924270556565257,0.1116752999369055,2,30364806,0.007860961833137559
RQMC,Conditional weight,104,4096,4.910055779171134,0.1116752999369055,2,30364806,-0.006353815560985687
RQMC,Direct,104,16384,5.5588694939251715,0.4220698999706656,2,30364806,0.6424598991930521
RQMC,Bernoulli bridge,104,16384,4.895331602551165,0.4220698999706656,2,30364806,-0.021077992180954297
RQMC,Conditional weight,104,16384,4.899323910491173,0.4220698999706656,2,30364806,-0.017085684240946364
RQMC,Direct,104,65536,5.55920395234744,1.6430935999378562,2,30364806,0.6427943576153208
RQMC,Bernoulli bridge,104,65536,4.907405909706133,1.6430935999378562,2,30364806,-0.00900368502598603
RQMC,Conditional weight,104,65536,4.903390792001788,1.6430935999378562,2,30364806,-0.013018802730331736
RQMC,Direct,104,1024,5.487331129556765,0.04150000005029142,3,30364807,0.5709215348246452
RQMC,Bernoulli bridge,104,1024,4.768608622858752,0.04150000005029142,3,30364807,-0.14780097187336771
RQMC,Conditional weight,104,1024,4.711199026177905,0.04150000005029142,3,30364807,-0.2052105685542145
RQMC,Direct,104,4096,5.5246614166892885,0.1311682000523433,3,30364807,0.6082518219571691
RQMC,Bernoulli bridge,104,4096,4.87540788235491,0.1311682000523433,3,30364807,-0.04100171237720929
RQMC,Conditional weight,104,4096,4.8343049225198556,0.1311682000523433,3,30364807,-0.08210467221226381
RQMC,Direct,104,16384,5.54387235900831,0.4517697000410408,3,30364807,0.6274627642761903
RQMC,Bernoulli bridge,104,16384,4.89058430207715,0.4517697000410408,3,30364807,-0.0258252926549698
RQMC,Conditional weight,104,16384,4.851955230792128,0.4517697000410408,3,30364807,-0.06445436393999149
RQMC,Direct,104,65536,5.576779113135688,1.717443500063382,3,30364807,0.6603695184035683
RQMC,Bernoulli bridge,104,65536,4.8946928734802775,1.717443500063382,3,30364807,-0.021716721251841875
RQMC,Conditional weight,104,65536,4.889656999808034,1.717443500063382,3,30364807,-0.026752594924085216
RQMC,Direct,252,1024,5.442626857550678,0.09702420001849532,0,30512804,0.5262172628185589
RQMC,Bernoulli bridge,252,1024,5.109890114533917,0.09702420001849532,0,30512804,0.19348051980179726
RQMC,Conditional weight,252,1024,5.044804347961331,0.09702420001849532,0,30512804,0.12839475322921157
RQMC,Direct,252,4096,5.289467180572014,0.2924298000289127,0,30512804,0.373057585839895
RQMC,Bernoulli bridge,252,4096,4.851732024023896,0.2924298000289127,0,30512804,-0.06467757070822344
RQMC,Conditional weight,252,4096,4.876416082605139,0.2924298000289127,0,30512804,-0.03999351212698077
RQMC,Direct,252,16384,5.417039035810024,1.033605800010264,0,30512804,0.5006294410779049
RQMC,Bernoulli bridge,252,16384,4.933714562491924,1.033605800010264,0,30512804,0.017304967759804946
RQMC,Conditional weight,252,16384,4.946270316883975,1.033605800010264,0,30512804,0.029860722151855867
RQMC,Direct,252,65536,5.365096456489321,4.055944700026885,0,30512804,0.44868686175720196
RQMC,Bernoulli bridge,252,65536,4.921572333482603,4.055944700026885,0,30512804,0.005162738750483342
RQMC,Conditional weight,252,65536,4.93069931645056,4.055944700026885,0,30512804,0.01428972171844034
RQMC,Direct,252,1024,5.285570770876113,0.0970944999717176,1,30512805,0.3691611761439937
RQMC,Bernoulli bridge,252,1024,4.862043140827002,0.0970944999717176,1,30512805,-0.05436645390511696
RQMC,Conditional weight,252,1024,4.814951277627774,0.0970944999717176,1,30512805,-0.1014583171043455
RQMC,Direct,252,4096,5.4467099185946495,0.28687069995794445,1,30512805,0.5303003238625301
RQMC,Bernoulli bridge,252,4096,5.042790298626815,0.28687069995794445,1,30512805,0.12638070389469558
RQMC,Conditional weight,252,4096,4.98873977440757,0.28687069995794445,1,30512805,0.07233017967545052
RQMC,Direct,252,16384,5.310616635301927,1.0347574999323115,1,30512805,0.3942070405698077
RQMC,Bernoulli bridge,252,16384,4.8918816307829545,1.0347574999323115,1,30512805,-0.0245279639491649
RQMC,Conditional weight,252,16384,4.865831796754828,1.0347574999323115,1,30512805,-0.050577797977291006
RQMC,Direct,252,65536,5.317913825977441,4.102770299999975,1,30512805,0.40150423124532164
RQMC,Bernoulli bridge,252,65536,4.886753479451998,4.102770299999975,1,30512805,-0.029656115280121575
RQMC,Conditional weight,252,65536,4.883528801824155,4.102770299999975,1,30512805,-0.03288079290796464
RQMC,Direct,252,1024,5.571660700071356,0.09588669997174293,2,30512806,0.6552511053392367
RQMC,Bernoulli bridge,252,1024,5.112600260774218,0.09588669997174293,2,30512806,0.19619066604209845
RQMC,Conditional weight,252,1024,5.094148211240498,0.09588669997174293,2,30512806,0.1777386165083783
RQMC,Direct,252,4096,5.456588807027792,0.2885414999909699,2,30512806,0.5401792122956728
RQMC,Bernoulli bridge,252,4096,4.975911266230671,0.2885414999909699,2,30512806,0.0595016714985519
RQMC,Conditional weight,252,4096,4.976202711018735,0.2885414999909699,2,30512806,0.05979311628661588
RQMC,Direct,252,16384,5.360706431866682,1.0341463999357074,2,30512806,0.444296837134563
RQMC,Bernoulli bridge,252,16384,4.9124530702670715,1.0341463999357074,2,30512806,-0.003956524465047906
RQMC,Conditional weight,252,16384,4.902969443712222,1.0341463999357074,2,30512806,-0.01344015101989715
RQMC,Direct,252,65536,5.356751077309736,4.087308899965137,2,30512806,0.44034148257761707
RQMC,Bernoulli bridge,252,65536,4.907900516303135,4.087308899965137,2,30512806,-0.008509078428984296
RQMC,Conditional weight,252,65536,4.918390619698949,4.087308899965137,2,30512806,0.001981024966829281
RQMC,Direct,252,1024,5.395286680884691,0.09781430009752512,3,30512807,0.47887708615257196
RQMC,Bernoulli bridge,252,1024,5.124118387121294,0.09781430009752512,3,30512807,0.20770879238917495
RQMC,Conditional weight,252,1024,5.033049852438948,0.09781430009752512,3,30512807,0.11664025770682862
RQMC,Direct,252,4096,5.380931104802528,0.28797180007677525,3,30512807,0.46452151007040854
RQMC,Bernoulli bridge,252,4096,4.951731607084269,0.28797180007677525,3,30512807,0.03532201235214938
RQMC,Conditional weight,252,4096,4.929557476661254,0.28797180007677525,3,30512807,0.013147881929135075
RQMC,Direct,252,16384,5.374007829773508,1.0619927000952885,3,30512807,0.45759823504138897
RQMC,Bernoulli bridge,252,16384,4.949715049924327,1.0619927000952885,3,30512807,0.033305455192207845
RQMC,Conditional weight,252,16384,4.937037022134418,1.0619927000952885,3,30512807,0.020627427402298615
RQMC,Direct,252,65536,5.355622790494219,4.177982400055043,3,30512807,0.4392131957620995
RQMC,Bernoulli bridge,252,65536,4.911016368654538,4.177982400055043,3,30512807,-0.0053932260775813035
RQMC,Conditional weight,252,65536,4.9113866859445725,4.177982400055043,3,30512807,-0.005022908787546854
RQMC,Direct,504,1024,5.5436620751325405,0.18994850001763552,0,30764804,0.6272524804004211
RQMC,Bernoulli bridge,504,1024,5.274840930256847,0.18994850001763552,0,30764804,0.3584313355247275
RQMC,Conditional weight,504,1024,5.244271843991576,0.18994850001763552,0,30764804,0.3278622492594563
RQMC,Direct,504,4096,5.310681946694203,0.5793043000157923,0,30764804,0.39427235196208343
RQMC,Bernoulli bridge,504,4096,4.960597490472335,0.5793043000157923,0,30764804,0.04418789574021531
RQMC,Conditional weight,504,4096,4.9517606331280675,0.5793043000157923,0,30764804,0.03535103839594811
RQMC,Direct,504,16384,5.244133989896715,2.1109680000226945,0,30764804,0.32772439516459606
RQMC,Bernoulli bridge,504,16384,4.923912937019528,2.1109680000226945,0,30764804,0.007503342287408898
RQMC,Conditional weight,504,16384,4.934589059206009,2.1109680000226945,0,30764804,0.018179464473889517
RQMC,Direct,504,65536,5.229311908606374,8.203705899999477,0,30764804,0.3129023138742548
RQMC,Bernoulli bridge,504,65536,4.911090399357128,8.203705899999477,0,30764804,-0.005319195374990926
RQMC,Conditional weight,504,65536,4.91646928161627,8.203705899999477,0,30764804,5.968688415070034e-05
RQMC,Direct,504,1024,5.150471170960483,0.18925659998785704,1,30764805,0.23406157622836332
RQMC,Bernoulli bridge,504,1024,4.765260207707955,0.18925659998785704,1,30764805,-0.15114938702416403
RQMC,Conditional weight,504,1024,4.810371954000125,0.18925659998785704,1,30764805,-0.10603764073199429
RQMC,Direct,504,4096,5.081323641970567,0.5440048000309616,1,30764805,0.16491404723844738
RQMC,Bernoulli bridge,504,4096,4.782443128512805,0.5440048000309616,1,30764805,-0.13396646621931474
RQMC,Conditional weight,504,4096,4.770931066658068,0.5440048000309616,1,30764805,-0.14547852807405093
RQMC,Direct,504,16384,5.182522367625064,2.0191773999249563,1,30764805,0.2661127728929449
RQMC,Bernoulli bridge,504,16384,4.858478152190354,2.0191773999249563,1,30764805,-0.057931442541764966
RQMC,Conditional weight,504,16384,4.870595149322276,2.0191773999249563,1,30764805,-0.04581444540984325
RQMC,Direct,504,65536,5.248609256519221,8.024830700014718,1,30764805,0.3321996617871017
RQMC,Bernoulli bridge,504,65536,4.920739250058896,8.024830700014718,1,30764805,0.004329655326776205
RQMC,Conditional weight,504,65536,4.925655687737151,8.024830700014718,1,30764805,0.00924609300503132
RQMC,Direct,504,1024,5.274853772565621,0.19265009998343885,2,30764806,0.35844417783350124
RQMC,Bernoulli bridge,504,1024,4.823864781711249,0.19265009998343885,2,30764806,-0.09254481302087036
RQMC,Conditional weight,504,1024,4.848949637938579,0.19265009998343885,2,30764806,-0.06745995679354078
RQMC,Direct,504,4096,5.126143358400208,0.5595481999916956,2,30764806,0.2097337636680887
RQMC,Bernoulli bridge,504,4096,4.84484227527833,0.5595481999916956,2,30764806,-0.07156731945378958
RQMC,Conditional weight,504,4096,4.830672475534859,0.5595481999916956,2,30764806,-0.08573711919726001
RQMC,Direct,504,16384,5.202498513852497,2.0512585999676958,2,30764806,0.2860889191203775
RQMC,Bernoulli bridge,504,16384,4.910835219116769,2.0512585999676958,2,30764806,-0.005574375615350569
RQMC,Conditional weight,504,16384,4.889068672484424,2.0512585999676958,2,30764806,-0.027340922247695687
RQMC,Direct,504,65536,5.222786756276786,8.173056399915367,2,30764806,0.3063771615446669
RQMC,Bernoulli bridge,504,65536,4.914959052942514,8.173056399915367,2,30764806,-0.001450541789605353
RQMC,Conditional weight,504,65536,4.905408143177693,8.173056399915367,2,30764806,-0.011001451554426112
RQMC,Direct,504,1024,4.9209853447821965,0.19274629990104586,3,30764807,0.004575750050077154
RQMC,Bernoulli bridge,504,1024,4.520556363433173,0.19274629990104586,3,30764807,-0.395853231298946
RQMC,Conditional weight,504,1024,4.558371194559328,0.19274629990104586,3,30764807,-0.3580384001727914
RQMC,Direct,504,4096,5.13179263711222,0.5731836999766529,3,30764807,0.21538304238010042
RQMC,Bernoulli bridge,504,4096,4.754990901305021,0.5731836999766529,3,30764807,-0.16141869342709825
RQMC,Conditional weight,504,4096,4.735106541437531,0.5731836999766529,3,30764807,-0.18130305329458807
RQMC,Direct,504,16384,5.187320606290789,2.16705509996973,3,30764807,0.2709110115586695
RQMC,Bernoulli bridge,504,16384,4.867730842323043,2.16705509996973,3,30764807,-0.048678752409076154
RQMC,Conditional weight,504,16384,4.858612638022228,2.16705509996973,3,30764807,-0.05779695670989149
RQMC,Direct,504,65536,5.2283522063984265,8.316947999992408,3,30764807,0.3119426116663071
RQMC,Bernoulli bridge,504,65536,4.909151993637318,8.316947999992408,3,30764807,-0.007257601094801558
RQMC,Conditional weight,504,65536,4.913937756404902,8.316947999992408,3,30764807,-0.0024718383272173128
