scenario_id,regime_family,regime_level,contract_id,method,n_paths,replication,seed,random_input_seconds,runtime_engine_seconds,runtime_total_seconds,risk_free_rate,volatility_1,volatility_2,volatility_3,correlation_12,correlation_13,correlation_23,ki_barrier_ratio,initial_spot_ratio_1,initial_spot_ratio_2,initial_spot_ratio_3,direct_steps_per_year,inner_paths,bridge_substeps,bessel_terms,backend,total_value,fair_coupon,coupon_value,early_redemption_principal,surviving_notional,terminal_ki_loss,continuous_ki_survival_probability,component_identity_error,probability_mass_error,fair_coupon_residual
baseline_rc_a,baseline,asymmetric_hsbc_informed,RC-A,M3,262144,0,2563811753,0.49275939998915419,61.752238899993245,62.244998299982399,0.041397500000000004,0.18321200000000001,0.26197700000000002,0.21978899999999998,0.93101527022332164,0.82546019107334301,0.73380477788963194,0.75,1.1124202994893466,1.1297955713505747,1.2022133022425416,,64,8,12,gpu-hybrid,99.34010770556516,0.096805297989117162,6.2051291458454658,82.910176225965429,13.801434308639919,-3.5766319748856468,0.84483536609031384,0,0,0
baseline_rc_a,baseline,asymmetric_hsbc_informed,RC-A,M3,262144,1,470244214,0.48558600002434105,59.042337400023825,59.527923400048167,0.041397500000000004,0.18321200000000001,0.26197700000000002,0.21978899999999998,0.93101527022332164,0.82546019107334301,0.73380477788963194,0.75,1.1124202994893466,1.1297955713505747,1.2022133022425416,,64,8,12,gpu-hybrid,99.326990795571461,0.09699258418749486,6.203611600840401,82.875750726044373,13.835485054594185,-3.5878565859075064,0.84452706155733459,0,0,0
baseline_rc_a,baseline,asymmetric_hsbc_informed,RC-A,M3,262144,2,3724086719,0.68928340001730248,62.101785799954087,62.791069199971389,0.041397500000000004,0.18321200000000001,0.26197700000000002,0.21978899999999998,0.93101527022332164,0.82546019107334301,0.73380477788963194,0.75,1.1124202994893466,1.1297955713505747,1.2022133022425416,,64,8,12,gpu-hybrid,99.33226189154648,0.09691693641799777,6.2044684063084414,82.858535900581714,13.852685946880364,-3.5834283622240255,0.84477910991953331,-1.4210854715202004e-14,0,0
baseline_rc_a,baseline,asymmetric_hsbc_informed,RC-A,M3,262144,3,834644174,0.53903980000177398,59.808089300000574,60.347129100002348,0.041397500000000004,0.18321200000000001,0.26197700000000002,0.21978899999999998,0.93101527022332164,0.82546019107334301,0.73380477788963194,0.75,1.1124202994893466,1.1297955713505747,1.2022133022425416,,64,8,12,gpu-hybrid,99.336486723412349,0.096849721283141399,6.2095339468677997,82.871886119883413,13.838293363538872,-3.583226706877725,0.84451142771630017,0,0,0
baseline_rc_a,baseline,asymmetric_hsbc_informed,RC-A,M3,262144,4,550406751,0.54641309997532517,63.457416200020816,64.003829299996141,0.041397500000000004,0.18321200000000001,0.26197700000000002,0.21978899999999998,0.93101527022332164,0.82546019107334301,0.73380477788963194,0.75,1.1124202994893466,1.1297955713505747,1.2022133022425416,,64,8,12,gpu-hybrid,99.323678281869945,0.097035786145879294,6.2059015828445636,82.867375945424058,13.841803749719723,-3.59140299611839,0.84434146437640811,-1.4210854715202004e-14,0,0
baseline_rc_a,baseline,asymmetric_hsbc_informed,RC-A,M3,262144,5,2974918436,0.76479579997248948,61.759420900023542,62.524216699996032,0.041397500000000004,0.18321200000000001,0.26197700000000002,0.21978899999999998,0.93101527022332164,0.82546019107334301,0.73380477788963194,0.75,1.1124202994893466,1.1297955713505747,1.2022133022425416,,64,8,12,gpu-hybrid,99.333874039818625,0.096896542632586569,6.2029220528131779,82.906655065096288,13.804593656202687,-3.5802967342935199,0.84462546037862374,0,0,0
baseline_rc_a,baseline,asymmetric_hsbc_informed,RC-A,M3,262144,6,3566429347,0.49516829999629408,55.190880100009963,55.686048400006257,0.041397500000000004,0.18321200000000001,0.26197700000000002,0.21978899999999998,0.93101527022332164,0.82546019107334301,0.73380477788963194,0.75,1.1124202994893466,1.1297955713505747,1.2022133022425416,,64,8,12,gpu-hybrid,99.343982487112839,0.096744186827015785,6.2094734184592877,82.919489912067576,13.791254188715444,-3.5762350321294631,0.84491772717238656,0,0,0
baseline_rc_a,baseline,asymmetric_hsbc_informed,RC-A,M3,262144,7,4257757178,0.46931369998492301,57.721122300019488,58.190436000004411,0.041397500000000004,0.18321200000000001,0.26197700000000002,0.21978899999999998,0.93101527022332164,0.82546019107334301,0.73380477788963194,0.75,1.1124202994893466,1.1297955713505747,1.2022133022425416,,64,8,12,gpu-hybrid,99.34254657701247,0.096769129965656772,6.2063186862794888,82.893737693704338,13.817231046453754,-3.5747408494251172,0.84485578358548652,0,0,0
baseline_rc_a,baseline,asymmetric_hsbc_informed,RC-A,M3,262144,8,1778384971,0.55522100004600361,66.571437499951571,67.126658499997575,0.041397500000000004,0.18321200000000001,0.26197700000000002,0.21978899999999998,0.93101527022332164,0.82546019107334301,0.73380477788963194,0.75,1.1124202994893466,1.1297955713505747,1.2022133022425416,,64,8,12,gpu-hybrid,99.335783001220079,0.096869466201605914,6.2030201233108695,82.916136513740824,13.796519767986721,-3.5798934038183376,0.8447384130438349,0,0,0
baseline_rc_a,baseline,asymmetric_hsbc_informed,RC-A,M3,262144,9,2467961575,0.75268109998432919,69.058898199989926,69.811579299974255,0.041397500000000004,0.18321200000000001,0.26197700000000002,0.21978899999999998,0.93101527022332164,0.82546019107334301,0.73380477788963194,0.75,1.1124202994893466,1.1297955713505747,1.2022133022425416,,64,8,12,gpu-hybrid,99.35077004171977,0.096656451893986597,6.2041085354063377,82.945094106780857,13.767734601303733,-3.5661672017711497,0.84514774650870295,0,0,0
baseline_rc_a,baseline,asymmetric_hsbc_informed,RC-A,M3,262144,10,896386200,0.5733157999929972,65.955541400006041,66.528857199999038,0.041397500000000004,0.18321200000000001,0.26197700000000002,0.21978899999999998,0.93101527022332164,0.82546019107334301,0.73380477788963194,0.75,1.1124202994893466,1.1297955713505747,1.2022133022425416,,64,8,12,gpu-hybrid,99.329169611044392,0.096957262375731865,6.2066226674898077,82.909242531533394,13.800030154167578,-3.5867257421463909,0.84444759245087098,0,0,0
baseline_rc_a,baseline,asymmetric_hsbc_informed,RC-A,M3,262144,11,1027908253,0.66662219999125227,71.140715899993666,71.807338099984918,0.041397500000000004,0.18321200000000001,0.26197700000000002,0.21978899999999998,0.93101527022332164,0.82546019107334301,0.73380477788963194,0.75,1.1124202994893466,1.1297955713505747,1.2022133022425416,,64,8,12,gpu-hybrid,99.326202757636025,0.096998154842977261,6.2072328448550582,82.880590313893819,13.829517398086736,-3.5911377991995885,0.84423790862322279,0,0,0
baseline_rc_a,baseline,asymmetric_hsbc_informed,RC-A,M3,262144,12,1587348744,0.64584030001424253,74.723769199976232,75.369609499990474,0.041397500000000004,0.18321200000000001,0.26197700000000002,0.21978899999999998,0.93101527022332164,0.82546019107334301,0.73380477788963194,0.75,1.1124202994893466,1.1297955713505747,1.2022133022425416,,64,8,12,gpu-hybrid,99.33866095781876,0.096824175651819541,6.2061428647116825,82.883030644014525,13.828113243614398,-3.578625794521848,0.84452605563001881,1.4210854715202004e-14,0,0
baseline_rc_a,baseline,asymmetric_hsbc_informed,RC-A,M3,262144,13,2552661729,0.65613829996436834,74.101757299969904,74.757895599934272,0.041397500000000004,0.18321200000000001,0.26197700000000002,0.21978899999999998,0.93101527022332164,0.82546019107334301,0.73380477788963194,0.75,1.1124202994893466,1.1297955713505747,1.2022133022425416,,64,8,12,gpu-hybrid,99.332065341095117,0.096928269986702356,6.1988342226736641,82.918887618760849,13.79441353627821,-3.5800700366176179,0.84473487450013285,0,0,0
baseline_rc_a,baseline,asymmetric_hsbc_informed,RC-A,M3,262144,14,4083750365,0.64645060000475496,73.988699799985625,74.63515039999038,0.041397500000000004,0.18321200000000001,0.26197700000000002,0.21978899999999998,0.93101527022332164,0.82546019107334301,0.73380477788963194,0.75,1.1124202994893466,1.1297955713505747,1.2022133022425416,,64,8,12,gpu-hybrid,99.345352778634336,0.096720018875759844,6.2127456181345817,82.860725539789044,13.847771406227169,-3.5758897855164551,0.84452987577739425,0,0,0
baseline_rc_a,baseline,asymmetric_hsbc_informed,RC-A,M3,262144,15,6393794,0.60981639998499304,73.589961200021207,74.1997776000062,0.041397500000000004,0.18321200000000001,0.26197700000000002,0.21978899999999998,0.93101527022332164,0.82546019107334301,0.73380477788963194,0.75,1.1124202994893466,1.1297955713505747,1.2022133022425416,,64,8,12,gpu-hybrid,99.331201412269124,0.096925412277091408,6.2087338681921942,82.858720704899653,13.850228676553769,-3.5864818373764979,0.84446695601380606,0,0,0
baseline_rc_a,baseline,asymmetric_hsbc_informed,RC-A,M3,262144,16,1950842558,0.68187440000474453,73.001711399992928,73.683585799997672,0.041397500000000004,0.18321200000000001,0.26197700000000002,0.21978899999999998,0.93101527022332164,0.82546019107334301,0.73380477788963194,0.75,1.1124202994893466,1.1297955713505747,1.2022133022425416,,64,8,12,gpu-hybrid,99.338822332892661,0.096825984073332247,6.2034253347400528,82.912610188729019,13.799328076931408,-3.5765412675078059,0.84494752654337413,0,0,0
baseline_rc_a,baseline,asymmetric_hsbc_informed,RC-A,M3,262144,17,1760557115,0.67439659999217838,72.903767700016033,73.578164300008211,0.041397500000000004,0.18321200000000001,0.26197700000000002,0.21978899999999998,0.93101527022332164,0.82546019107334301,0.73380477788963194,0.75,1.1124202994893466,1.1297955713505747,1.2022133022425416,,64,8,12,gpu-hybrid,99.33080759406495,0.096939874708595289,6.2028721065547314,82.880960218812447,13.830219475322908,-3.5832442066251389,0.84448351890879392,0,0,0
baseline_rc_a,baseline,asymmetric_hsbc_informed,RC-A,M3,262144,18,2779403002,0.69401400000788271,72.613831099995878,73.30784510000376,0.041397500000000004,0.18321200000000001,0.26197700000000002,0.21978899999999998,0.93101527022332164,0.82546019107334301,0.73380477788963194,0.75,1.1124202994893466,1.1297955713505747,1.2022133022425416,,64,8,12,gpu-hybrid,99.339366503633158,0.096817507089275945,6.2039588892430926,82.90559197791255,13.805997810675024,-3.5761821741975139,0.84478195569520353,0,0,0
baseline_rc_a,baseline,asymmetric_hsbc_informed,RC-A,M3,262144,19,779823363,0.78966380003839731,73.197797300003003,73.987461100041401,0.041397500000000004,0.18321200000000001,0.26197700000000002,0.21978899999999998,0.93101527022332164,0.82546019107334301,0.73380477788963194,0.75,1.1124202994893466,1.1297955713505747,1.2022133022425416,,64,8,12,gpu-hybrid,99.350671536530101,0.096655097381791247,6.2059679088307238,82.933037760850951,13.778616798464373,-3.5669509316159456,0.84522633616396958,0,0,0
baseline_rc_a,baseline,asymmetric_hsbc_informed,RC-A,M3,262144,20,3834493442,0.67347019998123869,73.705684899992775,74.379155099974014,0.041397500000000004,0.18321200000000001,0.26197700000000002,0.21978899999999998,0.93101527022332164,0.82546019107334301,0.73380477788963194,0.75,1.1124202994893466,1.1297955713505747,1.2022133022425416,,64,8,12,gpu-hybrid,99.334436352464408,0.096880347682005166,6.2083859930995624,82.895824506864386,13.814773776127156,-3.5845479236267019,0.8446394200405013,0,0,0
baseline_rc_a,baseline,asymmetric_hsbc_informed,RC-A,M3,262144,21,2735680301,0.68836789997294545,74.022896000009496,74.711263899982441,0.041397500000000004,0.18321200000000001,0.26197700000000002,0.21978899999999998,0.93101527022332164,0.82546019107334301,0.73380477788963194,0.75,1.1124202994893466,1.1297955713505747,1.2022133022425416,,64,8,12,gpu-hybrid,99.334256298678625,0.096879906656874099,6.2103575223672305,82.828653361177743,13.879715920472929,-3.5844705053392851,0.84445272434382102,0,0,0
baseline_rc_a,baseline,asymmetric_hsbc_informed,RC-A,M3,262144,22,3971664978,0.7427519999910146,73.887221199984197,74.629973199975211,0.041397500000000004,0.18321200000000001,0.26197700000000002,0.21978899999999998,0.93101527022332164,0.82546019107334301,0.73380477788963194,0.75,1.1124202994893466,1.1297955713505747,1.2022133022425416,,64,8,12,gpu-hybrid,99.349794645737418,0.096669238913924954,6.2047645428428071,82.90768810086206,13.804242617584599,-3.5669006155520591,0.84511342283245328,0,0,0
baseline_rc_a,baseline,asymmetric_hsbc_informed,RC-A,M3,262144,23,2170919752,0.70539760007523,74.161240800051019,74.866638400126249,0.041397500000000004,0.18321200000000001,0.26197700000000002,0.21978899999999998,0.93101527022332164,0.82546019107334301,0.73380477788963194,0.75,1.1124202994893466,1.1297955713505747,1.2022133022425416,,64,8,12,gpu-hybrid,99.338018273464826,0.096835232722331535,6.2048159692114107,82.895343460095944,13.815826891981411,-3.5779680478239402,0.84463738244731068,0,0,0
