Method,Barrier ratio,Replication,Spot bump,Delta
Direct MC,0.7,0,0.001,0.5977857999723035
Direct MC,0.7,0,0.0025,0.5975526906697297
Direct MC,0.7,0,0.005,0.5974486212643111
Direct MC,0.7,0,0.01,0.5973235397799446
Conditioned MC,0.7,0,0.001,0.5979336602525098
Conditioned MC,0.7,0,0.0025,0.5976503028204476
Conditioned MC,0.7,0,0.005,0.5975136547288749
Conditioned MC,0.7,0,0.01,0.5973570773669916
Direct MC,0.85,0,0.001,0.6208586628661994
Direct MC,0.85,0,0.0025,0.6171356581956964
Direct MC,0.85,0,0.005,0.6100640415810172
Direct MC,0.85,0,0.01,0.6132574505660484
Conditioned MC,0.85,0,0.001,0.6185905297801231
Conditioned MC,0.85,0,0.0025,0.6185850765626242
Conditioned MC,0.85,0,0.005,0.6184850457216573
Conditioned MC,0.85,0,0.01,0.6184795219859698
Direct MC,0.95,0,0.001,0.7446760786634821
Direct MC,0.95,0,0.0025,0.7675319058547387
Direct MC,0.95,0,0.005,0.7967571573707577
Direct MC,0.95,0,0.01,0.810184981360718
Conditioned MC,0.95,0,0.001,0.7977932913853492
Conditioned MC,0.95,0,0.0025,0.7977415592712997
Conditioned MC,0.95,0,0.005,0.7975664243264955
Conditioned MC,0.95,0,0.01,0.7968640329825263
Direct MC,0.7,1,0.001,0.5998599524725634
Direct MC,0.7,1,0.0025,0.5973600223520386
Direct MC,0.7,1,0.005,0.5963354411305364
Direct MC,0.7,1,0.01,0.5960531818273926
Conditioned MC,0.7,1,0.001,0.5957766796395347
Conditioned MC,0.7,1,0.0025,0.5957771945173427
Conditioned MC,0.7,1,0.005,0.5955869711969068
Conditioned MC,0.7,1,0.01,0.5957079652148476
Direct MC,0.85,1,0.001,0.6116137873111427
Direct MC,0.85,1,0.0025,0.6133478367769527
Direct MC,0.85,1,0.005,0.6143883338075895
Direct MC,0.85,1,0.01,0.617565239258671
Conditioned MC,0.85,1,0.001,0.6147591908553007
Conditioned MC,0.85,1,0.0025,0.6148886074151427
Conditioned MC,0.85,1,0.005,0.614895508170866
Conditioned MC,0.85,1,0.01,0.6149162856347394
Direct MC,0.95,1,0.001,0.8572567166693235
Direct MC,0.95,1,0.0025,0.814066631371249
Direct MC,0.95,1,0.005,0.7808654214531394
Direct MC,0.95,1,0.01,0.7791332653763368
Conditioned MC,0.95,1,0.001,0.7965485864580879
Conditioned MC,0.95,1,0.0025,0.7964857620969017
Conditioned MC,0.95,1,0.005,0.7963239367033159
Conditioned MC,0.95,1,0.01,0.7956507121768888
Direct MC,0.7,2,0.001,0.5938110896138049
Direct MC,0.7,2,0.0025,0.5937018312497742
Direct MC,0.7,2,0.005,0.5935507261905304
Direct MC,0.7,2,0.01,0.5932663825651971
Conditioned MC,0.7,2,0.001,0.5937919852700357
Conditioned MC,0.7,2,0.0025,0.5937190078734496
Conditioned MC,0.7,2,0.005,0.5935532003268058
Conditioned MC,0.7,2,0.01,0.5932544290170343
Direct MC,0.85,2,0.001,0.6095403536144239
Direct MC,0.85,2,0.0025,0.6158019816622797
Direct MC,0.85,2,0.005,0.6144999033226366
Direct MC,0.85,2,0.01,0.6166982971801112
Conditioned MC,0.85,2,0.001,0.6118483587250356
Conditioned MC,0.85,2,0.0025,0.6118394174687616
Conditioned MC,0.85,2,0.005,0.6118834778866766
Conditioned MC,0.85,2,0.01,0.6119762964394431
Direct MC,0.95,2,0.001,0.9440703742822087
Direct MC,0.95,2,0.0025,0.8379721660713422
Direct MC,0.95,2,0.005,0.8174217368624372
Direct MC,0.95,2,0.01,0.8112822461053311
Conditioned MC,0.95,2,0.001,0.7925200573646096
Conditioned MC,0.95,2,0.0025,0.7924730434785783
Conditioned MC,0.95,2,0.005,0.7922927646796314
Conditioned MC,0.95,2,0.01,0.791606298463805
Direct MC,0.7,3,0.001,0.597720789293783
Direct MC,0.7,3,0.0025,0.5979141175711256
Direct MC,0.7,3,0.005,0.5983419929449614
Direct MC,0.7,3,0.01,0.5990620569319018
Conditioned MC,0.7,3,0.001,0.5977193846326045
Conditioned MC,0.7,3,0.0025,0.5979091335748841
Conditioned MC,0.7,3,0.005,0.5983461533432894
Conditioned MC,0.7,3,0.01,0.5990593074130555
Direct MC,0.85,3,0.001,0.6113490058483251
Direct MC,0.85,3,0.0025,0.6263396309691913
Direct MC,0.85,3,0.005,0.6255586338864418
Direct MC,0.85,3,0.01,0.6229206148670556
Conditioned MC,0.85,3,0.001,0.6209976814496443
Conditioned MC,0.85,3,0.0025,0.6210556862133352
Conditioned MC,0.85,3,0.005,0.6212613566363405
Conditioned MC,0.85,3,0.01,0.621504897254666
Direct MC,0.95,3,0.001,0.8433279331270604
Direct MC,0.95,3,0.0025,0.8342282077587484
Direct MC,0.95,3,0.005,0.8352531771756384
Direct MC,0.95,3,0.01,0.7940657998326746
Conditioned MC,0.95,3,0.001,0.7982311689360344
Conditioned MC,0.95,3,0.0025,0.7981723079536724
Conditioned MC,0.95,3,0.005,0.7979838873771019
Conditioned MC,0.95,3,0.01,0.7972917640868658
Direct MC,0.7,4,0.001,0.5988317565641399
Direct MC,0.7,4,0.0025,0.5986708553855813
Direct MC,0.7,4,0.005,0.5986812835542903
Direct MC,0.7,4,0.01,0.5986083860314011
Conditioned MC,0.7,4,0.001,0.5988719810104648
Conditioned MC,0.7,4,0.0025,0.5986964733606932
Conditioned MC,0.7,4,0.005,0.5987170864073139
Conditioned MC,0.7,4,0.01,0.5986408696947301
Direct MC,0.85,4,0.001,0.603170743741428
Direct MC,0.85,4,0.0025,0.6099685564777495
Direct MC,0.85,4,0.005,0.6211588179769301
Direct MC,0.85,4,0.01,0.6174835495637265
Conditioned MC,0.85,4,0.001,0.618030112864183
Conditioned MC,0.85,4,0.0025,0.6179215429746563
Conditioned MC,0.85,4,0.005,0.6179803534998918
Conditioned MC,0.85,4,0.01,0.6180813124102005
Direct MC,0.95,4,0.001,0.8631971250998882
Direct MC,0.95,4,0.0025,0.8100169578376875
Direct MC,0.95,4,0.005,0.7921151258227868
Direct MC,0.95,4,0.01,0.7934076548890654
Conditioned MC,0.95,4,0.001,0.7967920438197496
Conditioned MC,0.95,4,0.0025,0.7967334889489912
Conditioned MC,0.95,4,0.005,0.7965485297317878
Conditioned MC,0.95,4,0.01,0.79584259485032
Direct MC,0.7,5,0.001,0.5892294565008527
Direct MC,0.7,5,0.0025,0.5892055698316874
Direct MC,0.7,5,0.005,0.5891983146636406
Direct MC,0.7,5,0.01,0.5892214213188005
Conditioned MC,0.7,5,0.001,0.5892418513224396
Conditioned MC,0.7,5,0.0025,0.5892210589958928
Conditioned MC,0.7,5,0.005,0.5892331414848417
Conditioned MC,0.7,5,0.01,0.5892611458965042
Direct MC,0.85,5,0.001,0.6145681609970222
Direct MC,0.85,5,0.0025,0.6119091558658312
Direct MC,0.85,5,0.005,0.6062979218526046
Direct MC,0.85,5,0.01,0.6059791186403602
Conditioned MC,0.85,5,0.001,0.6065050179650022
Conditioned MC,0.85,5,0.0025,0.6063208435056922
Conditioned MC,0.85,5,0.005,0.6063017439683147
Conditioned MC,0.85,5,0.01,0.606435209204927
Direct MC,0.95,5,0.001,0.7983281422634247
Direct MC,0.95,5,0.0025,0.8031056312411611
Direct MC,0.95,5,0.005,0.7766671801382845
Direct MC,0.95,5,0.01,0.7729405412603727
Conditioned MC,0.95,5,0.001,0.7824374421789937
Conditioned MC,0.95,5,0.0025,0.782378103236022
Conditioned MC,0.95,5,0.005,0.7821932442193251
Conditioned MC,0.95,5,0.01,0.7814640272118534
Direct MC,0.7,6,0.001,0.5928346315162258
Direct MC,0.7,6,0.0025,0.5927565750223316
Direct MC,0.7,6,0.005,0.5927445094277566
Direct MC,0.7,6,0.01,0.5927902228472499
Conditioned MC,0.7,6,0.001,0.5929704244685308
Conditioned MC,0.7,6,0.0025,0.5928544845522694
Conditioned MC,0.7,6,0.005,0.5928313088015038
Conditioned MC,0.7,6,0.01,0.5928443438646154
Direct MC,0.85,6,0.001,0.6018878407238581
Direct MC,0.85,6,0.0025,0.6166015695867308
Direct MC,0.85,6,0.005,0.614005576531321
Direct MC,0.85,6,0.01,0.6164822334518267
Conditioned MC,0.85,6,0.001,0.6136967692291595
Conditioned MC,0.85,6,0.0025,0.6138420801818434
Conditioned MC,0.85,6,0.005,0.6137840250797613
Conditioned MC,0.85,6,0.01,0.6137376928282188
Direct MC,0.95,6,0.001,0.7161777767092614
Direct MC,0.95,6,0.0025,0.7883963083158623
Direct MC,0.95,6,0.005,0.7789667943579666
Direct MC,0.95,6,0.01,0.8053193559728662
Conditioned MC,0.95,6,0.001,0.7889110301823044
Conditioned MC,0.95,6,0.0025,0.7888675189770922
Conditioned MC,0.95,6,0.005,0.7886711360805974
Conditioned MC,0.95,6,0.01,0.7879473204653733
Direct MC,0.7,7,0.001,0.5911669829964517
Direct MC,0.7,7,0.0025,0.5911722164209046
Direct MC,0.7,7,0.005,0.5910637772241589
Direct MC,0.7,7,0.01,0.5912214739355006
Conditioned MC,0.7,7,0.001,0.5910921007919612
Conditioned MC,0.7,7,0.0025,0.5911255927363221
Conditioned MC,0.7,7,0.005,0.59105238935045
Conditioned MC,0.7,7,0.01,0.5912269110573636
Direct MC,0.85,7,0.001,0.6100591336543992
Direct MC,0.85,7,0.0025,0.6069429267345967
Direct MC,0.85,7,0.005,0.6138024475768589
Direct MC,0.85,7,0.01,0.6103005275312805
Conditioned MC,0.85,7,0.001,0.6126686623623545
Conditioned MC,0.85,7,0.0025,0.6126162446521839
Conditioned MC,0.85,7,0.005,0.61257191168019
Conditioned MC,0.85,7,0.01,0.612708484084536
Direct MC,0.95,7,0.001,0.7321246371810952
Direct MC,0.95,7,0.0025,0.817229622850288
Direct MC,0.95,7,0.005,0.8126791272130065
Direct MC,0.95,7,0.01,0.79609387668263
Conditioned MC,0.95,7,0.001,0.7938157663363166
Conditioned MC,0.95,7,0.0025,0.7937695210839344
Conditioned MC,0.95,7,0.005,0.7936033075907538
Conditioned MC,0.95,7,0.01,0.7928970707909908
Direct MC,0.7,8,0.001,0.5962746831101651
Direct MC,0.7,8,0.0025,0.5962724779664583
Direct MC,0.7,8,0.005,0.5960773240196726
Direct MC,0.7,8,0.01,0.5956489817275346
Conditioned MC,0.7,8,0.001,0.5962103120812134
Conditioned MC,0.7,8,0.0025,0.5962339635731091
Conditioned MC,0.7,8,0.005,0.5959855863052752
Conditioned MC,0.7,8,0.01,0.595588402099966
Direct MC,0.85,8,0.001,0.6300449049784085
Direct MC,0.85,8,0.0025,0.6156324971521236
Direct MC,0.85,8,0.005,0.609533086722795
Direct MC,0.85,8,0.01,0.6087134543006361
Conditioned MC,0.85,8,0.001,0.6143160868077846
Conditioned MC,0.85,8,0.0025,0.6142370448485579
Conditioned MC,0.85,8,0.005,0.6143005215469532
Conditioned MC,0.85,8,0.01,0.6143739089767037
Direct MC,0.95,8,0.001,0.8713135074314238
Direct MC,0.95,8,0.0025,0.7819613536251921
Direct MC,0.95,8,0.005,0.7930733678537081
Direct MC,0.95,8,0.01,0.7904730373196203
Conditioned MC,0.95,8,0.001,0.793293594825375
Conditioned MC,0.95,8,0.0025,0.793252415214365
Conditioned MC,0.95,8,0.005,0.7930778658279776
Conditioned MC,0.95,8,0.01,0.7923436710723726
Direct MC,0.7,9,0.001,0.5913097377750098
Direct MC,0.7,9,0.0025,0.5911384647898039
Direct MC,0.7,9,0.005,0.5912741766718383
Direct MC,0.7,9,0.01,0.5914155486851911
Conditioned MC,0.7,9,0.001,0.591375836203154
Conditioned MC,0.7,9,0.0025,0.5912134011959687
Conditioned MC,0.7,9,0.005,0.5913283732056343
Conditioned MC,0.7,9,0.01,0.5914351990683095
Direct MC,0.85,9,0.001,0.5906444134875954
Direct MC,0.85,9,0.0025,0.6100866324836609
Direct MC,0.85,9,0.005,0.6113147101282728
Direct MC,0.85,9,0.01,0.610760676820028
Conditioned MC,0.85,9,0.001,0.6103842614982291
Conditioned MC,0.85,9,0.0025,0.6103442371867622
Conditioned MC,0.85,9,0.005,0.6104707069821682
Conditioned MC,0.85,9,0.01,0.6107889243171676
Direct MC,0.95,9,0.001,0.7779059990981141
Direct MC,0.95,9,0.0025,0.8141712929362068
Direct MC,0.95,9,0.005,0.7806710130200685
Direct MC,0.95,9,0.01,0.7794007886932408
Conditioned MC,0.95,9,0.001,0.7850175078152422
Conditioned MC,0.95,9,0.0025,0.7849770901850661
Conditioned MC,0.95,9,0.005,0.7847950852050563
Conditioned MC,0.95,9,0.01,0.7841072737938877
Direct MC,0.7,10,0.001,0.5933443534277938
Direct MC,0.7,10,0.0025,0.5933456174971781
Direct MC,0.7,10,0.005,0.5932831323415684
Direct MC,0.7,10,0.01,0.5930541385951233
Conditioned MC,0.7,10,0.001,0.5934027676999776
Conditioned MC,0.7,10,0.0025,0.5934099649404239
Conditioned MC,0.7,10,0.005,0.5933161105726494
Conditioned MC,0.7,10,0.01,0.5930609828696092
Direct MC,0.85,10,0.001,0.6080980052591656
Direct MC,0.85,10,0.0025,0.605560140745844
Direct MC,0.85,10,0.005,0.6058984860782868
Direct MC,0.85,10,0.01,0.6065324214321706
Conditioned MC,0.85,10,0.001,0.6128418972181038
Conditioned MC,0.85,10,0.0025,0.6127550333947198
Conditioned MC,0.85,10,0.005,0.6128105712034824
Conditioned MC,0.85,10,0.01,0.6126877730618743
Direct MC,0.95,10,0.001,0.7897068290915188
Direct MC,0.95,10,0.0025,0.7893287751827351
Direct MC,0.95,10,0.005,0.7721515246584447
Direct MC,0.95,10,0.01,0.7706549195052097
Conditioned MC,0.95,10,0.001,0.8003423619740646
Conditioned MC,0.95,10,0.0025,0.8002902790260062
Conditioned MC,0.95,10,0.005,0.8001124531708772
Conditioned MC,0.95,10,0.01,0.7993754827416164
Direct MC,0.7,11,0.001,0.5950136295017483
Direct MC,0.7,11,0.0025,0.5951401599145321
Direct MC,0.7,11,0.005,0.5951533870200869
Direct MC,0.7,11,0.01,0.5953949153099529
Conditioned MC,0.7,11,0.001,0.5950364008807263
Conditioned MC,0.7,11,0.0025,0.5951392106657742
Conditioned MC,0.7,11,0.005,0.5951427785886008
Conditioned MC,0.7,11,0.01,0.5953640746234763
Direct MC,0.85,11,0.001,0.6119545656095404
Direct MC,0.85,11,0.0025,0.6162925917377677
Direct MC,0.85,11,0.005,0.6085010419201833
Direct MC,0.85,11,0.01,0.6115061208239032
Conditioned MC,0.85,11,0.001,0.6154494944518785
Conditioned MC,0.85,11,0.0025,0.6153679234999636
Conditioned MC,0.85,11,0.005,0.6152499261377677
Conditioned MC,0.85,11,0.01,0.6153729730693911
Direct MC,0.95,11,0.001,0.6936340607542624
Direct MC,0.95,11,0.0025,0.7810477781383938
Direct MC,0.95,11,0.005,0.8021483924055248
Direct MC,0.95,11,0.01,0.794037827382776
Conditioned MC,0.95,11,0.001,0.7984224995001332
Conditioned MC,0.95,11,0.0025,0.7983463792556016
Conditioned MC,0.95,11,0.005,0.7981409556862973
Conditioned MC,0.95,11,0.01,0.7974016852556871
Direct MC,0.7,12,0.001,0.5958076132887857
Direct MC,0.7,12,0.0025,0.5956319628272233
Direct MC,0.7,12,0.005,0.5955132299484465
Direct MC,0.7,12,0.01,0.5956387746430085
Conditioned MC,0.7,12,0.001,0.5957810849161582
Conditioned MC,0.7,12,0.0025,0.5956166850895066
Conditioned MC,0.7,12,0.005,0.5955154553152155
Conditioned MC,0.7,12,0.01,0.5956388427174542
Direct MC,0.85,12,0.001,0.620245471878258
Direct MC,0.85,12,0.0025,0.6236295211797085
Direct MC,0.85,12,0.005,0.6114102067353109
Direct MC,0.85,12,0.01,0.6149478904851415
Conditioned MC,0.85,12,0.001,0.6152844052831874
Conditioned MC,0.85,12,0.0025,0.6151790736572309
Conditioned MC,0.85,12,0.005,0.6150673441122567
Conditioned MC,0.85,12,0.01,0.6151498268744091
Direct MC,0.95,12,0.001,0.7472488828907853
Direct MC,0.95,12,0.0025,0.7805529913023452
Direct MC,0.95,12,0.005,0.8213767486421375
Direct MC,0.95,12,0.01,0.7881375508992448
Conditioned MC,0.95,12,0.001,0.7892903199698109
Conditioned MC,0.95,12,0.0025,0.7892382249051284
Conditioned MC,0.95,12,0.005,0.7890756421449918
Conditioned MC,0.95,12,0.01,0.7883989155763618
Direct MC,0.7,13,0.001,0.5918128541730905
Direct MC,0.7,13,0.0025,0.5917196103962112
Direct MC,0.7,13,0.005,0.5916137873459579
Direct MC,0.7,13,0.01,0.5915456383306603
Conditioned MC,0.7,13,0.001,0.5918063705141208
Conditioned MC,0.7,13,0.0025,0.5917183444446756
Conditioned MC,0.7,13,0.005,0.5916312843669704
Conditioned MC,0.7,13,0.01,0.5915871284674488
Direct MC,0.85,13,0.001,0.6195400578951116
Direct MC,0.85,13,0.0025,0.6061156467879059
Direct MC,0.85,13,0.005,0.6064747063267237
Direct MC,0.85,13,0.01,0.6166994239097319
Conditioned MC,0.85,13,0.001,0.6125523539407762
Conditioned MC,0.85,13,0.0025,0.6123608699276204
Conditioned MC,0.85,13,0.005,0.6120917751420194
Conditioned MC,0.85,13,0.01,0.6119197078301477
Direct MC,0.95,13,0.001,0.7725239976227227
Direct MC,0.95,13,0.0025,0.7861687897199765
Direct MC,0.95,13,0.005,0.8009394368983598
Direct MC,0.95,13,0.01,0.8089177063913513
Conditioned MC,0.95,13,0.001,0.7976101814769132
Conditioned MC,0.95,13,0.0025,0.797566211433022
Conditioned MC,0.95,13,0.005,0.7973909776092913
Conditioned MC,0.95,13,0.01,0.796668450966032
Direct MC,0.7,14,0.001,0.5930075905733467
Direct MC,0.7,14,0.0025,0.5931425367610501
Direct MC,0.7,14,0.005,0.5932242969358441
Direct MC,0.7,14,0.01,0.593233912185708
Conditioned MC,0.7,14,0.001,0.5930700779380338
Conditioned MC,0.7,14,0.0025,0.5932034594192537
Conditioned MC,0.7,14,0.005,0.5932654364499843
Conditioned MC,0.7,14,0.01,0.5932629841399679
Direct MC,0.85,14,0.001,0.611442188352207
Direct MC,0.85,14,0.0025,0.617509323610264
Direct MC,0.85,14,0.005,0.6170636495188848
Direct MC,0.85,14,0.01,0.6155685235278616
Conditioned MC,0.85,14,0.001,0.6111974051100688
Conditioned MC,0.85,14,0.0025,0.6112493985746639
Conditioned MC,0.85,14,0.005,0.6114411569370208
Conditioned MC,0.85,14,0.01,0.6113750463432499
Direct MC,0.95,14,0.001,0.8578129029725856
Direct MC,0.95,14,0.0025,0.823521809998347
Direct MC,0.95,14,0.005,0.7867157959241968
Direct MC,0.95,14,0.01,0.7862285355427745
Conditioned MC,0.95,14,0.001,0.7899006048432522
Conditioned MC,0.95,14,0.0025,0.7898573819054757
Conditioned MC,0.95,14,0.005,0.7896969773004834
Conditioned MC,0.95,14,0.01,0.7890407793109433
Direct MC,0.7,15,0.001,0.5972536724864508
Direct MC,0.7,15,0.0025,0.5970062772140672
Direct MC,0.7,15,0.005,0.5970365206385466
Direct MC,0.7,15,0.01,0.5968632201366986
Conditioned MC,0.7,15,0.001,0.5972814982590791
Conditioned MC,0.7,15,0.0025,0.5970232291680304
Conditioned MC,0.7,15,0.005,0.5970537700045089
Conditioned MC,0.7,15,0.01,0.5968713351307766
Direct MC,0.85,15,0.001,0.6123392110806147
Direct MC,0.85,15,0.0025,0.609099504059003
Direct MC,0.85,15,0.005,0.6107286102354657
Direct MC,0.85,15,0.01,0.6133560989926767
Conditioned MC,0.85,15,0.001,0.6147841080020022
Conditioned MC,0.85,15,0.0025,0.6146543686110597
Conditioned MC,0.85,15,0.005,0.6145879718954816
Conditioned MC,0.85,15,0.01,0.6145990169797502
Direct MC,0.95,15,0.001,0.7834068424880014
Direct MC,0.95,15,0.0025,0.7819953250060614
Direct MC,0.95,15,0.005,0.7883701252324924
Direct MC,0.95,15,0.01,0.7910052670093375
Conditioned MC,0.95,15,0.001,0.7865659697307015
Conditioned MC,0.95,15,0.0025,0.786491873783751
Conditioned MC,0.95,15,0.005,0.7863089672977654
Conditioned MC,0.95,15,0.01,0.7856532988143492
Direct MC,0.7,16,0.001,0.5961421797781519
Direct MC,0.7,16,0.0025,0.5961155340415587
Direct MC,0.7,16,0.005,0.5959590415281877
Direct MC,0.7,16,0.01,0.5959289975461077
Conditioned MC,0.7,16,0.001,0.5960697987142272
Conditioned MC,0.7,16,0.0025,0.596050414598345
Conditioned MC,0.7,16,0.005,0.5959233524262473
Conditioned MC,0.7,16,0.01,0.5958905094316389
Direct MC,0.85,16,0.001,0.5855209468591305
Direct MC,0.85,16,0.0025,0.6121197245073766
Direct MC,0.85,16,0.005,0.6128355589830541
Direct MC,0.85,16,0.01,0.6133608980044345
Conditioned MC,0.85,16,0.001,0.6154761817448762
Conditioned MC,0.85,16,0.0025,0.6155731874075947
Conditioned MC,0.85,16,0.005,0.6155870338183078
Conditioned MC,0.85,16,0.01,0.6157004632726126
Direct MC,0.95,16,0.001,0.8949445003259715
Direct MC,0.95,16,0.0025,0.8244807196432777
Direct MC,0.95,16,0.005,0.8108022563143686
Direct MC,0.95,16,0.01,0.8018601844841586
Conditioned MC,0.95,16,0.001,0.8049929157883673
Conditioned MC,0.95,16,0.0025,0.8049559436683911
Conditioned MC,0.95,16,0.005,0.8048015968324584
Conditioned MC,0.95,16,0.01,0.8040876611419172
Direct MC,0.7,17,0.001,0.6016502841245064
Direct MC,0.7,17,0.0025,0.6017753653380424
Direct MC,0.7,17,0.005,0.6019026193338171
Direct MC,0.7,17,0.01,0.6013768314113523
Conditioned MC,0.7,17,0.001,0.6016198844666665
Conditioned MC,0.7,17,0.0025,0.6017659924022354
Conditioned MC,0.7,17,0.005,0.601918477549372
Conditioned MC,0.7,17,0.01,0.6013954795401384
Direct MC,0.85,17,0.001,0.6241490533011973
Direct MC,0.85,17,0.0025,0.6245402552461456
Direct MC,0.85,17,0.005,0.6211071923778846
Direct MC,0.85,17,0.01,0.6213711096193233
Conditioned MC,0.85,17,0.001,0.6215014067828317
Conditioned MC,0.85,17,0.0025,0.6215491819717656
Conditioned MC,0.85,17,0.005,0.6214747580798576
Conditioned MC,0.85,17,0.01,0.621166944985041
Direct MC,0.95,17,0.001,0.7801973303994014
Direct MC,0.95,17,0.0025,0.7943470560515031
Direct MC,0.95,17,0.005,0.7980319922327404
Direct MC,0.95,17,0.01,0.8023182476776793
Conditioned MC,0.95,17,0.001,0.8060877999656846
Conditioned MC,0.95,17,0.0025,0.8060526359961617
Conditioned MC,0.95,17,0.005,0.8058713913849784
Conditioned MC,0.95,17,0.01,0.8051358701505693
Direct MC,0.7,18,0.001,0.6010494595523586
Direct MC,0.7,18,0.0025,0.6008405334949849
Direct MC,0.7,18,0.005,0.6006194453961076
Direct MC,0.7,18,0.01,0.6004582864108965
Conditioned MC,0.7,18,0.001,0.6009987626854407
Conditioned MC,0.7,18,0.0025,0.6008463956729351
Conditioned MC,0.7,18,0.005,0.6006375259109049
Conditioned MC,0.7,18,0.01,0.6004823263525454
Direct MC,0.85,18,0.001,0.6333400254088861
Direct MC,0.85,18,0.0025,0.629206510231004
Direct MC,0.85,18,0.005,0.6300150568943099
Direct MC,0.85,18,0.01,0.6243778679872065
Conditioned MC,0.85,18,0.001,0.6215273648012687
Conditioned MC,0.85,18,0.0025,0.6215800564157696
Conditioned MC,0.85,18,0.005,0.6216020055808631
Conditioned MC,0.85,18,0.01,0.6216557923775747
Direct MC,0.95,18,0.001,0.8159853878398104
Direct MC,0.95,18,0.0025,0.8085180824959526
Direct MC,0.95,18,0.005,0.8321274776608814
Direct MC,0.95,18,0.01,0.8209185248020914
Conditioned MC,0.95,18,0.001,0.8009450738617119
Conditioned MC,0.95,18,0.0025,0.8008807753829839
Conditioned MC,0.95,18,0.005,0.8006915727709067
Conditioned MC,0.95,18,0.01,0.799966966260004
Direct MC,0.7,19,0.001,0.5989358437801151
Direct MC,0.7,19,0.0025,0.5990168550631019
Direct MC,0.7,19,0.005,0.5989655234657896
Direct MC,0.7,19,0.01,0.5989646000743694
Conditioned MC,0.7,19,0.001,0.5989260559114751
Conditioned MC,0.7,19,0.0025,0.5990104360687667
Conditioned MC,0.7,19,0.005,0.598975898075885
Conditioned MC,0.7,19,0.01,0.5989556875738282
Direct MC,0.85,19,0.001,0.6137455034357941
Direct MC,0.85,19,0.0025,0.615647691768956
Direct MC,0.85,19,0.005,0.6193666353679497
Direct MC,0.85,19,0.01,0.6213533316095656
Conditioned MC,0.85,19,0.001,0.6198099725262907
Conditioned MC,0.85,19,0.0025,0.6199712589642665
Conditioned MC,0.85,19,0.005,0.6199353691136409
Conditioned MC,0.85,19,0.01,0.6199071971437116
Direct MC,0.95,19,0.001,0.8453388993413657
Direct MC,0.95,19,0.0025,0.8281221966944337
Direct MC,0.95,19,0.005,0.8058297243341936
Direct MC,0.95,19,0.01,0.7976973000738057
Conditioned MC,0.95,19,0.001,0.7982792920727677
Conditioned MC,0.95,19,0.0025,0.798235913277896
Conditioned MC,0.95,19,0.005,0.7980890633387103
Conditioned MC,0.95,19,0.01,0.7974542219981657
Direct MC,0.7,20,0.001,0.5940289446757507
Direct MC,0.7,20,0.0025,0.5940615971355427
Direct MC,0.7,20,0.005,0.5942239036930363
Direct MC,0.7,20,0.01,0.5941863693374856
Conditioned MC,0.7,20,0.001,0.5940567929505836
Conditioned MC,0.7,20,0.0025,0.5940742144544195
Conditioned MC,0.7,20,0.005,0.5940911564326186
Conditioned MC,0.7,20,0.01,0.594144614054918
Direct MC,0.85,20,0.001,0.6176843088646677
Direct MC,0.85,20,0.0025,0.6190430949701984
Direct MC,0.85,20,0.005,0.6158803291244315
Direct MC,0.85,20,0.01,0.6138394330305088
Conditioned MC,0.85,20,0.001,0.6145229975062083
Conditioned MC,0.85,20,0.0025,0.6146010032126661
Conditioned MC,0.85,20,0.005,0.6145869172807235
Conditioned MC,0.85,20,0.01,0.6145183235314908
Direct MC,0.95,20,0.001,0.7865885405465134
Direct MC,0.95,20,0.0025,0.7839344946449991
Direct MC,0.95,20,0.005,0.8277217196262114
Direct MC,0.95,20,0.01,0.7986248781872627
Conditioned MC,0.95,20,0.001,0.7998393390871028
Conditioned MC,0.95,20,0.0025,0.7997902587652757
Conditioned MC,0.95,20,0.005,0.7996101449588746
Conditioned MC,0.95,20,0.01,0.7989073288250803
Direct MC,0.7,21,0.001,0.588580757503161
Direct MC,0.7,21,0.0025,0.5885203922243711
Direct MC,0.7,21,0.005,0.5885279744409466
Direct MC,0.7,21,0.01,0.5885812262043189
Conditioned MC,0.7,21,0.001,0.5885242799077428
Conditioned MC,0.7,21,0.0025,0.5884874546934071
Conditioned MC,0.7,21,0.005,0.5885266153335813
Conditioned MC,0.7,21,0.01,0.5885665447381405
Direct MC,0.85,21,0.001,0.6088133367326343
Direct MC,0.85,21,0.0025,0.6017818968603912
Direct MC,0.85,21,0.005,0.6074463650285082
Direct MC,0.85,21,0.01,0.6052922985613831
Conditioned MC,0.85,21,0.001,0.6089630295614956
Conditioned MC,0.85,21,0.0025,0.6089700017486095
Conditioned MC,0.85,21,0.005,0.6089713349040409
Conditioned MC,0.85,21,0.01,0.6089574920220682
Direct MC,0.95,21,0.001,0.8452062505131774
Direct MC,0.95,21,0.0025,0.8070976778975005
Direct MC,0.95,21,0.005,0.7685072394873504
Direct MC,0.95,21,0.01,0.7768702237823759
Conditioned MC,0.95,21,0.001,0.7820613173057511
Conditioned MC,0.95,21,0.0025,0.782012036867286
Conditioned MC,0.95,21,0.005,0.7818578171764372
Conditioned MC,0.95,21,0.01,0.781174599104657
Direct MC,0.7,22,0.001,0.5952286635788617
Direct MC,0.7,22,0.0025,0.5950510658550101
Direct MC,0.7,22,0.005,0.5952252296042886
Direct MC,0.7,22,0.01,0.5949571020825175
Conditioned MC,0.7,22,0.001,0.5953139096454851
Conditioned MC,0.7,22,0.0025,0.5951559095298116
Conditioned MC,0.7,22,0.005,0.5951367639370648
Conditioned MC,0.7,22,0.01,0.5949340987381184
Direct MC,0.85,22,0.001,0.6161003143334742
Direct MC,0.85,22,0.0025,0.6136674712571875
Direct MC,0.85,22,0.005,0.6127877588651867
Direct MC,0.85,22,0.01,0.6131824027247434
Conditioned MC,0.85,22,0.001,0.6153793241579208
Conditioned MC,0.85,22,0.0025,0.6152317824537619
Conditioned MC,0.85,22,0.005,0.6151971800385834
Conditioned MC,0.85,22,0.01,0.6149651472253637
Direct MC,0.95,22,0.001,0.8328537747624631
Direct MC,0.95,22,0.0025,0.8231511847717776
Direct MC,0.95,22,0.005,0.8021958211311677
Direct MC,0.95,22,0.01,0.7945134048118354
Conditioned MC,0.95,22,0.001,0.7928822851551676
Conditioned MC,0.95,22,0.0025,0.7928452100052183
Conditioned MC,0.95,22,0.005,0.7926809896991678
Conditioned MC,0.95,22,0.01,0.7919992316222042
Direct MC,0.7,23,0.001,0.6081852242615771
Direct MC,0.7,23,0.0025,0.6081036640369035
Direct MC,0.7,23,0.005,0.6081725636647715
Direct MC,0.7,23,0.01,0.6079390499268289
Conditioned MC,0.7,23,0.001,0.608222195897925
Conditioned MC,0.7,23,0.0025,0.6081000063474669
Conditioned MC,0.7,23,0.005,0.6081404097286374
Conditioned MC,0.7,23,0.01,0.6079269879940581
Direct MC,0.85,23,0.001,0.6264504939369875
Direct MC,0.85,23,0.0025,0.6312279973283026
Direct MC,0.85,23,0.005,0.6375450610800009
Direct MC,0.85,23,0.01,0.629416031132302
Conditioned MC,0.85,23,0.001,0.6282718782574293
Conditioned MC,0.85,23,0.0025,0.6281988694397782
Conditioned MC,0.85,23,0.005,0.6281167233471567
Conditioned MC,0.85,23,0.01,0.6281941188832239
Direct MC,0.95,23,0.001,0.8157637230151371
Direct MC,0.95,23,0.0025,0.8232598941430371
Direct MC,0.95,23,0.005,0.7989155914181012
Direct MC,0.95,23,0.01,0.8027981269532156
Conditioned MC,0.95,23,0.001,0.8184346499710449
Conditioned MC,0.95,23,0.0025,0.8183889792538235
Conditioned MC,0.95,23,0.005,0.8181950366602955
Conditioned MC,0.95,23,0.01,0.8174178024782854
Direct RQMC,0.7,0,0.001,0.5962032303576947
Direct RQMC,0.7,0,0.0025,0.5962037199712178
Direct RQMC,0.7,0,0.005,0.5960845191728374
Direct RQMC,0.7,0,0.01,0.5958812089696677
Conditioned RQMC,0.7,0,0.001,0.5961906547327711
Conditioned RQMC,0.7,0,0.0025,0.5961836493052033
Conditioned RQMC,0.7,0,0.005,0.5960535639698445
Conditioned RQMC,0.7,0,0.01,0.595853563344372
Direct RQMC,0.85,0,0.001,0.6287116413108329
Direct RQMC,0.85,0,0.0025,0.614645980740999
Direct RQMC,0.85,0,0.005,0.6170648472483027
Direct RQMC,0.85,0,0.01,0.6173072808923488
Conditioned RQMC,0.85,0,0.001,0.6150685849115689
Conditioned RQMC,0.85,0,0.0025,0.6151458053726628
Conditioned RQMC,0.85,0,0.005,0.6151874251534313
Conditioned RQMC,0.85,0,0.01,0.6150741276840384
Direct RQMC,0.95,0,0.001,0.8522475079492908
Direct RQMC,0.95,0,0.0025,0.8439337523045953
Direct RQMC,0.95,0,0.005,0.7954960281571424
Direct RQMC,0.95,0,0.01,0.7924097870043822
Conditioned RQMC,0.95,0,0.001,0.7935707033158845
Conditioned RQMC,0.95,0,0.0025,0.7935158147176526
Conditioned RQMC,0.95,0,0.005,0.7933367295817417
Conditioned RQMC,0.95,0,0.01,0.7926231604336706
Direct RQMC,0.7,1,0.001,0.5955505778760806
Direct RQMC,0.7,1,0.0025,0.5955126810737532
Direct RQMC,0.7,1,0.005,0.5956203564360028
Direct RQMC,0.7,1,0.01,0.5957915969322363
Conditioned RQMC,0.7,1,0.001,0.5955467076450116
Conditioned RQMC,0.7,1,0.0025,0.5955033190750925
Conditioned RQMC,0.7,1,0.005,0.5955976343555971
Conditioned RQMC,0.7,1,0.01,0.5958211121191423
Direct RQMC,0.85,1,0.001,0.6096610202642072
Direct RQMC,0.85,1,0.0025,0.6058680670017438
Direct RQMC,0.85,1,0.005,0.6158697698863094
Direct RQMC,0.85,1,0.01,0.611147461729443
Conditioned RQMC,0.85,1,0.001,0.6150731622022754
Conditioned RQMC,0.85,1,0.0025,0.6150137845774104
Conditioned RQMC,0.85,1,0.005,0.6152255318758737
Conditioned RQMC,0.85,1,0.01,0.6151623112100584
Direct RQMC,0.95,1,0.001,0.8463844631715567
Direct RQMC,0.95,1,0.0025,0.7788495691657005
Direct RQMC,0.95,1,0.005,0.7935377747785166
Direct RQMC,0.95,1,0.01,0.8146016203172581
Conditioned RQMC,0.95,1,0.001,0.7937971499570162
Conditioned RQMC,0.95,1,0.0025,0.7937480515065403
Conditioned RQMC,0.95,1,0.005,0.7935850260902866
Conditioned RQMC,0.95,1,0.01,0.7929007201241136
Direct RQMC,0.7,2,0.001,0.595790954573463
Direct RQMC,0.7,2,0.0025,0.5956104372235806
Direct RQMC,0.7,2,0.005,0.595711990868276
Direct RQMC,0.7,2,0.01,0.5961957645428768
Conditioned RQMC,0.7,2,0.001,0.5957931727919696
Conditioned RQMC,0.7,2,0.0025,0.5956059883022178
Conditioned RQMC,0.7,2,0.005,0.5957049546404196
Conditioned RQMC,0.7,2,0.01,0.5962001327800364
Direct RQMC,0.85,2,0.001,0.5962368098496196
Direct RQMC,0.85,2,0.0025,0.6076353826548946
Direct RQMC,0.85,2,0.005,0.6090240113217718
Direct RQMC,0.85,2,0.01,0.6142896818102752
Conditioned RQMC,0.85,2,0.001,0.6163248565369805
Conditioned RQMC,0.85,2,0.0025,0.616179334215829
Conditioned RQMC,0.85,2,0.005,0.6160997759267399
Conditioned RQMC,0.85,2,0.01,0.6162052940106184
Direct RQMC,0.95,2,0.001,0.8143999012682768
Direct RQMC,0.95,2,0.0025,0.7751179087600217
Direct RQMC,0.95,2,0.005,0.7579904711456384
Direct RQMC,0.95,2,0.01,0.7862691479987687
Conditioned RQMC,0.95,2,0.001,0.794814793311005
Conditioned RQMC,0.95,2,0.0025,0.794769519668888
Conditioned RQMC,0.95,2,0.005,0.7945959175987207
Conditioned RQMC,0.95,2,0.01,0.7938916154062206
Direct RQMC,0.7,3,0.001,0.5941302060649001
Direct RQMC,0.7,3,0.0025,0.594296314052972
Direct RQMC,0.7,3,0.005,0.5943267907493599
Direct RQMC,0.7,3,0.01,0.5943304065052075
Conditioned RQMC,0.7,3,0.001,0.5942612887657006
Conditioned RQMC,0.7,3,0.0025,0.5944358885948589
Conditioned RQMC,0.7,3,0.005,0.5944395933098807
Conditioned RQMC,0.7,3,0.01,0.5944185946845923
Direct RQMC,0.85,3,0.001,0.6108313939703791
Direct RQMC,0.85,3,0.0025,0.6060271076682717
Direct RQMC,0.85,3,0.005,0.6042230218300126
Direct RQMC,0.85,3,0.01,0.6066507874175526
Conditioned RQMC,0.85,3,0.001,0.6142787754306411
Conditioned RQMC,0.85,3,0.0025,0.6141508059609322
Conditioned RQMC,0.85,3,0.005,0.6140483596540811
Conditioned RQMC,0.85,3,0.01,0.6141034728828654
Direct RQMC,0.95,3,0.001,0.7699292035195615
Direct RQMC,0.95,3,0.0025,0.7689930652978223
Direct RQMC,0.95,3,0.005,0.7815501496469448
Direct RQMC,0.95,3,0.01,0.7800154670282029
Conditioned RQMC,0.95,3,0.001,0.7949748194329231
Conditioned RQMC,0.95,3,0.0025,0.7949333411615971
Conditioned RQMC,0.95,3,0.005,0.794765137403572
Conditioned RQMC,0.95,3,0.01,0.7940540960760787
Direct RQMC,0.7,4,0.001,0.5937740802408253
Direct RQMC,0.7,4,0.0025,0.5937868450830344
Direct RQMC,0.7,4,0.005,0.5938178415168327
Direct RQMC,0.7,4,0.01,0.5936596902183249
Conditioned RQMC,0.7,4,0.001,0.5938386143631558
Conditioned RQMC,0.7,4,0.0025,0.5938701660338737
Conditioned RQMC,0.7,4,0.005,0.5938942835042127
Conditioned RQMC,0.7,4,0.01,0.5936879230010694
Direct RQMC,0.85,4,0.001,0.5963240138863846
Direct RQMC,0.85,4,0.0025,0.6004964264359955
Direct RQMC,0.85,4,0.005,0.6061598746266661
Direct RQMC,0.85,4,0.01,0.6080547541094199
Conditioned RQMC,0.85,4,0.001,0.6132608145039775
Conditioned RQMC,0.85,4,0.0025,0.6135276522337634
Conditioned RQMC,0.85,4,0.005,0.6135680658661666
Conditioned RQMC,0.85,4,0.01,0.6136086049159264
Direct RQMC,0.95,4,0.001,0.7608760459977404
Direct RQMC,0.95,4,0.0025,0.8283303469690448
Direct RQMC,0.95,4,0.005,0.8067556408352399
Direct RQMC,0.95,4,0.01,0.7960953334588088
Conditioned RQMC,0.95,4,0.001,0.7948855011073608
Conditioned RQMC,0.95,4,0.0025,0.7948346915932714
Conditioned RQMC,0.95,4,0.005,0.7946568715784865
Conditioned RQMC,0.95,4,0.01,0.7939633701074094
Direct RQMC,0.7,5,0.001,0.5949584147076337
Direct RQMC,0.7,5,0.0025,0.5950930866002366
Direct RQMC,0.7,5,0.005,0.5951202380344522
Direct RQMC,0.7,5,0.01,0.5950864893237524
Conditioned RQMC,0.7,5,0.001,0.5949866940117943
Conditioned RQMC,0.7,5,0.0025,0.5951215281183551
Conditioned RQMC,0.7,5,0.005,0.5951685697455922
Conditioned RQMC,0.7,5,0.01,0.5951305588093607
Direct RQMC,0.85,5,0.001,0.6053353394653005
Direct RQMC,0.85,5,0.0025,0.6221803265286177
Direct RQMC,0.85,5,0.005,0.6187306050121464
Direct RQMC,0.85,5,0.01,0.6152583809905043
Conditioned RQMC,0.85,5,0.001,0.6154656549187631
Conditioned RQMC,0.85,5,0.0025,0.6154278786013094
Conditioned RQMC,0.85,5,0.005,0.615234446732039
Conditioned RQMC,0.85,5,0.01,0.6152094864088169
Direct RQMC,0.95,5,0.001,0.7408058338109713
Direct RQMC,0.95,5,0.0025,0.7749413190592325
Direct RQMC,0.95,5,0.005,0.7897551502411302
Direct RQMC,0.95,5,0.01,0.7875015776278556
Conditioned RQMC,0.95,5,0.001,0.7936349095617867
Conditioned RQMC,0.95,5,0.0025,0.7935819488684484
Conditioned RQMC,0.95,5,0.005,0.7934169966321392
Conditioned RQMC,0.95,5,0.01,0.7927363567078487
Direct RQMC,0.7,6,0.001,0.5941616663570937
Direct RQMC,0.7,6,0.0025,0.5940745647449717
Direct RQMC,0.7,6,0.005,0.5941251850465932
Direct RQMC,0.7,6,0.01,0.5938135816380941
Conditioned RQMC,0.7,6,0.001,0.5941815338002243
Conditioned RQMC,0.7,6,0.0025,0.5940888696176323
Conditioned RQMC,0.7,6,0.005,0.5941538828010948
Conditioned RQMC,0.7,6,0.01,0.5938466532324949
Direct RQMC,0.85,6,0.001,0.6224265149274988
Direct RQMC,0.85,6,0.0025,0.6166228055706888
Direct RQMC,0.85,6,0.005,0.6103266164770833
Direct RQMC,0.85,6,0.01,0.6149448991431474
Conditioned RQMC,0.85,6,0.001,0.6147849181570386
Conditioned RQMC,0.85,6,0.0025,0.6147417069351491
Conditioned RQMC,0.85,6,0.005,0.6147998984456269
Conditioned RQMC,0.85,6,0.01,0.6146345654963605
Direct RQMC,0.95,6,0.001,0.7875761433368611
Direct RQMC,0.95,6,0.0025,0.8235303456538379
Direct RQMC,0.95,6,0.005,0.8109603902038485
Direct RQMC,0.95,6,0.01,0.8076061672140211
Conditioned RQMC,0.95,6,0.001,0.7949310009983135
Conditioned RQMC,0.95,6,0.0025,0.7948640729450123
Conditioned RQMC,0.95,6,0.005,0.7946603395371596
Conditioned RQMC,0.95,6,0.01,0.793937393005999
Direct RQMC,0.7,7,0.001,0.5949984289410359
Direct RQMC,0.7,7,0.0025,0.5948511709830484
Direct RQMC,0.7,7,0.005,0.594589307515518
Direct RQMC,0.7,7,0.01,0.5941249925519791
Conditioned RQMC,0.7,7,0.001,0.5950506164116298
Conditioned RQMC,0.7,7,0.0025,0.5948840145983532
Conditioned RQMC,0.7,7,0.005,0.5946567022228813
Conditioned RQMC,0.7,7,0.01,0.5941933292963784
Direct RQMC,0.85,7,0.001,0.6037631158189871
Direct RQMC,0.85,7,0.0025,0.6073577420695706
Direct RQMC,0.85,7,0.005,0.6163388194536772
Direct RQMC,0.85,7,0.01,0.6116126476923673
Conditioned RQMC,0.85,7,0.001,0.6145655121254023
Conditioned RQMC,0.85,7,0.0025,0.6144811406237949
Conditioned RQMC,0.85,7,0.005,0.614335185410626
Conditioned RQMC,0.85,7,0.01,0.6141674212966888
Direct RQMC,0.95,7,0.001,0.7858845332094333
Direct RQMC,0.95,7,0.0025,0.7812024254632277
Direct RQMC,0.95,7,0.005,0.7809812123858029
Direct RQMC,0.95,7,0.01,0.7830745457483279
Conditioned RQMC,0.95,7,0.001,0.7936452467124067
Conditioned RQMC,0.95,7,0.0025,0.7935877668098463
Conditioned RQMC,0.95,7,0.005,0.7934040413385421
Conditioned RQMC,0.95,7,0.01,0.7927219623499782
Direct RQMC,0.7,8,0.001,0.5943966877210549
Direct RQMC,0.7,8,0.0025,0.5944566199114121
Direct RQMC,0.7,8,0.005,0.5943775367588007
Direct RQMC,0.7,8,0.01,0.5944538656723717
Conditioned RQMC,0.7,8,0.001,0.594472022968846
Conditioned RQMC,0.7,8,0.0025,0.5945099488299235
Conditioned RQMC,0.7,8,0.005,0.5944167232139783
Conditioned RQMC,0.7,8,0.01,0.5945277337832469
Direct RQMC,0.85,8,0.001,0.6225871218170642
Direct RQMC,0.85,8,0.0025,0.6115292951085678
Direct RQMC,0.85,8,0.005,0.6152185177236333
Direct RQMC,0.85,8,0.01,0.6192642590707611
Conditioned RQMC,0.85,8,0.001,0.6137195950486785
Conditioned RQMC,0.85,8,0.0025,0.6136810128960342
Conditioned RQMC,0.85,8,0.005,0.613631342986114
Conditioned RQMC,0.85,8,0.01,0.613593065875663
Direct RQMC,0.95,8,0.001,0.8474859028479109
Direct RQMC,0.95,8,0.0025,0.8179230157406074
Direct RQMC,0.95,8,0.005,0.8004615219407487
Direct RQMC,0.95,8,0.01,0.7963692046160893
Conditioned RQMC,0.95,8,0.001,0.7922617405725285
Conditioned RQMC,0.95,8,0.0025,0.7922251301555487
Conditioned RQMC,0.95,8,0.005,0.7920564047557432
Conditioned RQMC,0.95,8,0.01,0.7913819174305474
Direct RQMC,0.7,9,0.001,0.5923065700341557
Direct RQMC,0.7,9,0.0025,0.5920967956853325
Direct RQMC,0.7,9,0.005,0.5920951962845713
Direct RQMC,0.7,9,0.01,0.5920603416682031
Conditioned RQMC,0.7,9,0.001,0.5922335509486842
Conditioned RQMC,0.7,9,0.0025,0.5920341613907745
Conditioned RQMC,0.7,9,0.005,0.5920569901671673
Conditioned RQMC,0.7,9,0.01,0.592055291827382
Direct RQMC,0.85,9,0.001,0.5995337952907587
Direct RQMC,0.85,9,0.0025,0.6127570162594438
Direct RQMC,0.85,9,0.005,0.6126203419984595
Direct RQMC,0.85,9,0.01,0.6103219896061409
Conditioned RQMC,0.85,9,0.001,0.6120375184417259
Conditioned RQMC,0.85,9,0.0025,0.6121151115397048
Conditioned RQMC,0.85,9,0.005,0.6122200887584164
Conditioned RQMC,0.85,9,0.01,0.6123682563566879
Direct RQMC,0.95,9,0.001,0.7993977232566607
Direct RQMC,0.95,9,0.0025,0.8184335021779034
Direct RQMC,0.95,9,0.005,0.8138904561192506
Direct RQMC,0.95,9,0.01,0.8071805564930776
Conditioned RQMC,0.95,9,0.001,0.7938355005155495
Conditioned RQMC,0.95,9,0.0025,0.7937985565809633
Conditioned RQMC,0.95,9,0.005,0.7936333250145795
Conditioned RQMC,0.95,9,0.01,0.7929219309480064
Direct RQMC,0.7,10,0.001,0.596706635973181
Direct RQMC,0.7,10,0.0025,0.5968638109692996
Direct RQMC,0.7,10,0.005,0.5967934543287381
Direct RQMC,0.7,10,0.01,0.5963837085335149
Conditioned RQMC,0.7,10,0.001,0.5968453153655595
Conditioned RQMC,0.7,10,0.0025,0.5969899651018871
Conditioned RQMC,0.7,10,0.005,0.5968921624032237
Conditioned RQMC,0.7,10,0.01,0.5964661020079234
Direct RQMC,0.85,10,0.001,0.6025650092869839
Direct RQMC,0.85,10,0.0025,0.6090869573004731
Direct RQMC,0.85,10,0.005,0.6213748266251127
Direct RQMC,0.85,10,0.01,0.6192336429195966
Conditioned RQMC,0.85,10,0.001,0.615115206787884
Conditioned RQMC,0.85,10,0.0025,0.6150355198746098
Conditioned RQMC,0.85,10,0.005,0.6149196901458573
Conditioned RQMC,0.85,10,0.01,0.6146331418940147
Direct RQMC,0.95,10,0.001,0.7976016231247307
Direct RQMC,0.95,10,0.0025,0.8351967317377422
Direct RQMC,0.95,10,0.005,0.8122273867975345
Direct RQMC,0.95,10,0.01,0.7921929313971265
Conditioned RQMC,0.95,10,0.001,0.7942296323256315
Conditioned RQMC,0.95,10,0.0025,0.7941795315710607
Conditioned RQMC,0.95,10,0.005,0.7939941209435046
Conditioned RQMC,0.95,10,0.01,0.7932622430016774
Direct RQMC,0.7,11,0.001,0.5954227837483028
Direct RQMC,0.7,11,0.0025,0.595363781777543
Direct RQMC,0.7,11,0.005,0.5952955494462486
Direct RQMC,0.7,11,0.01,0.5950733636488792
Conditioned RQMC,0.7,11,0.001,0.5954039196357819
Conditioned RQMC,0.7,11,0.0025,0.5953458709045591
Conditioned RQMC,0.7,11,0.005,0.5952810966608642
Conditioned RQMC,0.7,11,0.01,0.5950588398465193
Direct RQMC,0.85,11,0.001,0.5936862310775037
Direct RQMC,0.85,11,0.0025,0.6110379447203655
Direct RQMC,0.85,11,0.005,0.6122656147307968
Direct RQMC,0.85,11,0.01,0.6155084867019052
Conditioned RQMC,0.85,11,0.001,0.6139050712660765
Conditioned RQMC,0.85,11,0.0025,0.6140192205034403
Conditioned RQMC,0.85,11,0.005,0.6140614656061683
Conditioned RQMC,0.85,11,0.01,0.6140705915277223
Direct RQMC,0.95,11,0.001,0.8191581257782099
Direct RQMC,0.95,11,0.0025,0.7897226096565646
Direct RQMC,0.95,11,0.005,0.8095419477620913
Direct RQMC,0.95,11,0.01,0.8046170606113323
Conditioned RQMC,0.95,11,0.001,0.7940991491074056
Conditioned RQMC,0.95,11,0.0025,0.7940382710196392
Conditioned RQMC,0.95,11,0.005,0.7938492667570349
Conditioned RQMC,0.95,11,0.01,0.7931565506763678
Direct RQMC,0.7,12,0.001,0.5944292001714846
Direct RQMC,0.7,12,0.0025,0.5943099862144727
Direct RQMC,0.7,12,0.005,0.5941884449789772
Direct RQMC,0.7,12,0.01,0.594412954663893
Conditioned RQMC,0.7,12,0.001,0.5943894651988213
Conditioned RQMC,0.7,12,0.0025,0.59426088064167
Conditioned RQMC,0.7,12,0.005,0.5941411483243293
Conditioned RQMC,0.7,12,0.01,0.5943743211985257
Direct RQMC,0.85,12,0.001,0.6128620223992343
Direct RQMC,0.85,12,0.0025,0.6222824861111889
Direct RQMC,0.85,12,0.005,0.621918991423474
Direct RQMC,0.85,12,0.01,0.6217981467254967
Conditioned RQMC,0.85,12,0.001,0.6153112128938165
Conditioned RQMC,0.85,12,0.0025,0.6153026333854577
Conditioned RQMC,0.85,12,0.005,0.6153506355984089
Conditioned RQMC,0.85,12,0.01,0.6154538887886023
Direct RQMC,0.95,12,0.001,0.7627161329220078
Direct RQMC,0.95,12,0.0025,0.7938461981798639
Direct RQMC,0.95,12,0.005,0.8035813089413937
Direct RQMC,0.95,12,0.01,0.7924151896290783
Conditioned RQMC,0.95,12,0.001,0.7927848913242119
Conditioned RQMC,0.95,12,0.0025,0.7927448626315705
Conditioned RQMC,0.95,12,0.005,0.7925716327196337
Conditioned RQMC,0.95,12,0.01,0.7918800348241088
Direct RQMC,0.7,13,0.001,0.5960022405002974
Direct RQMC,0.7,13,0.0025,0.5960567854032739
Direct RQMC,0.7,13,0.005,0.5961157672492448
Direct RQMC,0.7,13,0.01,0.596037516622121
Conditioned RQMC,0.7,13,0.001,0.5960162239423461
Conditioned RQMC,0.7,13,0.0025,0.5960880215572182
Conditioned RQMC,0.7,13,0.005,0.5961556015371077
Conditioned RQMC,0.7,13,0.01,0.5960611883224347
Direct RQMC,0.85,13,0.001,0.6212089228564999
Direct RQMC,0.85,13,0.0025,0.6182750578516831
Direct RQMC,0.85,13,0.005,0.6191955974192513
Direct RQMC,0.85,13,0.01,0.6120790152212283
Conditioned RQMC,0.85,13,0.001,0.6160088343243952
Conditioned RQMC,0.85,13,0.0025,0.6160311625604287
Conditioned RQMC,0.85,13,0.005,0.6161056645087939
Conditioned RQMC,0.85,13,0.01,0.6159789272022596
Direct RQMC,0.95,13,0.001,0.794086712665969
Direct RQMC,0.95,13,0.0025,0.7957395121696162
Direct RQMC,0.95,13,0.005,0.7910779787611606
Direct RQMC,0.95,13,0.01,0.7978374150998051
Conditioned RQMC,0.95,13,0.001,0.7947665622966449
Conditioned RQMC,0.95,13,0.0025,0.7947204183958618
Conditioned RQMC,0.95,13,0.005,0.79454755843269
Conditioned RQMC,0.95,13,0.01,0.7938595553978427
Direct RQMC,0.7,14,0.001,0.5966630607952972
Direct RQMC,0.7,14,0.0025,0.5965792275567345
Direct RQMC,0.7,14,0.005,0.5967050738669712
Direct RQMC,0.7,14,0.01,0.597069869562671
Conditioned RQMC,0.7,14,0.001,0.5967005443975015
Conditioned RQMC,0.7,14,0.0025,0.5965566768528561
Conditioned RQMC,0.7,14,0.005,0.5966457196988628
Conditioned RQMC,0.7,14,0.01,0.5969785420870464
Direct RQMC,0.85,14,0.001,0.6306715626033288
Direct RQMC,0.85,14,0.0025,0.6312631008873772
Direct RQMC,0.85,14,0.005,0.6278923182659835
Direct RQMC,0.85,14,0.01,0.618736182022602
Conditioned RQMC,0.85,14,0.001,0.6147004769847086
Conditioned RQMC,0.85,14,0.0025,0.6145522564876131
Conditioned RQMC,0.85,14,0.005,0.614583119267083
Conditioned RQMC,0.85,14,0.01,0.6148051739323619
Direct RQMC,0.95,14,0.001,0.7868846547765695
Direct RQMC,0.95,14,0.0025,0.7598498176027384
Direct RQMC,0.95,14,0.005,0.7875140325928482
Direct RQMC,0.95,14,0.01,0.7975293463067827
Conditioned RQMC,0.95,14,0.001,0.7941756969368718
Conditioned RQMC,0.95,14,0.0025,0.7941309724801009
Conditioned RQMC,0.95,14,0.005,0.7939619320836542
Conditioned RQMC,0.95,14,0.01,0.793259313563794
Direct RQMC,0.7,15,0.001,0.5934651371603827
Direct RQMC,0.7,15,0.0025,0.593587163297908
Direct RQMC,0.7,15,0.005,0.5938481042046231
Direct RQMC,0.7,15,0.01,0.5941242413295376
Conditioned RQMC,0.7,15,0.001,0.5935883695280442
Conditioned RQMC,0.7,15,0.0025,0.5937234098838147
Conditioned RQMC,0.7,15,0.005,0.5939590375391024
Conditioned RQMC,0.7,15,0.01,0.5942083784353045
Direct RQMC,0.85,15,0.001,0.6088952260398894
Direct RQMC,0.85,15,0.0025,0.6026560843937645
Direct RQMC,0.85,15,0.005,0.6155253679741346
Direct RQMC,0.85,15,0.01,0.6140249273552789
Conditioned RQMC,0.85,15,0.001,0.6131074759586674
Conditioned RQMC,0.85,15,0.0025,0.6131317557643712
Conditioned RQMC,0.85,15,0.005,0.613203628138173
Conditioned RQMC,0.85,15,0.01,0.6134599330460615
Direct RQMC,0.95,15,0.001,0.7053501016216801
Direct RQMC,0.95,15,0.0025,0.7825498368708992
Direct RQMC,0.95,15,0.005,0.8078960175367165
Direct RQMC,0.95,15,0.01,0.7941725770817603
Conditioned RQMC,0.95,15,0.001,0.7934507334986174
Conditioned RQMC,0.95,15,0.0025,0.7934094731600769
Conditioned RQMC,0.95,15,0.005,0.7932204364915529
Conditioned RQMC,0.95,15,0.01,0.7924841119809036
Direct RQMC,0.7,16,0.001,0.5981686790755436
Direct RQMC,0.7,16,0.0025,0.5980673547647122
Direct RQMC,0.7,16,0.005,0.5978931786532389
Direct RQMC,0.7,16,0.01,0.5971615807794537
Conditioned RQMC,0.7,16,0.001,0.5981854577690715
Conditioned RQMC,0.7,16,0.0025,0.598096081909059
Conditioned RQMC,0.7,16,0.005,0.5978044035913186
Conditioned RQMC,0.7,16,0.01,0.5971331266673419
Direct RQMC,0.85,16,0.001,0.6311033845294389
Direct RQMC,0.85,16,0.0025,0.6203714234679261
Direct RQMC,0.85,16,0.005,0.6191798366312504
Direct RQMC,0.85,16,0.01,0.6170402947535938
Conditioned RQMC,0.85,16,0.001,0.6162257108589042
Conditioned RQMC,0.85,16,0.0025,0.6161619244857199
Conditioned RQMC,0.85,16,0.005,0.6160195717079358
Conditioned RQMC,0.85,16,0.01,0.6155038025034303
Direct RQMC,0.95,16,0.001,0.7729762762062409
Direct RQMC,0.95,16,0.0025,0.8124862302089397
Direct RQMC,0.95,16,0.005,0.8085713447735499
Direct RQMC,0.95,16,0.01,0.7937309716432903
Conditioned RQMC,0.95,16,0.001,0.794472108921993
Conditioned RQMC,0.95,16,0.0025,0.794410861538493
Conditioned RQMC,0.95,16,0.005,0.7942324902735534
Conditioned RQMC,0.95,16,0.01,0.7935377903684944
Direct RQMC,0.7,17,0.001,0.5969383439661424
Direct RQMC,0.7,17,0.0025,0.5965851708515331
Direct RQMC,0.7,17,0.005,0.596406964878053
Direct RQMC,0.7,17,0.01,0.5962577118519272
Conditioned RQMC,0.7,17,0.001,0.5970859643873982
Conditioned RQMC,0.7,17,0.0025,0.5967305007272401
Conditioned RQMC,0.7,17,0.005,0.5965221429711249
Conditioned RQMC,0.7,17,0.01,0.5963499918324704
Direct RQMC,0.85,17,0.001,0.6003685802069381
Direct RQMC,0.85,17,0.0025,0.6098302541328344
Direct RQMC,0.85,17,0.005,0.6123561786572633
Direct RQMC,0.85,17,0.01,0.6135705584043452
Conditioned RQMC,0.85,17,0.001,0.6160204494456245
Conditioned RQMC,0.85,17,0.0025,0.6159792993003315
Conditioned RQMC,0.85,17,0.005,0.6158371734358496
Conditioned RQMC,0.85,17,0.01,0.6157578199199412
Direct RQMC,0.95,17,0.001,0.7254337014679191
Direct RQMC,0.95,17,0.0025,0.7711569240218257
Direct RQMC,0.95,17,0.005,0.771078216764594
Direct RQMC,0.95,17,0.01,0.785581054299695
Conditioned RQMC,0.95,17,0.001,0.794408935802382
Conditioned RQMC,0.95,17,0.0025,0.7943670887818381
Conditioned RQMC,0.95,17,0.005,0.7941880398819201
Conditioned RQMC,0.95,17,0.01,0.7934731877570815
Direct RQMC,0.7,18,0.001,0.5960977204571716
Direct RQMC,0.7,18,0.0025,0.5960546241179685
Direct RQMC,0.7,18,0.005,0.5958457203091942
Direct RQMC,0.7,18,0.01,0.5954146642478051
Conditioned RQMC,0.7,18,0.001,0.5961325681171115
Conditioned RQMC,0.7,18,0.0025,0.5960918453712836
Conditioned RQMC,0.7,18,0.005,0.595861882840655
Conditioned RQMC,0.7,18,0.01,0.5954346884386803
Direct RQMC,0.85,18,0.001,0.6216191338347876
Direct RQMC,0.85,18,0.0025,0.6228970920274151
Direct RQMC,0.85,18,0.005,0.617676035336471
Direct RQMC,0.85,18,0.01,0.6157787488716053
Conditioned RQMC,0.85,18,0.001,0.6154573396920249
Conditioned RQMC,0.85,18,0.0025,0.615504144702907
Conditioned RQMC,0.85,18,0.005,0.6153776656161938
Conditioned RQMC,0.85,18,0.01,0.6153280441703508
Direct RQMC,0.95,18,0.001,0.8343825853375719
Direct RQMC,0.95,18,0.0025,0.7938269277768235
Direct RQMC,0.95,18,0.005,0.8008305552508332
Direct RQMC,0.95,18,0.01,0.8142718206746293
Conditioned RQMC,0.95,18,0.001,0.7930809920547377
Conditioned RQMC,0.95,18,0.0025,0.7930216985468714
Conditioned RQMC,0.95,18,0.005,0.7928491947483884
Conditioned RQMC,0.95,18,0.01,0.7921558892110272
Direct RQMC,0.7,19,0.001,0.5903682231742291
Direct RQMC,0.7,19,0.0025,0.5903997077894587
Direct RQMC,0.7,19,0.005,0.5903981858030676
Direct RQMC,0.7,19,0.01,0.5906443585787455
Conditioned RQMC,0.7,19,0.001,0.5903616482337881
Conditioned RQMC,0.7,19,0.0025,0.5903959069767488
Conditioned RQMC,0.7,19,0.005,0.5904047349990922
Conditioned RQMC,0.7,19,0.01,0.5906374835965611
Direct RQMC,0.85,19,0.001,0.5963015806091043
Direct RQMC,0.85,19,0.0025,0.6105431715020337
Direct RQMC,0.85,19,0.005,0.6084054549458706
Direct RQMC,0.85,19,0.01,0.6079226679393375
Conditioned RQMC,0.85,19,0.001,0.610698715335749
Conditioned RQMC,0.85,19,0.0025,0.6107444353658309
Conditioned RQMC,0.85,19,0.005,0.6108224025937652
Conditioned RQMC,0.85,19,0.01,0.6111477760386519
Direct RQMC,0.95,19,0.001,0.734945750975351
Direct RQMC,0.95,19,0.0025,0.7561465420882101
Direct RQMC,0.95,19,0.005,0.7840922995538104
Direct RQMC,0.95,19,0.01,0.7841125229117591
Conditioned RQMC,0.95,19,0.001,0.7941570276364063
Conditioned RQMC,0.95,19,0.0025,0.7941137855525859
Conditioned RQMC,0.95,19,0.005,0.7939323233659623
Conditioned RQMC,0.95,19,0.01,0.7932352732575643
Direct RQMC,0.7,20,0.001,0.597996310773663
Direct RQMC,0.7,20,0.0025,0.5981943836449197
Direct RQMC,0.7,20,0.005,0.5981935022142437
Direct RQMC,0.7,20,0.01,0.598217178683452
Conditioned RQMC,0.7,20,0.001,0.5980097726366917
Conditioned RQMC,0.7,20,0.0025,0.5982297023066288
Conditioned RQMC,0.7,20,0.005,0.598238573390331
Conditioned RQMC,0.7,20,0.01,0.5982273047491109
Direct RQMC,0.85,20,0.001,0.6148450077419376
Direct RQMC,0.85,20,0.0025,0.6236819932228066
Direct RQMC,0.85,20,0.005,0.6204874777232856
Direct RQMC,0.85,20,0.01,0.6211445363082388
Conditioned RQMC,0.85,20,0.001,0.6173425381157926
Conditioned RQMC,0.85,20,0.0025,0.6175286284749433
Conditioned RQMC,0.85,20,0.005,0.6176771693368082
Conditioned RQMC,0.85,20,0.01,0.6177648192548006
Direct RQMC,0.95,20,0.001,0.7782764535656561
Direct RQMC,0.95,20,0.0025,0.7820782847178567
Direct RQMC,0.95,20,0.005,0.763068496775487
Direct RQMC,0.95,20,0.01,0.7749666734517864
Conditioned RQMC,0.95,20,0.001,0.7942240554012159
Conditioned RQMC,0.95,20,0.0025,0.7941818011962383
Conditioned RQMC,0.95,20,0.005,0.7940045399869593
Conditioned RQMC,0.95,20,0.01,0.7932995741777793
Direct RQMC,0.7,21,0.001,0.5938855420150002
Direct RQMC,0.7,21,0.0025,0.5938713812581788
Direct RQMC,0.7,21,0.005,0.5938507629170164
Direct RQMC,0.7,21,0.01,0.5941547723153668
Conditioned RQMC,0.7,21,0.001,0.5938752165191286
Conditioned RQMC,0.7,21,0.0025,0.5938793943112621
Conditioned RQMC,0.7,21,0.005,0.5938338790214175
Conditioned RQMC,0.7,21,0.01,0.5941121174193276
Direct RQMC,0.85,21,0.001,0.605977471120589
Direct RQMC,0.85,21,0.0025,0.6068788476038094
Direct RQMC,0.85,21,0.005,0.6084997039158111
Direct RQMC,0.85,21,0.01,0.6121806056625974
Conditioned RQMC,0.85,21,0.001,0.6120428554633683
Conditioned RQMC,0.85,21,0.0025,0.6121329500944483
Conditioned RQMC,0.85,21,0.005,0.6121150887950151
Conditioned RQMC,0.85,21,0.01,0.6122002197254091
Direct RQMC,0.95,21,0.001,0.771430431967346
Direct RQMC,0.95,21,0.0025,0.7504228666199086
Direct RQMC,0.95,21,0.005,0.7656268435911864
Direct RQMC,0.95,21,0.01,0.7968149813227341
Conditioned RQMC,0.95,21,0.001,0.7937404185609642
Conditioned RQMC,0.95,21,0.0025,0.7936883921171116
Conditioned RQMC,0.95,21,0.005,0.7934906256001355
Conditioned RQMC,0.95,21,0.01,0.7927876062287509
Direct RQMC,0.7,22,0.001,0.5914425039829663
Direct RQMC,0.7,22,0.0025,0.5915303722043816
Direct RQMC,0.7,22,0.005,0.591839485440607
Direct RQMC,0.7,22,0.01,0.5922212503274329
Conditioned RQMC,0.7,22,0.001,0.591496791122541
Conditioned RQMC,0.7,22,0.0025,0.591577597519386
Conditioned RQMC,0.7,22,0.005,0.5918942401504008
Conditioned RQMC,0.7,22,0.01,0.5922991981103509
Direct RQMC,0.85,22,0.001,0.6041628065518267
Direct RQMC,0.85,22,0.0025,0.6068093752190684
Direct RQMC,0.85,22,0.005,0.6127074469376499
Direct RQMC,0.85,22,0.01,0.6104022529067739
Conditioned RQMC,0.85,22,0.001,0.6111963902245598
Conditioned RQMC,0.85,22,0.0025,0.6112026712541798
Conditioned RQMC,0.85,22,0.005,0.6113282712606196
Conditioned RQMC,0.85,22,0.01,0.6114546762410842
Direct RQMC,0.95,22,0.001,0.8841151234487699
Direct RQMC,0.95,22,0.0025,0.8824736530633004
Direct RQMC,0.95,22,0.005,0.8304344143917319
Direct RQMC,0.95,22,0.01,0.8066315985283525
Conditioned RQMC,0.95,22,0.001,0.7929138701687455
Conditioned RQMC,0.95,22,0.0025,0.7928570443813552
Conditioned RQMC,0.95,22,0.005,0.7926790213002004
Conditioned RQMC,0.95,22,0.01,0.7919799304247075
Direct RQMC,0.7,23,0.001,0.5959765023051133
Direct RQMC,0.7,23,0.0025,0.5959792428041979
Direct RQMC,0.7,23,0.005,0.596014956606977
Direct RQMC,0.7,23,0.01,0.5957951071269232
Conditioned RQMC,0.7,23,0.001,0.5958902357823792
Conditioned RQMC,0.7,23,0.0025,0.5958862034890906
Conditioned RQMC,0.7,23,0.005,0.5959636010984504
Conditioned RQMC,0.7,23,0.01,0.595779880035872
Direct RQMC,0.85,23,0.001,0.6012038555583299
Direct RQMC,0.85,23,0.0025,0.6084556011101796
Direct RQMC,0.85,23,0.005,0.6119900167421601
Direct RQMC,0.85,23,0.01,0.6131029119637468
Conditioned RQMC,0.85,23,0.001,0.6160744002964336
Conditioned RQMC,0.85,23,0.0025,0.6161657992077956
Conditioned RQMC,0.85,23,0.005,0.616202469544584
Conditioned RQMC,0.85,23,0.01,0.6160516315402007
Direct RQMC,0.95,23,0.001,0.7921056919238767
Direct RQMC,0.95,23,0.0025,0.7973082167750825
Direct RQMC,0.95,23,0.005,0.8068010447112703
Direct RQMC,0.95,23,0.01,0.7910814636535828
Conditioned RQMC,0.95,23,0.001,0.7952432368417783
Conditioned RQMC,0.95,23,0.0025,0.7951889078386589
Conditioned RQMC,0.95,23,0.005,0.7950079077092651
Conditioned RQMC,0.95,23,0.01,0.794316248201437
