Method,Barrier ratio,Replication,Spot bump,Gamma
Direct MC,0.7,0,0.001,0.01751330187609312
Direct MC,0.7,0,0.0025,0.01837904824543557
Direct MC,0.7,0,0.005,0.018459692637243563
Direct MC,0.7,0,0.01,0.018505797353121523
Conditioned MC,0.7,0,0.001,0.01763948557549355
Conditioned MC,0.7,0,0.0025,0.018415834389884367
Conditioned MC,0.7,0,0.005,0.018423555986387896
Conditioned MC,0.7,0,0.01,0.018482660236717408
Direct MC,0.85,0,0.001,0.23357530162524393
Direct MC,0.85,0,0.0025,0.017036357760360943
Direct MC,0.85,0,0.005,0.029904849731472893
Direct MC,0.85,0,0.01,0.02434000418362281
Conditioned MC,0.85,0,0.001,0.019656199240891677
Conditioned MC,0.85,0,0.0025,0.017900677209468085
Conditioned MC,0.85,0,0.005,0.01664267291696575
Conditioned MC,0.85,0,0.01,0.015872055756034342
Direct MC,0.95,0,0.001,0.5890750323579218
Direct MC,0.95,0,0.0025,0.39016651532998026
Direct MC,0.95,0,0.005,-0.0796868839198055
Direct MC,0.95,0,0.01,-0.017679277412592675
Conditioned MC,0.95,0,0.001,0.014742610102569383
Conditioned MC,0.95,0,0.0025,0.014672004632743096
Conditioned MC,0.95,0,0.005,0.01473643577849515
Conditioned MC,0.95,0,0.01,0.014868038127497485
Direct MC,0.7,1,0.001,0.10528800806390846
Direct MC,0.7,1,0.0025,0.03394055891837411
Direct MC,0.7,1,0.005,0.024036734732284515
Direct MC,0.7,1,0.01,0.021837958157030712
Conditioned MC,0.7,1,0.001,0.021481135549805682
Conditioned MC,0.7,1,0.0025,0.020467093007738413
Conditioned MC,0.7,1,0.005,0.020577729662399236
Conditioned MC,0.7,1,0.01,0.02091733010408703
Direct MC,0.85,1,0.001,-0.06403763323241661
Direct MC,0.85,1,0.0025,-0.045377517319877825
Direct MC,0.85,1,0.005,-0.0270233432711251
Direct MC,0.85,1,0.01,0.000838184698976896
Conditioned MC,0.85,1,0.001,0.01895452330398228
Conditioned MC,0.85,1,0.0025,0.018610390924294506
Conditioned MC,0.85,1,0.005,0.018016707415505095
Conditioned MC,0.85,1,0.01,0.01807697661666996
Direct MC,0.95,1,0.001,0.27281824487976886
Direct MC,0.95,1,0.0025,-0.10254325747102655
Direct MC,0.95,1,0.005,-0.037148603938234714
Direct MC,0.95,1,0.01,-0.04022347196162457
Conditioned MC,0.95,1,0.001,0.015072167757868012
Conditioned MC,0.95,1,0.0025,0.014768860335564682
Conditioned MC,0.95,1,0.005,0.01480143022291358
Conditioned MC,0.95,1,0.01,0.014840556990184162
Direct MC,0.7,2,0.001,0.018373381291070242
Direct MC,0.7,2,0.0025,0.018442965885583362
Direct MC,0.7,2,0.005,0.019368389530775687
Direct MC,0.7,2,0.01,0.020194985430848078
Conditioned MC,0.7,2,0.001,0.017449364667321273
Conditioned MC,0.7,2,0.0025,0.018354761082292725
Conditioned MC,0.7,2,0.005,0.01931848919930701
Conditioned MC,0.7,2,0.01,0.020189206057024123
Direct MC,0.85,2,0.001,0.208351701898124
Direct MC,0.85,2,0.0025,0.1390530832719037
Direct MC,0.85,2,0.005,0.043376833963414185
Direct MC,0.85,2,0.01,0.027467472018187777
Conditioned MC,0.85,2,0.001,0.015680312648491675
Conditioned MC,0.85,2,0.0025,0.016517198153536583
Conditioned MC,0.85,2,0.005,0.016586969534735374
Conditioned MC,0.85,2,0.01,0.01721238732628727
Direct MC,0.95,2,0.001,0.362019017970816
Direct MC,0.95,2,0.0025,-0.011860658554041947
Direct MC,0.95,2,0.005,0.1055095101452892
Direct MC,0.95,2,0.01,0.07196601797712887
Conditioned MC,0.95,2,0.001,0.014190673900582592
Conditioned MC,0.95,2,0.0025,0.014249854464722489
Conditioned MC,0.95,2,0.005,0.014295869395766658
Conditioned MC,0.95,2,0.01,0.014417462636173717
Direct MC,0.7,3,0.001,0.024425136327543836
Direct MC,0.7,3,0.0025,0.02293235015812911
Direct MC,0.7,3,0.005,0.022567388052841864
Direct MC,0.7,3,0.01,0.021366653022601767
Conditioned MC,0.7,3,0.001,0.024647118755183325
Conditioned MC,0.7,3,0.0025,0.02297885777605302
Conditioned MC,0.7,3,0.005,0.02254423545149109
Conditioned MC,0.7,3,0.01,0.021334134241620006
Direct MC,0.85,3,0.001,-0.06729917745502688
Direct MC,0.85,3,0.0025,0.11038912968427894
Direct MC,0.85,3,0.005,0.06373462324822299
Direct MC,0.85,3,0.01,0.03413100622120169
Conditioned MC,0.85,3,0.001,0.019479809702005465
Conditioned MC,0.85,3,0.0025,0.018851856750217166
Conditioned MC,0.85,3,0.005,0.018333975854737616
Conditioned MC,0.85,3,0.01,0.018116185828707998
Direct MC,0.95,3,0.001,-0.2330339458959329
Direct MC,0.95,3,0.0025,0.061349302082533086
Direct MC,0.95,3,0.005,0.0874921027320461
Direct MC,0.95,3,0.01,0.06216986488443155
Conditioned MC,0.95,3,0.001,0.015537957398947807
Conditioned MC,0.95,3,0.0025,0.015317206665955041
Conditioned MC,0.95,3,0.005,0.015202796325397117
Conditioned MC,0.95,3,0.01,0.015200220368252637
Direct MC,0.7,4,0.001,0.018299527137166646
Direct MC,0.7,4,0.0025,0.020121233816865924
Direct MC,0.7,4,0.005,0.02099240590582241
Direct MC,0.7,4,0.01,0.020643869214385546
Conditioned MC,0.7,4,0.001,0.018556186908824653
Conditioned MC,0.7,4,0.0025,0.020102167774979307
Conditioned MC,0.7,4,0.005,0.020949716698147824
Conditioned MC,0.7,4,0.01,0.02061251172438361
Direct MC,0.85,4,0.001,-0.036532292896573886
Direct MC,0.85,4,0.0025,-0.06601288860369436
Direct MC,0.85,4,0.005,0.009737137198911228
Direct MC,0.85,4,0.01,0.01449606617716892
Conditioned MC,0.85,4,0.001,0.02076475516474829
Conditioned MC,0.85,4,0.0025,0.018799319153970373
Conditioned MC,0.85,4,0.005,0.018007744979428253
Conditioned MC,0.85,4,0.01,0.017845219515071342
Direct MC,0.95,4,0.001,-2.004849369657346
Direct MC,0.95,4,0.0025,0.05625241145965276
Direct MC,0.95,4,0.005,0.04391454502456682
Direct MC,0.95,4,0.01,0.0746789917409485
Conditioned MC,0.95,4,0.001,0.01447035319355194
Conditioned MC,0.95,4,0.0025,0.01446036076399082
Conditioned MC,0.95,4,0.005,0.014551463721144131
Conditioned MC,0.95,4,0.01,0.014709842138919349
Direct MC,0.7,5,0.001,0.018686868098072292
Direct MC,0.7,5,0.0025,0.020353095903800522
Direct MC,0.7,5,0.005,0.021636048248197426
Direct MC,0.7,5,0.01,0.021306091346961153
Conditioned MC,0.7,5,0.001,0.01948661488331282
Conditioned MC,0.7,5,0.0025,0.02071308881707523
Conditioned MC,0.7,5,0.005,0.02171059315123358
Conditioned MC,0.7,5,0.01,0.021332400131608864
Direct MC,0.85,5,0.001,0.4484237729181827
Direct MC,0.85,5,0.0025,0.0989308009029628
Direct MC,0.85,5,0.005,0.04295155886302382
Direct MC,0.85,5,0.01,0.01874932011882713
Conditioned MC,0.85,5,0.001,0.01993760908902686
Conditioned MC,0.85,5,0.0025,0.01851190606612363
Conditioned MC,0.85,5,0.005,0.01820708208142463
Conditioned MC,0.85,5,0.01,0.01819410989262149
Direct MC,0.95,5,0.001,0.7273098078868222
Direct MC,0.95,5,0.0025,-0.233891894545323
Direct MC,0.95,5,0.005,-0.0526038400032931
Direct MC,0.95,5,0.01,0.004583668712216493
Conditioned MC,0.95,5,0.001,0.015375428743347182
Conditioned MC,0.95,5,0.0025,0.015699015331691157
Conditioned MC,0.95,5,0.005,0.015771010033475363
Conditioned MC,0.95,5,0.01,0.015864514636493077
Direct MC,0.7,6,0.001,0.01832389786962096
Direct MC,0.7,6,0.0025,0.019632368428489144
Direct MC,0.7,6,0.005,0.02057840441639769
Direct MC,0.7,6,0.01,0.02033012995904393
Conditioned MC,0.7,6,0.001,0.018270899917105506
Conditioned MC,0.7,6,0.0025,0.019409474354461054
Conditioned MC,0.7,6,0.005,0.020554236544143123
Conditioned MC,0.7,6,0.01,0.02034514520815911
Direct MC,0.85,6,0.001,-0.10535886977045548
Direct MC,0.85,6,0.0025,0.0044731241563624735
Direct MC,0.85,6,0.005,0.034220135241248784
Direct MC,0.85,6,0.01,0.02640153855056493
Conditioned MC,0.85,6,0.001,0.018816480516470332
Conditioned MC,0.85,6,0.0025,0.017720665368443633
Conditioned MC,0.85,6,0.005,0.01787092012313707
Conditioned MC,0.85,6,0.01,0.017744857691933014
Direct MC,0.95,6,0.001,1.5483491297650251
Direct MC,0.95,6,0.0025,0.48213056390518716
Direct MC,0.95,6,0.005,0.10719845699296116
Direct MC,0.95,6,0.01,-0.004067334728679484
Conditioned MC,0.95,6,0.001,0.01521724499076171
Conditioned MC,0.95,6,0.0025,0.015035609197809663
Conditioned MC,0.95,6,0.005,0.015112658758877018
Conditioned MC,0.95,6,0.01,0.015190054242584239
Direct MC,0.7,7,0.001,0.01946514030635171
Direct MC,0.7,7,0.0025,0.022504334339458865
Direct MC,0.7,7,0.005,0.02307798930821292
Direct MC,0.7,7,0.01,0.022669760267364225
Conditioned MC,0.7,7,0.001,0.01975015192527962
Conditioned MC,0.7,7,0.0025,0.022753079858858882
Conditioned MC,0.7,7,0.005,0.023208250544108466
Conditioned MC,0.7,7,0.01,0.022743858891196567
Direct MC,0.85,7,0.001,-0.035627524199455245
Direct MC,0.85,7,0.0025,0.0004094429901329022
Direct MC,0.85,7,0.005,-0.01123137300767496
Direct MC,0.85,7,0.01,0.013195276378047183
Conditioned MC,0.85,7,0.001,0.01757460018279033
Conditioned MC,0.85,7,0.0025,0.019235924330899934
Conditioned MC,0.85,7,0.005,0.01972574976291952
Conditioned MC,0.85,7,0.01,0.019014067987611405
Direct MC,0.95,7,0.001,0.5739477468563513
Direct MC,0.95,7,0.0025,-0.20167848437367297
Direct MC,0.95,7,0.005,-0.08484289277673085
Direct MC,0.95,7,0.01,0.020399654420473645
Conditioned MC,0.95,7,0.001,0.014003925610506226
Conditioned MC,0.95,7,0.0025,0.014140142004322342
Conditioned MC,0.95,7,0.005,0.014183666129042649
Conditioned MC,0.95,7,0.01,0.01426516102613995
Direct MC,0.7,8,0.001,0.018815389730342243
Direct MC,0.7,8,0.0025,0.018065691289393726
Direct MC,0.7,8,0.005,0.0176405419575687
Direct MC,0.7,8,0.01,0.01931300028399896
Conditioned MC,0.7,8,0.001,0.019442964415539162
Conditioned MC,0.7,8,0.0025,0.018282678268036534
Conditioned MC,0.7,8,0.005,0.01802511686351238
Conditioned MC,0.7,8,0.01,0.019410717930513854
Direct MC,0.85,8,0.001,0.7103216487390539
Direct MC,0.85,8,0.0025,0.1020883009434499
Direct MC,0.85,8,0.005,0.06231141084221292
Direct MC,0.85,8,0.01,0.031522128951426254
Conditioned MC,0.85,8,0.001,0.01544650325673302
Conditioned MC,0.85,8,0.0025,0.015301701414728086
Conditioned MC,0.85,8,0.005,0.01620496257337578
Conditioned MC,0.85,8,0.01,0.01710795937381082
Direct MC,0.95,8,0.001,0.3661084671541914
Direct MC,0.95,8,0.0025,0.1963135507145637
Direct MC,0.95,8,0.005,-0.05960431874810013
Direct MC,0.95,8,0.01,-0.021604185345224458
Conditioned MC,0.95,8,0.001,0.015002437752720251
Conditioned MC,0.95,8,0.0025,0.014943007631444516
Conditioned MC,0.95,8,0.005,0.014853464852766507
Conditioned MC,0.95,8,0.01,0.01486316317842018
Direct MC,0.7,9,0.001,0.022563017875398824
Direct MC,0.7,9,0.0025,0.023120432750687314
Direct MC,0.7,9,0.005,0.022485714514772326
Direct MC,0.7,9,0.01,0.021680948324473093
Conditioned MC,0.7,9,0.001,0.022069672263747005
Conditioned MC,0.7,9,0.0025,0.023204312853835063
Conditioned MC,0.7,9,0.005,0.02258672513785598
Conditioned MC,0.7,9,0.01,0.021741497829174783
Direct MC,0.85,9,0.001,0.1334090553630318
Direct MC,0.85,9,0.0025,-0.03889405527175427
Direct MC,0.85,9,0.005,0.0016376382157687885
Direct MC,0.85,9,0.01,0.012467822397483452
Conditioned MC,0.85,9,0.001,0.01978701146860828
Conditioned MC,0.85,9,0.0025,0.019325890685450986
Conditioned MC,0.85,9,0.005,0.01922309028372382
Conditioned MC,0.85,9,0.01,0.018764528661475488
Direct MC,0.95,9,0.001,-0.5243971324248696
Direct MC,0.95,9,0.0025,0.4115999416399774
Direct MC,0.95,9,0.005,0.19982659463365593
Direct MC,0.95,9,0.01,0.0888447244464805
Conditioned MC,0.95,9,0.001,0.014265216306696967
Conditioned MC,0.95,9,0.0025,0.014447299247080991
Conditioned MC,0.95,9,0.005,0.014510447140978044
Conditioned MC,0.95,9,0.01,0.014662299273885182
Direct MC,0.7,10,0.001,0.024915717470896933
Direct MC,0.7,10,0.0025,0.021923362833717874
Direct MC,0.7,10,0.005,0.021114141628032712
Direct MC,0.7,10,0.01,0.021295017503710767
Conditioned MC,0.7,10,0.001,0.02451677160379972
Conditioned MC,0.7,10,0.0025,0.02173069550426021
Conditioned MC,0.7,10,0.005,0.021032820145940434
Conditioned MC,0.7,10,0.01,0.021298088899211365
Direct MC,0.85,10,0.001,0.2290927847447221
Direct MC,0.85,10,0.0025,0.029660196214422285
Direct MC,0.85,10,0.005,0.020218459438758885
Direct MC,0.85,10,0.01,0.02321517511905924
Conditioned MC,0.85,10,0.001,0.019002165582548965
Conditioned MC,0.85,10,0.0025,0.017466662990898385
Conditioned MC,0.85,10,0.005,0.01731868948184001
Conditioned MC,0.85,10,0.01,0.017584355813690777
Direct MC,0.95,10,0.001,1.4591288304237613
Direct MC,0.95,10,0.0025,-0.003209446262843585
Direct MC,0.95,10,0.005,-0.07172016976395312
Direct MC,0.95,10,0.01,0.004071289876542927
Conditioned MC,0.95,10,0.001,0.01262160335668838
Conditioned MC,0.95,10,0.0025,0.01279798135082899
Conditioned MC,0.95,10,0.005,0.01280348153137112
Conditioned MC,0.95,10,0.01,0.012973885433331667
Direct MC,0.7,11,0.001,0.019396497928347852
Direct MC,0.7,11,0.0025,0.020778154041096286
Direct MC,0.7,11,0.005,0.02116760731334466
Direct MC,0.7,11,0.01,0.02119944693879816
Conditioned MC,0.7,11,0.001,0.018779346769548507
Conditioned MC,0.7,11,0.0025,0.020466681373846995
Conditioned MC,0.7,11,0.005,0.02102704534446076
Conditioned MC,0.7,11,0.01,0.021177508251236432
Direct MC,0.85,11,0.001,-0.20986645450342675
Direct MC,0.85,11,0.0025,-0.0935831085766381
Direct MC,0.85,11,0.005,-0.012060917273394978
Direct MC,0.85,11,0.01,0.005570439084378265
Conditioned MC,0.85,11,0.001,0.0179755637772061
Conditioned MC,0.85,11,0.0025,0.02062322134534611
Conditioned MC,0.85,11,0.005,0.019732199003101414
Conditioned MC,0.85,11,0.01,0.019048800129457533
Direct MC,0.95,11,0.001,1.5569265946823838
Direct MC,0.95,11,0.0025,-0.11974070651581314
Direct MC,0.95,11,0.005,-0.0036479228850900824
Direct MC,0.95,11,0.01,-0.008813125726952364
Conditioned MC,0.95,11,0.001,0.013445703132131111
Conditioned MC,0.95,11,0.0025,0.013532991524584759
Conditioned MC,0.95,11,0.005,0.013585922155588293
Conditioned MC,0.95,11,0.01,0.013761398097527966
Direct MC,0.7,12,0.001,0.019195309510244837
Direct MC,0.7,12,0.0025,0.01940618391736848
Direct MC,0.7,12,0.005,0.01884113244619101
Direct MC,0.7,12,0.01,0.01915364609143211
Conditioned MC,0.7,12,0.001,0.01954533657091417
Conditioned MC,0.7,12,0.0025,0.01967164247722053
Conditioned MC,0.7,12,0.005,0.01899895324748968
Conditioned MC,0.7,12,0.01,0.01918884267634624
Direct MC,0.85,12,0.001,-0.034943618806515524
Direct MC,0.85,12,0.0025,0.11790412480934265
Direct MC,0.85,12,0.005,0.038137457842935873
Direct MC,0.85,12,0.01,0.011851985114722297
Conditioned MC,0.85,12,0.001,0.015973895252940903
Conditioned MC,0.85,12,0.0025,0.01635637239388643
Conditioned MC,0.85,12,0.005,0.01638801449607996
Conditioned MC,0.85,12,0.01,0.016812196285308723
Direct MC,0.95,12,0.001,0.5533050530093674
Direct MC,0.95,12,0.0025,0.601619738456165
Direct MC,0.95,12,0.005,0.29883715843106273
Direct MC,0.95,12,0.01,0.0827569859452586
Conditioned MC,0.95,12,0.001,0.014717568625943752
Conditioned MC,0.95,12,0.0025,0.014530672408071155
Conditioned MC,0.95,12,0.005,0.01452876814085613
Conditioned MC,0.95,12,0.01,0.014634364822934565
Direct MC,0.7,13,0.001,0.020797368079250585
Direct MC,0.7,13,0.0025,0.019903580050595338
Direct MC,0.7,13,0.005,0.020308187164069125
Direct MC,0.7,13,0.01,0.020371097814711803
Conditioned MC,0.7,13,0.001,0.020723208167439108
Conditioned MC,0.7,13,0.0025,0.019986707632625667
Conditioned MC,0.7,13,0.005,0.02031453098252456
Conditioned MC,0.7,13,0.01,0.02037558322891897
Direct MC,0.85,13,0.001,-0.1291434898131882
Direct MC,0.85,13,0.0025,-0.0004009930441952747
Direct MC,0.85,13,0.005,0.007739185784451763
Direct MC,0.85,13,0.01,0.00697014818627828
Conditioned MC,0.85,13,0.001,0.013619660729879964
Conditioned MC,0.85,13,0.0025,0.016191514026274945
Conditioned MC,0.85,13,0.005,0.017052265068628003
Conditioned MC,0.85,13,0.01,0.017318636689777733
Direct MC,0.95,13,0.001,0.3740912196259493
Direct MC,0.95,13,0.0025,0.14268115216853516
Direct MC,0.95,13,0.005,0.11936775965488877
Direct MC,0.95,13,0.01,0.053330037842418854
Conditioned MC,0.95,13,0.001,0.014191887335623928
Conditioned MC,0.95,13,0.0025,0.014154684699576592
Conditioned MC,0.95,13,0.005,0.014158867876389536
Conditioned MC,0.95,13,0.01,0.014273320387999888
Direct MC,0.7,14,0.001,0.01533893280125653
Direct MC,0.7,14,0.0025,0.01765856103202168
Direct MC,0.7,14,0.005,0.01866452331236701
Direct MC,0.7,14,0.01,0.019050210760976682
Conditioned MC,0.7,14,0.001,0.015792696671823588
Conditioned MC,0.7,14,0.0025,0.017794645659392927
Conditioned MC,0.7,14,0.005,0.018691866390035727
Conditioned MC,0.7,14,0.01,0.019047042475309084
Direct MC,0.85,14,0.001,-0.019859170023295288
Direct MC,0.85,14,0.0025,0.07327119075489463
Direct MC,0.85,14,0.005,0.026838807495771277
Direct MC,0.85,14,0.01,0.013302756167616892
Conditioned MC,0.85,14,0.001,0.017159528480448213
Conditioned MC,0.85,14,0.0025,0.018532087823984966
Conditioned MC,0.85,14,0.005,0.01809131333875058
Conditioned MC,0.85,14,0.01,0.01756962640742543
Direct MC,0.95,14,0.001,0.040048668746184284
Direct MC,0.95,14,0.0025,-0.09267488127287038
Direct MC,0.95,14,0.005,-0.02249170608222073
Direct MC,0.95,14,0.01,0.009758527949721874
Conditioned MC,0.95,14,0.001,0.013690550249911834
Conditioned MC,0.95,14,0.0025,0.013695493029828754
Conditioned MC,0.95,14,0.005,0.013795865626192949
Conditioned MC,0.95,14,0.01,0.01395811449180595
Direct MC,0.7,15,0.001,0.02415025450925867
Direct MC,0.7,15,0.0025,0.022700775377785476
Direct MC,0.7,15,0.005,0.02147145048625987
Direct MC,0.7,15,0.01,0.021485028805924067
Conditioned MC,0.7,15,0.001,0.02405091254864544
Conditioned MC,0.7,15,0.0025,0.022629666047919272
Conditioned MC,0.7,15,0.005,0.0214198208826204
Conditioned MC,0.7,15,0.01,0.02146511315628885
Direct MC,0.85,15,0.001,-0.055403820434030124
Direct MC,0.85,15,0.0025,0.02895038230656155
Direct MC,0.85,15,0.005,0.02110721885553346
Direct MC,0.85,15,0.01,0.015251517866630593
Conditioned MC,0.85,15,0.001,0.02019849325591849
Conditioned MC,0.85,15,0.0025,0.020469666324828495
Conditioned MC,0.85,15,0.005,0.020031031940007438
Conditioned MC,0.85,15,0.01,0.019842158282775912
Direct MC,0.95,15,0.001,1.7123454145449022
Direct MC,0.95,15,0.0025,0.6252263376897815
Direct MC,0.95,15,0.005,0.29796058824412697
Direct MC,0.95,15,0.01,0.09005204680265066
Conditioned MC,0.95,15,0.001,0.014927427608402152
Conditioned MC,0.95,15,0.0025,0.01483250420231741
Conditioned MC,0.95,15,0.005,0.014832395900086226
Conditioned MC,0.95,15,0.01,0.014945926583189717
Direct MC,0.7,16,0.001,0.016649822612535555
Direct MC,0.7,16,0.0025,0.01837100270819292
Direct MC,0.7,16,0.005,0.01897196897306941
Direct MC,0.7,16,0.01,0.02010404136516719
Conditioned MC,0.7,16,0.001,0.01642476562988548
Conditioned MC,0.7,16,0.0025,0.018388076051451208
Conditioned MC,0.7,16,0.005,0.019089996153482502
Conditioned MC,0.7,16,0.01,0.020170625839526224
Direct MC,0.85,16,0.001,-0.018693809112235723
Direct MC,0.85,16,0.0025,0.06681646884234738
Direct MC,0.85,16,0.005,0.024351452317972644
Direct MC,0.85,16,0.01,0.015177434138534451
Conditioned MC,0.85,16,0.001,0.016495870802124554
Conditioned MC,0.85,16,0.0025,0.01734801878464509
Conditioned MC,0.85,16,0.005,0.01744935856224572
Conditioned MC,0.85,16,0.01,0.0178475872455639
Direct MC,0.95,16,0.001,0.6038557348020389
Direct MC,0.95,16,0.0025,0.6224619173741957
Direct MC,0.95,16,0.005,0.11594067053738755
Direct MC,0.95,16,0.01,0.005067992800513288
Conditioned MC,0.95,16,0.001,0.012992844452863748
Conditioned MC,0.95,16,0.0025,0.013102547077735949
Conditioned MC,0.95,16,0.005,0.01322168574397864
Conditioned MC,0.95,16,0.01,0.01341231005725696
Direct MC,0.7,17,0.001,0.019412123571882486
Direct MC,0.7,17,0.0025,0.018907179787674977
Direct MC,0.7,17,0.005,0.020382761112031744
Direct MC,0.7,17,0.01,0.021082857473324168
Conditioned MC,0.7,17,0.001,0.01908979990492554
Conditioned MC,0.7,17,0.0025,0.01884354717088854
Conditioned MC,0.7,17,0.005,0.020259093854562593
Conditioned MC,0.7,17,0.01,0.021023574631081843
Direct MC,0.85,17,0.001,-0.3466433076452446
Direct MC,0.85,17,0.0025,-0.08463367596914395
Direct MC,0.85,17,0.005,0.005578189705673253
Direct MC,0.85,17,0.01,0.013301555175406321
Conditioned MC,0.85,17,0.001,0.0189820924498818
Conditioned MC,0.85,17,0.0025,0.019205573106148677
Conditioned MC,0.85,17,0.005,0.018685539506741122
Conditioned MC,0.85,17,0.01,0.018058293424607186
Direct MC,0.95,17,0.001,0.035272036578781744
Direct MC,0.95,17,0.0025,0.011872771035427832
Direct MC,0.95,17,0.005,-0.010018036496099114
Direct MC,0.95,17,0.01,-0.0022935408709470195
Conditioned MC,0.95,17,0.001,0.013806969946017485
Conditioned MC,0.95,17,0.0025,0.013836946881397694
Conditioned MC,0.95,17,0.005,0.013808397311780851
Conditioned MC,0.95,17,0.01,0.013878752333285505
Direct MC,0.7,18,0.001,0.019799880396043076
Direct MC,0.7,18,0.0025,0.020793261140482855
Direct MC,0.7,18,0.005,0.021133532896563167
Direct MC,0.7,18,0.01,0.020981887173654457
Conditioned MC,0.7,18,0.001,0.019656590684213878
Conditioned MC,0.7,18,0.0025,0.020324613849226125
Conditioned MC,0.7,18,0.005,0.020866939268415763
Conditioned MC,0.7,18,0.01,0.020905745266306397
Direct MC,0.85,18,0.001,-0.3045841790049408
Direct MC,0.85,18,0.0025,-0.00935276748921865
Direct MC,0.85,18,0.005,0.01624061164424262
Direct MC,0.85,18,0.01,0.025310519173743273
Conditioned MC,0.85,18,0.001,0.01628550287104957
Conditioned MC,0.85,18,0.0025,0.017235154902067507
Conditioned MC,0.85,18,0.005,0.017679684549598562
Conditioned MC,0.85,18,0.01,0.01807735284314127
Direct MC,0.95,18,0.001,1.309948234600444
Direct MC,0.95,18,0.0025,0.22035129728381264
Direct MC,0.95,18,0.005,0.015422784822291646
Direct MC,0.95,18,0.01,0.011113968919218564
Conditioned MC,0.95,18,0.001,0.015448769824288885
Conditioned MC,0.95,18,0.0025,0.015550496170632755
Conditioned MC,0.95,18,0.005,0.015657929806891957
Conditioned MC,0.95,18,0.01,0.015808669872775738
Direct MC,0.7,19,0.001,0.023494669458301583
Direct MC,0.7,19,0.0025,0.022131833269639856
Direct MC,0.7,19,0.005,0.022314905149229958
Direct MC,0.7,19,0.01,0.02176302215845638
Conditioned MC,0.7,19,0.001,0.02300908078520791
Conditioned MC,0.7,19,0.0025,0.021881008614116126
Conditioned MC,0.7,19,0.005,0.022016133715681008
Conditioned MC,0.7,19,0.01,0.021660293690215937
Direct MC,0.85,19,0.001,-0.29272147761005834
Direct MC,0.85,19,0.0025,-0.010827409191790593
Direct MC,0.85,19,0.005,0.03871101463181503
Direct MC,0.85,19,0.01,0.0261727397943865
Conditioned MC,0.85,19,0.001,0.01822776641624557
Conditioned MC,0.85,19,0.0025,0.018291173664721327
Conditioned MC,0.85,19,0.005,0.01778159391487577
Conditioned MC,0.85,19,0.01,0.017853685985818046
Direct MC,0.95,19,0.001,0.299823990009429
Direct MC,0.95,19,0.0025,-0.002470935054674328
Direct MC,0.95,19,0.005,0.06091295718169931
Direct MC,0.95,19,0.01,0.06137902310924925
Conditioned MC,0.95,19,0.001,0.014290013184936608
Conditioned MC,0.95,19,0.0025,0.014257254889287196
Conditioned MC,0.95,19,0.005,0.014392718781873981
Conditioned MC,0.95,19,0.01,0.014608004496423632
Direct MC,0.7,20,0.001,0.01726595482747228
Direct MC,0.7,20,0.0025,0.018908532141438172
Direct MC,0.7,20,0.005,0.019150173821508076
Direct MC,0.7,20,0.01,0.019565952598679104
Conditioned MC,0.7,20,0.001,0.017584225035882636
Conditioned MC,0.7,20,0.0025,0.018850969309966104
Conditioned MC,0.7,20,0.005,0.019631397488780067
Conditioned MC,0.7,20,0.01,0.01965774388306052
Direct MC,0.85,20,0.001,0.2034790875502068
Direct MC,0.85,20,0.0025,0.055997970197125824
Direct MC,0.85,20,0.005,0.0210591283076198
Direct MC,0.85,20,0.01,0.023901743966971978
Conditioned MC,0.85,20,0.001,0.014672064100018641
Conditioned MC,0.85,20,0.0025,0.01733675613306218
Conditioned MC,0.85,20,0.005,0.018154495000239024
Conditioned MC,0.85,20,0.01,0.018292711352133395
Direct MC,0.95,20,0.001,-0.14857247635715606
Direct MC,0.95,20,0.0025,-0.14441452721595738
Direct MC,0.95,20,0.005,-0.0053335836960002325
Direct MC,0.95,20,0.01,0.0025547845170486028
Conditioned MC,0.95,20,0.001,0.013692862473480002
Conditioned MC,0.95,20,0.0025,0.013797646332150748
Conditioned MC,0.95,20,0.005,0.013905143245018792
Conditioned MC,0.95,20,0.01,0.014000485074551428
Direct MC,0.7,21,0.001,0.027932424765886303
Direct MC,0.7,21,0.0025,0.025269044628345227
Direct MC,0.7,21,0.005,0.023465586731958865
Direct MC,0.7,21,0.01,0.022381427391934494
Conditioned MC,0.7,21,0.001,0.027973836388817112
Conditioned MC,0.7,21,0.0025,0.025385472608604687
Conditioned MC,0.7,21,0.005,0.023608498674221323
Conditioned MC,0.7,21,0.01,0.02243086725390686
Direct MC,0.85,21,0.001,0.6085851323032186
Direct MC,0.85,21,0.0025,0.18845413200776306
Direct MC,0.85,21,0.005,0.0997835916616765
Direct MC,0.85,21,0.01,0.03655388295439188
Conditioned MC,0.85,21,0.001,0.018802350878210913
Conditioned MC,0.85,21,0.0025,0.01908298357187732
Conditioned MC,0.85,21,0.005,0.01924472840978808
Conditioned MC,0.85,21,0.01,0.0186973443099836
Direct MC,0.95,21,0.001,-0.9989111376849988
Direct MC,0.95,21,0.0025,-0.02755170381159644
Direct MC,0.95,21,0.005,0.013186023551391202
Direct MC,0.95,21,0.01,0.043910725054698396
Conditioned MC,0.95,21,0.001,0.01373289722463866
Conditioned MC,0.95,21,0.0025,0.013677056278709188
Conditioned MC,0.95,21,0.005,0.013666440488371734
Conditioned MC,0.95,21,0.01,0.013828468620533663
Direct MC,0.7,22,0.001,0.020649259278471273
Direct MC,0.7,22,0.0025,0.019383623852604615
Direct MC,0.7,22,0.005,0.021509857014237355
Direct MC,0.7,22,0.01,0.021194058659862236
Conditioned MC,0.7,22,0.001,0.020335251215009006
Conditioned MC,0.7,22,0.0025,0.019303902816233176
Conditioned MC,0.7,22,0.005,0.020641104817080702
Conditioned MC,0.7,22,0.01,0.02093071657306922
Direct MC,0.85,22,0.001,-0.06163149937865596
Direct MC,0.85,22,0.0025,-0.0043744650924963935
Direct MC,0.85,22,0.005,0.009620224452994819
Direct MC,0.85,22,0.01,0.01857373532686246
Conditioned MC,0.85,22,0.001,0.01600261266396785
Conditioned MC,0.85,22,0.0025,0.017115713257396692
Conditioned MC,0.85,22,0.005,0.01756821151206367
Conditioned MC,0.85,22,0.01,0.017817778981258137
Direct MC,0.95,22,0.001,-0.7825604446508371
Direct MC,0.95,22,0.0025,-0.0036259696291836008
Direct MC,0.95,22,0.005,0.06835327109828171
Direct MC,0.95,22,0.01,-0.015316235095553132
Conditioned MC,0.95,22,0.001,0.014701534210814767
Conditioned MC,0.95,22,0.0025,0.014534162718092603
Conditioned MC,0.95,22,0.005,0.014518552247700711
Conditioned MC,0.95,22,0.01,0.01467000071494784
Direct MC,0.7,23,0.001,0.024201154533720622
Direct MC,0.7,23,0.0025,0.0232176074164272
Direct MC,0.7,23,0.005,0.022118311241548838
Direct MC,0.7,23,0.01,0.021500004362817293
Conditioned MC,0.7,23,0.001,0.024627017162792694
Conditioned MC,0.7,23,0.0025,0.02327179977012861
Conditioned MC,0.7,23,0.005,0.02223900119859934
Conditioned MC,0.7,23,0.01,0.021576418527933683
Direct MC,0.85,23,0.001,0.004305365970758145
Direct MC,0.85,23,0.0025,0.005032313661956778
Direct MC,0.85,23,0.005,0.01205015886719707
Direct MC,0.85,23,0.01,0.017698762179444216
Conditioned MC,0.85,23,0.001,0.02107938988729074
Conditioned MC,0.85,23,0.0025,0.019503753897083698
Conditioned MC,0.85,23,0.005,0.01847743060717022
Conditioned MC,0.85,23,0.01,0.018020872375284824
Direct MC,0.95,23,0.001,1.2862215130554409
Direct MC,0.95,23,0.0025,0.007958963668286856
Direct MC,0.95,23,0.005,-0.0036300414572991713
Direct MC,0.95,23,0.01,0.06255827574471251
Conditioned MC,0.95,23,0.001,0.013468411495320961
Conditioned MC,0.95,23,0.0025,0.013524279686620844
Conditioned MC,0.95,23,0.005,0.013600818215479649
Conditioned MC,0.95,23,0.01,0.013759094554764317
Direct RQMC,0.7,0,0.001,0.02118236965777953
Direct RQMC,0.7,0,0.0025,0.020152057220201414
Direct RQMC,0.7,0,0.005,0.019374822866694785
Direct RQMC,0.7,0,0.01,0.02014365598371448
Conditioned RQMC,0.7,0,0.001,0.020346130983917018
Conditioned RQMC,0.7,0,0.0025,0.01982575485169491
Conditioned RQMC,0.7,0,0.005,0.019330836011555164
Conditioned RQMC,0.7,0,0.01,0.020141242833862094
Direct RQMC,0.85,0,0.001,0.039844526913057614
Direct RQMC,0.85,0,0.0025,0.06647600843919577
Direct RQMC,0.85,0,0.005,0.03749601485200316
Direct RQMC,0.85,0,0.01,0.0302640281667923
Conditioned RQMC,0.85,0,0.001,0.016244971618917244
Conditioned RQMC,0.85,0,0.0025,0.01674096653084689
Conditioned RQMC,0.85,0,0.005,0.01726970466858546
Conditioned RQMC,0.85,0,0.01,0.01783615074418954
Direct RQMC,0.95,0,0.001,2.0375610265429773
Direct RQMC,0.95,0,0.0025,0.1300636829326578
Direct RQMC,0.95,0,0.005,-0.029306998593774836
Direct RQMC,0.95,0,0.01,0.007295433296762077
Conditioned RQMC,0.95,0,0.001,0.014144727121312425
Conditioned RQMC,0.95,0,0.0025,0.014253530571963324
Conditioned RQMC,0.95,0,0.005,0.014291023691331617
Conditioned RQMC,0.95,0,0.01,0.014387617121915497
Direct RQMC,0.7,1,0.001,0.021228463453759613
Direct RQMC,0.7,1,0.0025,0.0213864269217936
Direct RQMC,0.7,1,0.005,0.021149820708281197
Direct RQMC,0.7,1,0.01,0.020577193414178296
Conditioned RQMC,0.7,1,0.001,0.020362967118536798
Conditioned RQMC,0.7,1,0.0025,0.021219148856516767
Conditioned RQMC,0.7,1,0.005,0.021080674083883366
Conditioned RQMC,0.7,1,0.01,0.020514700896280047
Direct RQMC,0.85,1,0.001,0.19040508541099396
Direct RQMC,0.85,1,0.0025,0.018143555751976237
Direct RQMC,0.85,1,0.005,0.005027319944218789
Direct RQMC,0.85,1,0.01,0.022307643628078466
Conditioned RQMC,0.85,1,0.001,0.01908546984665804
Conditioned RQMC,0.85,1,0.0025,0.018008694534358938
Conditioned RQMC,0.85,1,0.005,0.01785075045014395
Conditioned RQMC,0.85,1,0.01,0.017886122258900627
Direct RQMC,0.95,1,0.001,0.5972928239089014
Direct RQMC,0.95,1,0.0025,0.06893260433028559
Direct RQMC,0.95,1,0.005,0.0664540917397538
Direct RQMC,0.95,1,0.01,0.04167675413575633
Conditioned RQMC,0.95,1,0.001,0.015164030913350498
Conditioned RQMC,0.95,1,0.0025,0.01502446772536814
Conditioned RQMC,0.95,1,0.005,0.014973841002255739
Conditioned RQMC,0.95,1,0.01,0.015034275527153085
Direct RQMC,0.7,2,0.001,0.020283232025519734
Direct RQMC,0.7,2,0.0025,0.02145268996329719
Direct RQMC,0.7,2,0.005,0.021750382562423454
Direct RQMC,0.7,2,0.01,0.021292789420108704
Conditioned RQMC,0.7,2,0.001,0.020332913872245225
Conditioned RQMC,0.7,2,0.0025,0.02138101040759466
Conditioned RQMC,0.7,2,0.005,0.02182562811105271
Conditioned RQMC,0.7,2,0.01,0.021444897819142383
Direct RQMC,0.85,2,0.001,-0.18332153986850838
Direct RQMC,0.85,2,0.0025,-0.0004375963547147421
Direct RQMC,0.85,2,0.005,0.010336550539449263
Direct RQMC,0.85,2,0.01,0.020816943896630136
Conditioned RQMC,0.85,2,0.001,0.01584299298791336
Conditioned RQMC,0.85,2,0.0025,0.01748578445108251
Conditioned RQMC,0.85,2,0.005,0.017943507297495387
Conditioned RQMC,0.85,2,0.01,0.017590469216790083
Direct RQMC,0.95,2,0.001,-0.9770461206177747
Direct RQMC,0.95,2,0.0025,-0.10966558100570012
Direct RQMC,0.95,2,0.005,-0.05375774942104883
Direct RQMC,0.95,2,0.01,0.0026211348318678773
Conditioned RQMC,0.95,2,0.001,0.014515961889038916
Conditioned RQMC,0.95,2,0.0025,0.014584009210935278
Conditioned RQMC,0.95,2,0.005,0.014567807719505055
Conditioned RQMC,0.95,2,0.01,0.01460415001872839
Direct RQMC,0.7,3,0.001,0.028813761117163487
Direct RQMC,0.7,3,0.0025,0.02421957720960677
Direct RQMC,0.7,3,0.005,0.022190389441803404
Direct RQMC,0.7,3,0.01,0.0215699056315799
Conditioned RQMC,0.7,3,0.001,0.029167499408089263
Conditioned RQMC,0.7,3,0.0025,0.02408560638923518
Conditioned RQMC,0.7,3,0.005,0.02211501423160911
Conditioned RQMC,0.7,3,0.01,0.0215463501439892
Direct RQMC,0.85,3,0.001,-0.18706504586667447
Direct RQMC,0.85,3,0.0025,0.07217633028906789
Direct RQMC,0.85,3,0.005,0.02947102133529711
Direct RQMC,0.85,3,0.01,0.015958940927790266
Conditioned RQMC,0.85,3,0.001,0.02118914016300266
Conditioned RQMC,0.85,3,0.0025,0.01976530994221548
Conditioned RQMC,0.85,3,0.005,0.019024880156692348
Conditioned RQMC,0.85,3,0.01,0.019159403891912064
Direct RQMC,0.95,3,0.001,0.3885353456793083
Direct RQMC,0.95,3,0.0025,0.2098622258188101
Direct RQMC,0.95,3,0.005,0.03247358966852687
Direct RQMC,0.95,3,0.01,0.0188061181839414
Conditioned RQMC,0.95,3,0.001,0.014044974636107096
Conditioned RQMC,0.95,3,0.0025,0.013902796333283618
Conditioned RQMC,0.95,3,0.005,0.013966209096420101
Conditioned RQMC,0.95,3,0.01,0.014090189505777673
Direct RQMC,0.7,4,0.001,0.020406854022603223
Direct RQMC,0.7,4,0.0025,0.02009747635318604
Direct RQMC,0.7,4,0.005,0.020117389315238654
Direct RQMC,0.7,4,0.01,0.02041003901054772
Conditioned RQMC,0.7,4,0.001,0.0196616260177862
Conditioned RQMC,0.7,4,0.0025,0.019526467011758086
Conditioned RQMC,0.7,4,0.005,0.02008064539256793
Conditioned RQMC,0.7,4,0.01,0.020405727362872383
Direct RQMC,0.85,4,0.001,0.09511657999787813
Direct RQMC,0.85,4,0.0025,-0.04276379555346921
Direct RQMC,0.85,4,0.005,-0.0002736466570780749
Direct RQMC,0.85,4,0.01,0.01064441703075314
Conditioned RQMC,0.85,4,0.001,0.018075462802258354
Conditioned RQMC,0.85,4,0.0025,0.016265300765326174
Conditioned RQMC,0.85,4,0.005,0.016653210804115304
Conditioned RQMC,0.85,4,0.01,0.017261470490300468
Direct RQMC,0.95,4,0.001,1.2896598486687336
Direct RQMC,0.95,4,0.0025,-0.010372591827760402
Direct RQMC,0.95,4,0.005,-0.05149890197802165
Direct RQMC,0.95,4,0.01,0.007798661932004514
Conditioned RQMC,0.95,4,0.001,0.014446536799894712
Conditioned RQMC,0.95,4,0.0025,0.014272979398938901
Conditioned RQMC,0.95,4,0.005,0.014327955336444376
Conditioned RQMC,0.95,4,0.01,0.014482013596149201
Direct RQMC,0.7,5,0.001,0.021281545421558686
Direct RQMC,0.7,5,0.0025,0.02166112033535228
Direct RQMC,0.7,5,0.005,0.021567943815504975
Direct RQMC,0.7,5,0.01,0.020997773215674087
Conditioned RQMC,0.7,5,0.001,0.021523756630514864
Conditioned RQMC,0.7,5,0.0025,0.02197505327245608
Conditioned RQMC,0.7,5,0.005,0.021696341660359053
Conditioned RQMC,0.7,5,0.01,0.021077063977415378
Direct RQMC,0.85,5,0.001,0.02114605292167226
Direct RQMC,0.85,5,0.0025,-0.10525386618937205
Direct RQMC,0.85,5,0.005,0.01291486271362885
Direct RQMC,0.85,5,0.01,0.02141072416098222
Conditioned RQMC,0.85,5,0.001,0.018896132597667755
Conditioned RQMC,0.85,5,0.0025,0.01926800850122845
Conditioned RQMC,0.85,5,0.005,0.018838372271957837
Conditioned RQMC,0.85,5,0.01,0.01816106253903005
Direct RQMC,0.95,5,0.001,-0.6569432293619392
Direct RQMC,0.95,5,0.0025,-0.18982780962024037
Direct RQMC,0.95,5,0.005,0.05775850934809412
Direct RQMC,0.95,5,0.01,0.005140756228184884
Conditioned RQMC,0.95,5,0.001,0.014434298021370747
Conditioned RQMC,0.95,5,0.0025,0.014375985359421861
Conditioned RQMC,0.95,5,0.005,0.014306791175059175
Conditioned RQMC,0.95,5,0.01,0.014434202448928346
Direct RQMC,0.7,6,0.001,0.021939340281384997
Direct RQMC,0.7,6,0.0025,0.020260663010674307
Direct RQMC,0.7,6,0.005,0.019936434169835593
Direct RQMC,0.7,6,0.01,0.019933375323722302
Conditioned RQMC,0.7,6,0.001,0.02176836671026194
Conditioned RQMC,0.7,6,0.0025,0.020168481696344998
Conditioned RQMC,0.7,6,0.005,0.019903570436611062
Conditioned RQMC,0.7,6,0.01,0.019887872678168605
Direct RQMC,0.85,6,0.001,-0.1253425099326577
Direct RQMC,0.85,6,0.0025,-0.043157257033698215
Direct RQMC,0.85,6,0.005,0.014965385547533572
Direct RQMC,0.85,6,0.01,0.010882906325657693
Conditioned RQMC,0.85,6,0.001,0.02112677973968857
Conditioned RQMC,0.85,6,0.0025,0.019412130795330995
Conditioned RQMC,0.85,6,0.005,0.018835480819312522
Conditioned RQMC,0.85,6,0.01,0.018142868439989357
Direct RQMC,0.95,6,0.001,1.5985643838237527
Direct RQMC,0.95,6,0.0025,-0.0055850153859040574
Direct RQMC,0.95,6,0.005,0.0021117079839108044
Direct RQMC,0.95,6,0.01,0.031106383989706998
Conditioned RQMC,0.95,6,0.001,0.014354458622189977
Conditioned RQMC,0.95,6,0.0025,0.014593323277821924
Conditioned RQMC,0.95,6,0.005,0.014622386609715932
Conditioned RQMC,0.95,6,0.01,0.014729824289524629
Direct RQMC,0.7,7,0.001,0.023470113264778544
Direct RQMC,0.7,7,0.0025,0.023360681213659973
Direct RQMC,0.7,7,0.005,0.02278652200072173
Direct RQMC,0.7,7,0.01,0.022466386248577663
Conditioned RQMC,0.7,7,0.001,0.023315562275882936
Conditioned RQMC,0.7,7,0.0025,0.02333599327297975
Conditioned RQMC,0.7,7,0.005,0.022747467012735
Conditioned RQMC,0.7,7,0.01,0.022444620126597314
Direct RQMC,0.85,7,0.001,0.18245424922245232
Direct RQMC,0.85,7,0.0025,0.009262132068244
Direct RQMC,0.85,7,0.005,0.026339983636120223
Direct RQMC,0.85,7,0.01,0.03121390646403377
Conditioned RQMC,0.85,7,0.001,0.02023946269140708
Conditioned RQMC,0.85,7,0.0025,0.019591389289530525
Conditioned RQMC,0.85,7,0.005,0.018728019105900273
Conditioned RQMC,0.85,7,0.01,0.017926063971319017
Direct RQMC,0.95,7,0.001,-0.11077802698586933
Direct RQMC,0.95,7,0.0025,0.07482736696337611
Direct RQMC,0.95,7,0.005,0.051573378256382085
Direct RQMC,0.95,7,0.01,0.06782557703861958
Conditioned RQMC,0.95,7,0.001,0.014846630769405064
Conditioned RQMC,0.95,7,0.0025,0.014567210358222837
Conditioned RQMC,0.95,7,0.005,0.01445368032858596
Conditioned RQMC,0.95,7,0.01,0.014482772107082376
Direct RQMC,0.7,8,0.001,0.026508894725907336
Direct RQMC,0.7,8,0.0025,0.023406186879981306
Direct RQMC,0.7,8,0.005,0.022744005435292536
Direct RQMC,0.7,8,0.01,0.02183097442772386
Conditioned RQMC,0.7,8,0.001,0.0260844456162701
Conditioned RQMC,0.7,8,0.0025,0.023169320847785002
Conditioned RQMC,0.7,8,0.005,0.0225772141554188
Conditioned RQMC,0.7,8,0.01,0.02172659110204478
Direct RQMC,0.85,8,0.001,0.23465545723535536
Direct RQMC,0.85,8,0.0025,0.13767202684675794
Direct RQMC,0.85,8,0.005,0.06911246437975649
Direct RQMC,0.85,8,0.01,0.03534485095285955
Conditioned RQMC,0.85,8,0.001,0.01915381364554491
Conditioned RQMC,0.85,8,0.0025,0.018734221037703946
Conditioned RQMC,0.85,8,0.005,0.019064671551660695
Conditioned RQMC,0.85,8,0.01,0.01880908009077409
Direct RQMC,0.95,8,0.001,0.5397820602178526
Direct RQMC,0.95,8,0.0025,0.15280086059254927
Direct RQMC,0.95,8,0.005,0.08765212048098903
Direct RQMC,0.95,8,0.01,0.04098076111890858
Conditioned RQMC,0.95,8,0.001,0.013994810440731694
Conditioned RQMC,0.95,8,0.0025,0.014123954599980948
Conditioned RQMC,0.95,8,0.005,0.014261785864118082
Conditioned RQMC,0.95,8,0.01,0.014433570981498
Direct RQMC,0.7,9,0.001,0.01984871934705978
Direct RQMC,0.7,9,0.0025,0.019332513603018242
Direct RQMC,0.7,9,0.005,0.01992301588647649
Direct RQMC,0.7,9,0.01,0.020068960828304228
Conditioned RQMC,0.7,9,0.001,0.0196172681171447
Conditioned RQMC,0.7,9,0.0025,0.01928794599754724
Conditioned RQMC,0.7,9,0.005,0.01995144958072359
Conditioned RQMC,0.7,9,0.01,0.020065079089487625
Direct RQMC,0.85,9,0.001,-0.1982025195436776
Direct RQMC,0.85,9,0.0025,-0.02716464129173346
Direct RQMC,0.85,9,0.005,-0.018278223518713332
Direct RQMC,0.85,9,0.01,0.012822087978237917
Conditioned RQMC,0.85,9,0.001,0.017660522711615553
Conditioned RQMC,0.85,9,0.0025,0.017103572542026768
Conditioned RQMC,0.85,9,0.005,0.016766049540265726
Conditioned RQMC,0.85,9,0.01,0.01693657040289942
Direct RQMC,0.95,9,0.001,-0.33952158526204806
Direct RQMC,0.95,9,0.0025,-0.17117980577742742
Direct RQMC,0.95,9,0.005,-0.04142194898244966
Direct RQMC,0.95,9,0.01,0.014217313490065386
Conditioned RQMC,0.95,9,0.001,0.013927874633434808
Conditioned RQMC,0.95,9,0.0025,0.014035297441893135
Conditioned RQMC,0.95,9,0.005,0.014053736581640663
Conditioned RQMC,0.95,9,0.01,0.014156015671526134
Direct RQMC,0.7,10,0.001,0.024789823054760515
Direct RQMC,0.7,10,0.0025,0.023864352159222335
Direct RQMC,0.7,10,0.005,0.022696427697589172
Direct RQMC,0.7,10,0.01,0.022358194118892172
Conditioned RQMC,0.7,10,0.001,0.02552195950791258
Conditioned RQMC,0.7,10,0.0025,0.02402124374660275
Conditioned RQMC,0.7,10,0.005,0.022814163199775805
Conditioned RQMC,0.7,10,0.01,0.02241273446445291
Direct RQMC,0.85,10,0.001,-0.03899135631932892
Direct RQMC,0.85,10,0.0025,0.09385249283528196
Direct RQMC,0.85,10,0.005,0.04701521698537903
Direct RQMC,0.85,10,0.01,0.0238957134356772
Conditioned RQMC,0.85,10,0.001,0.017839411331266316
Conditioned RQMC,0.85,10,0.0025,0.01808183010183484
Conditioned RQMC,0.85,10,0.005,0.018210374823070197
Conditioned RQMC,0.85,10,0.01,0.018144605189330143
Direct RQMC,0.95,10,0.001,-0.1662486991559575
Direct RQMC,0.95,10,0.0025,-0.46289889582294563
Direct RQMC,0.95,10,0.005,-0.010739787832044101
Direct RQMC,0.95,10,0.01,-0.0211817264916494
Conditioned RQMC,0.95,10,0.001,0.014521513123888493
Conditioned RQMC,0.95,10,0.0025,0.014491650576815118
Conditioned RQMC,0.95,10,0.005,0.01444856572954123
Conditioned RQMC,0.95,10,0.01,0.014623666928975432
Direct RQMC,0.7,11,0.001,0.020560218035292618
Direct RQMC,0.7,11,0.0025,0.02193070103953687
Direct RQMC,0.7,11,0.005,0.02293867029415253
Direct RQMC,0.7,11,0.01,0.022646803502855306
Conditioned RQMC,0.7,11,0.001,0.02075975276234487
Conditioned RQMC,0.7,11,0.0025,0.022105065090272547
Conditioned RQMC,0.7,11,0.005,0.0230447578210331
Conditioned RQMC,0.7,11,0.01,0.022658785526068925
Direct RQMC,0.85,11,0.001,-0.21980326810560052
Direct RQMC,0.85,11,0.0025,0.010709786873405847
Direct RQMC,0.85,11,0.005,0.024814676506913713
Direct RQMC,0.85,11,0.01,0.022140670597043943
Conditioned RQMC,0.85,11,0.001,0.019119136010026235
Conditioned RQMC,0.85,11,0.0025,0.017924291915761614
Conditioned RQMC,0.85,11,0.005,0.01805725354106613
Conditioned RQMC,0.85,11,0.01,0.01813077918944561
Direct RQMC,0.95,11,0.001,2.411547887294762
Direct RQMC,0.95,11,0.0025,0.3705799054471015
Direct RQMC,0.95,11,0.005,-0.0015199588142102982
Direct RQMC,0.95,11,0.01,0.007723465814649444
Conditioned RQMC,0.95,11,0.001,0.01449271711910782
Conditioned RQMC,0.95,11,0.0025,0.014471547601132784
Conditioned RQMC,0.95,11,0.005,0.01448590052948262
Conditioned RQMC,0.95,11,0.01,0.01460694868267165
Direct RQMC,0.7,12,0.001,0.02221658606043064
Direct RQMC,0.7,12,0.0025,0.021180296369749385
Direct RQMC,0.7,12,0.005,0.02066559476673291
Direct RQMC,0.7,12,0.01,0.020421128858476578
Conditioned RQMC,0.7,12,0.001,0.022026440003308775
Conditioned RQMC,0.7,12,0.0025,0.021083305987076528
Conditioned RQMC,0.7,12,0.005,0.020769315663002885
Conditioned RQMC,0.7,12,0.01,0.020472737968617594
Direct RQMC,0.85,12,0.001,-0.33526668243197827
Direct RQMC,0.85,12,0.0025,-0.06971591029753199
Direct RQMC,0.85,12,0.005,-0.015211561459381073
Direct RQMC,0.85,12,0.01,-0.001666709908716868
Conditioned RQMC,0.85,12,0.001,0.01712308454830946
Conditioned RQMC,0.85,12,0.0025,0.016279626068779862
Conditioned RQMC,0.85,12,0.005,0.016471769927711932
Conditioned RQMC,0.85,12,0.01,0.017140648821889926
Direct RQMC,0.95,12,0.001,1.0142616341270558
Direct RQMC,0.95,12,0.0025,0.3167660119968616
Direct RQMC,0.95,12,0.005,0.11245499749252374
Direct RQMC,0.95,12,0.01,0.02272448357868395
Conditioned RQMC,0.95,12,0.001,0.014213256397965775
Conditioned RQMC,0.95,12,0.0025,0.014222543983109404
Conditioned RQMC,0.95,12,0.005,0.014220662800759953
Conditioned RQMC,0.95,12,0.01,0.014397966733957546
Direct RQMC,0.7,13,0.001,0.021920260873997673
Direct RQMC,0.7,13,0.0025,0.021860869881010103
Direct RQMC,0.7,13,0.005,0.022452412760301854
Direct RQMC,0.7,13,0.01,0.02225651678220153
Conditioned RQMC,0.7,13,0.001,0.021657336426983417
Conditioned RQMC,0.7,13,0.0025,0.021749780986993983
Conditioned RQMC,0.7,13,0.005,0.022471959887504056
Conditioned RQMC,0.7,13,0.01,0.02226043242542808
Direct RQMC,0.85,13,0.001,0.2815615067454757
Direct RQMC,0.85,13,0.0025,0.1517398829894887
Direct RQMC,0.85,13,0.005,0.042415251329607884
Direct RQMC,0.85,13,0.01,0.03254530836451863
Conditioned RQMC,0.85,13,0.001,0.019986782661085552
Conditioned RQMC,0.85,13,0.0025,0.018005177556148055
Conditioned RQMC,0.85,13,0.005,0.017922696151515538
Conditioned RQMC,0.85,13,0.01,0.01792761687285438
Direct RQMC,0.95,13,0.001,1.112644258591011
Direct RQMC,0.95,13,0.0025,0.5406653483802444
Direct RQMC,0.95,13,0.005,0.1378928357327922
Direct RQMC,0.95,13,0.01,0.06522611550118906
Conditioned RQMC,0.95,13,0.001,0.015047820146651954
Conditioned RQMC,0.95,13,0.0025,0.014956445713181665
Conditioned RQMC,0.95,13,0.005,0.014938041507328137
Conditioned RQMC,0.95,13,0.01,0.014963921078798847
Direct RQMC,0.7,14,0.001,0.02084118045928562
Direct RQMC,0.7,14,0.0025,0.023294336535258253
Direct RQMC,0.7,14,0.005,0.022999211868423686
Direct RQMC,0.7,14,0.01,0.022018975018285758
Conditioned RQMC,0.7,14,0.001,0.021950482978816407
Conditioned RQMC,0.7,14,0.0025,0.02323384187843658
Conditioned RQMC,0.7,14,0.005,0.02300589723380142
Conditioned RQMC,0.7,14,0.01,0.02203956681479191
Direct RQMC,0.85,14,0.001,-0.6369156518182705
Direct RQMC,0.85,14,0.0025,-0.03900934221204011
Direct RQMC,0.85,14,0.005,0.0017114248815559563
Direct RQMC,0.85,14,0.01,0.02303237047637463
Conditioned RQMC,0.85,14,0.001,0.018140014354983688
Conditioned RQMC,0.85,14,0.0025,0.018640932202060867
Conditioned RQMC,0.85,14,0.005,0.018881754235771098
Conditioned RQMC,0.85,14,0.01,0.0185084750146709
Direct RQMC,0.95,14,0.001,1.1370165310772504
Direct RQMC,0.95,14,0.0025,0.364439402533975
Direct RQMC,0.95,14,0.005,0.02850081411306249
Direct RQMC,0.95,14,0.01,0.028841050395540968
Conditioned RQMC,0.95,14,0.001,0.014127892804616234
Conditioned RQMC,0.95,14,0.0025,0.014249224700023433
Conditioned RQMC,0.95,14,0.005,0.014344450397096864
Conditioned RQMC,0.95,14,0.01,0.014518590248060015
Direct RQMC,0.7,15,0.001,0.01960832638339127
Direct RQMC,0.7,15,0.0025,0.01897788865474581
Direct RQMC,0.7,15,0.005,0.019750439868666092
Direct RQMC,0.7,15,0.01,0.020377137375577448
Conditioned RQMC,0.7,15,0.001,0.0197431418305527
Conditioned RQMC,0.7,15,0.0025,0.019164623458721053
Conditioned RQMC,0.7,15,0.005,0.019827562259543186
Conditioned RQMC,0.7,15,0.01,0.02039707381862854
Direct RQMC,0.85,15,0.001,0.0448115338455679
Direct RQMC,0.85,15,0.0025,0.014687087827098821
Direct RQMC,0.85,15,0.005,-0.053276437225825646
Direct RQMC,0.85,15,0.01,-0.00047121296275687286
Conditioned RQMC,0.85,15,0.001,0.017529069984689723
Conditioned RQMC,0.85,15,0.0025,0.017853174359174773
Conditioned RQMC,0.85,15,0.005,0.018314741159130676
Conditioned RQMC,0.85,15,0.01,0.01833422401632312
Direct RQMC,0.95,15,0.001,1.1336362964919464
Direct RQMC,0.95,15,0.0025,0.031007269537781212
Direct RQMC,0.95,15,0.005,0.0028389319136792324
Direct RQMC,0.95,15,0.01,0.01312202427188236
Conditioned RQMC,0.95,15,0.001,0.014465085854009626
Conditioned RQMC,0.95,15,0.0025,0.01434215068810829
Conditioned RQMC,0.95,15,0.005,0.014282274928941519
Conditioned RQMC,0.95,15,0.01,0.014421319168436142
Direct RQMC,0.7,16,0.001,0.024329648462106942
Direct RQMC,0.7,16,0.0025,0.021955962082159886
Direct RQMC,0.7,16,0.005,0.02108205625795989
Direct RQMC,0.7,16,0.01,0.02203231995652466
Conditioned RQMC,0.7,16,0.001,0.024586295675455002
Conditioned RQMC,0.7,16,0.0025,0.022113365091826154
Conditioned RQMC,0.7,16,0.005,0.02163060112751225
Conditioned RQMC,0.7,16,0.01,0.022186771152936657
Direct RQMC,0.85,16,0.001,-0.3398949746976853
Direct RQMC,0.85,16,0.0025,-0.03851503842795978
Direct RQMC,0.85,16,0.005,0.00706437842120522
Direct RQMC,0.85,16,0.01,0.021336914723788958
Conditioned RQMC,0.85,16,0.001,0.01842203028186162
Conditioned RQMC,0.85,16,0.0025,0.018032866334266373
Conditioned RQMC,0.85,16,0.005,0.01773729058515272
Conditioned RQMC,0.85,16,0.01,0.018106671456381562
Direct RQMC,0.95,16,0.001,-1.531719303452039
Direct RQMC,0.95,16,0.0025,0.08403187341721718
Direct RQMC,0.95,16,0.005,0.0040918887982321905
Direct RQMC,0.95,16,0.01,0.01022323600698094
Conditioned RQMC,0.95,16,0.001,0.014811955651250482
Conditioned RQMC,0.95,16,0.0025,0.014704343862817382
Conditioned RQMC,0.95,16,0.005,0.014709023644197572
Conditioned RQMC,0.95,16,0.01,0.01480785452461486
Direct RQMC,0.7,17,0.001,0.019323759875611298
Direct RQMC,0.7,17,0.0025,0.021935937608304812
Direct RQMC,0.7,17,0.005,0.022086389587798294
Direct RQMC,0.7,17,0.01,0.02169911320782525
Conditioned RQMC,0.7,17,0.001,0.01911349272187834
Conditioned RQMC,0.7,17,0.0025,0.022022222227633392
Conditioned RQMC,0.7,17,0.005,0.022103644968254343
Conditioned RQMC,0.7,17,0.01,0.02168910473692165
Direct RQMC,0.85,17,0.001,-0.11100756613711124
Direct RQMC,0.85,17,0.0025,0.031096894227033545
Direct RQMC,0.85,17,0.005,0.025406129598515292
Direct RQMC,0.85,17,0.01,0.0211967942275475
Conditioned RQMC,0.85,17,0.001,0.014534351737438552
Conditioned RQMC,0.85,17,0.0025,0.017469190043442495
Conditioned RQMC,0.85,17,0.005,0.017934241225091796
Conditioned RQMC,0.85,17,0.01,0.018080823362803145
Direct RQMC,0.95,17,0.001,1.1527453815434183
Direct RQMC,0.95,17,0.0025,0.4494068244841145
Direct RQMC,0.95,17,0.005,0.15908569236516357
Direct RQMC,0.95,17,0.01,0.03093333261567821
Conditioned RQMC,0.95,17,0.001,0.014211951933518204
Conditioned RQMC,0.95,17,0.0025,0.014230193011840697
Conditioned RQMC,0.95,17,0.005,0.01436507910398177
Conditioned RQMC,0.95,17,0.01,0.014453768312662874
Direct RQMC,0.7,18,0.001,0.01685384974319248
Direct RQMC,0.7,18,0.0025,0.018825625923909683
Direct RQMC,0.7,18,0.005,0.019172977313594686
Direct RQMC,0.7,18,0.01,0.020286846904088662
Conditioned RQMC,0.7,18,0.001,0.017225858433000948
Conditioned RQMC,0.7,18,0.0025,0.01887663766234482
Conditioned RQMC,0.7,18,0.005,0.01916715067767427
Conditioned RQMC,0.7,18,0.01,0.020259677051315705
Direct RQMC,0.85,18,0.001,0.4054799847143186
Direct RQMC,0.85,18,0.0025,0.1250709009491402
Direct RQMC,0.85,18,0.005,0.06593501948325553
Direct RQMC,0.85,18,0.01,0.024787862375767133
Conditioned RQMC,0.85,18,0.001,0.01683269367376283
Conditioned RQMC,0.85,18,0.0025,0.017255650459418348
Conditioned RQMC,0.85,18,0.005,0.017085417829747485
Conditioned RQMC,0.85,18,0.01,0.017643802733857683
Direct RQMC,0.95,18,0.001,-1.0329267716405963
Direct RQMC,0.95,18,0.0025,-0.04620163682341172
Direct RQMC,0.95,18,0.005,-0.02800913187244447
Direct RQMC,0.95,18,0.01,0.016850350812902093
Conditioned RQMC,0.95,18,0.001,0.014390996068680547
Conditioned RQMC,0.95,18,0.0025,0.014410247051770853
Conditioned RQMC,0.95,18,0.005,0.01441261122278803
Conditioned RQMC,0.95,18,0.01,0.014516353892395806
Direct RQMC,0.7,19,0.001,0.017332698889838124
Direct RQMC,0.7,19,0.0025,0.02053600197552896
Direct RQMC,0.7,19,0.005,0.02095683914812696
Direct RQMC,0.7,19,0.01,0.021563937048737714
Conditioned RQMC,0.7,19,0.001,0.01717971441301813
Conditioned RQMC,0.7,19,0.0025,0.020537234117881553
Conditioned RQMC,0.7,19,0.005,0.021014042831659197
Conditioned RQMC,0.7,19,0.01,0.02163722149737879
Direct RQMC,0.85,19,0.001,-0.07929311487266942
Direct RQMC,0.85,19,0.0025,0.05361590957923568
Direct RQMC,0.85,19,0.005,0.017435106404732892
Direct RQMC,0.85,19,0.01,0.018578463281344604
Conditioned RQMC,0.85,19,0.001,0.01854401863941035
Conditioned RQMC,0.85,19,0.0025,0.018411573238324763
Conditioned RQMC,0.85,19,0.005,0.017938393014290455
Conditioned RQMC,0.85,19,0.01,0.017925587510061902
Direct RQMC,0.95,19,0.001,-0.9067129152892759
Direct RQMC,0.95,19,0.0025,-0.10475991792029049
Direct RQMC,0.95,19,0.005,-0.049188660515532945
Direct RQMC,0.95,19,0.01,-0.02744742975548231
Conditioned RQMC,0.95,19,0.001,0.014107152202047498
Conditioned RQMC,0.95,19,0.0025,0.014195848196351335
Conditioned RQMC,0.95,19,0.005,0.014262175239121433
Conditioned RQMC,0.95,19,0.01,0.01441125011157851
Direct RQMC,0.7,20,0.001,0.020999226717677285
Direct RQMC,0.7,20,0.0025,0.02256430653463326
Direct RQMC,0.7,20,0.005,0.02290122225250002
Direct RQMC,0.7,20,0.01,0.02218850928867866
Conditioned RQMC,0.7,20,0.001,0.021109949098807586
Conditioned RQMC,0.7,20,0.0025,0.02245071840175683
Conditioned RQMC,0.7,20,0.005,0.02284180435164984
Conditioned RQMC,0.7,20,0.01,0.02216014848047365
Direct RQMC,0.85,20,0.001,0.12502993973591
Direct RQMC,0.85,20,0.0025,0.06699716233592312
Direct RQMC,0.85,20,0.005,0.052077644106184096
Direct RQMC,0.85,20,0.01,0.02285185483103014
Conditioned RQMC,0.85,20,0.001,0.01804098930655584
Conditioned RQMC,0.85,20,0.0025,0.01808821923668802
Conditioned RQMC,0.85,20,0.005,0.018240883444207157
Conditioned RQMC,0.85,20,0.01,0.018474613006072893
Direct RQMC,0.95,20,0.001,-1.503107682139415
Direct RQMC,0.95,20,0.0025,-0.17432711038428295
Direct RQMC,0.95,20,0.005,0.00490375461863124
Direct RQMC,0.95,20,0.01,0.02218868306778443
Conditioned RQMC,0.95,20,0.001,0.0140106144264962
Conditioned RQMC,0.95,20,0.0025,0.014264945720753985
Conditioned RQMC,0.95,20,0.005,0.014294773957352902
Conditioned RQMC,0.95,20,0.01,0.014394353465128518
Direct RQMC,0.7,21,0.001,0.02628593205127316
Direct RQMC,0.7,21,0.0025,0.021945290631066428
Direct RQMC,0.7,21,0.005,0.02098723314798434
Direct RQMC,0.7,21,0.01,0.020692448934891416
Conditioned RQMC,0.7,21,0.001,0.026320893020859156
Conditioned RQMC,0.7,21,0.0025,0.02202318554347471
Conditioned RQMC,0.7,21,0.005,0.020915882138652364
Conditioned RQMC,0.7,21,0.01,0.020629868440886767
Direct RQMC,0.85,21,0.001,0.17202602255572683
Direct RQMC,0.85,21,0.0025,0.04618306864750821
Direct RQMC,0.85,21,0.005,0.014671386186790869
Direct RQMC,0.85,21,0.01,0.022088214177963472
Conditioned RQMC,0.85,21,0.001,0.019717021382348317
Conditioned RQMC,0.85,21,0.0025,0.018634430919973966
Conditioned RQMC,0.85,21,0.005,0.01842671774744531
Conditioned RQMC,0.85,21,0.01,0.018114691695412688
Direct RQMC,0.95,21,0.001,1.3338045772417926
Direct RQMC,0.95,21,0.0025,0.31846453603561997
Direct RQMC,0.95,21,0.005,0.1521936224848055
Direct RQMC,0.95,21,0.01,0.08937682288178106
Conditioned RQMC,0.95,21,0.001,0.014027639274427624
Conditioned RQMC,0.95,21,0.0025,0.014088430953563602
Conditioned RQMC,0.95,21,0.005,0.014089394636123131
Conditioned RQMC,0.95,21,0.01,0.014203969005982309
Direct RQMC,0.7,22,0.001,0.019246987306509308
Direct RQMC,0.7,22,0.0025,0.020836774983195028
Direct RQMC,0.7,22,0.005,0.021188926036323608
Direct RQMC,0.7,22,0.01,0.021768074958311345
Conditioned RQMC,0.7,22,0.001,0.019485666255647512
Conditioned RQMC,0.7,22,0.0025,0.020859687516832537
Conditioned RQMC,0.7,22,0.005,0.021171926514135464
Conditioned RQMC,0.7,22,0.01,0.021689261285056105
Direct RQMC,0.85,22,0.001,0.017851370390076223
Direct RQMC,0.85,22,0.0025,0.017485095743069223
Direct RQMC,0.85,22,0.005,0.0688316543043257
Direct RQMC,0.85,22,0.01,0.0393357031053716
Conditioned RQMC,0.85,22,0.001,0.019173574020214797
Conditioned RQMC,0.85,22,0.0025,0.019092230175743907
Conditioned RQMC,0.85,22,0.005,0.019117341221409845
Conditioned RQMC,0.85,22,0.01,0.018600770748258277
Direct RQMC,0.95,22,0.001,-0.18019884318443144
Direct RQMC,0.95,22,0.0025,-0.052408288852916485
Direct RQMC,0.95,22,0.005,0.029441920203261418
Direct RQMC,0.95,22,0.01,-0.005081585324774096
Conditioned RQMC,0.95,22,0.001,0.014128382569200678
Conditioned RQMC,0.95,22,0.0025,0.014199179582490729
Conditioned RQMC,0.95,22,0.005,0.014284567190934183
Conditioned RQMC,0.95,22,0.01,0.014476383779415514
Direct RQMC,0.7,23,0.001,0.01928772842241244
Direct RQMC,0.7,23,0.0025,0.01949235653995629
Direct RQMC,0.7,23,0.005,0.01942461244602356
Direct RQMC,0.7,23,0.01,0.019522355072876252
Conditioned RQMC,0.7,23,0.001,0.020007684205403106
Conditioned RQMC,0.7,23,0.0025,0.019668383585070615
Conditioned RQMC,0.7,23,0.005,0.019418022878056718
Conditioned RQMC,0.7,23,0.01,0.01945644586824713
Direct RQMC,0.85,23,0.001,-0.13812502545480496
Direct RQMC,0.85,23,0.0025,0.094023906326413
Direct RQMC,0.85,23,0.005,0.03433274276803644
Direct RQMC,0.85,23,0.01,0.014066132166277612
Conditioned RQMC,0.85,23,0.001,0.017771950070155636
Conditioned RQMC,0.85,23,0.0025,0.017049529377828776
Conditioned RQMC,0.85,23,0.005,0.016724106766098146
Conditioned RQMC,0.85,23,0.01,0.016967306649923408
Direct RQMC,0.95,23,0.001,-0.35632840349597567
Direct RQMC,0.95,23,0.0025,0.3275720121205268
Direct RQMC,0.95,23,0.005,-0.005462057299478573
Direct RQMC,0.95,23,0.01,-0.005214428773553159
Conditioned RQMC,0.95,23,0.001,0.014487500539583916
Conditioned RQMC,0.95,23,0.0025,0.014377285899357162
Conditioned RQMC,0.95,23,0.005,0.014393778539773194
Conditioned RQMC,0.95,23,0.01,0.014494772523907962
