Method,Sampling,Treatment,Barrier ratio,Replication,Seed / scramble,Price,Runtime seconds
Direct MC,MC,Direct,0.7,0,20260729,8.755884791358353,0.08053629996720701
Conditioned MC,MC,Conditioned,0.7,0,20260729,8.755965824887618,0.6211642000125721
Direct MC,MC,Direct,0.85,0,20260729,8.639183058571687,0.07693650003056973
Conditioned MC,MC,Conditioned,0.85,0,20260729,8.629011749136737,0.6270318999886513
Direct MC,MC,Direct,0.95,0,20260729,6.645089128143963,0.08595460001379251
Conditioned MC,MC,Conditioned,0.95,0,20260729,6.651542733037929,0.5883874000282958
Direct MC,MC,Direct,0.7,1,20260730,8.680133180075936,0.07485949998954311
Conditioned MC,MC,Conditioned,0.7,1,20260730,8.680725246375108,0.5776900000055321
Direct MC,MC,Direct,0.85,1,20260730,8.56252172487914,0.08372649998636916
Conditioned MC,MC,Conditioned,0.85,1,20260730,8.564461284995977,0.5402251999475993
Direct MC,MC,Direct,0.95,1,20260730,6.691216986606933,0.07073199999285862
Conditioned MC,MC,Conditioned,0.95,1,20260730,6.644181550950616,0.5198635999695398
Direct MC,MC,Direct,0.7,2,20260731,8.66599568815436,0.07162569998763502
Conditioned MC,MC,Conditioned,0.7,2,20260731,8.666082712391765,0.5532772999722511
Direct MC,MC,Direct,0.85,2,20260731,8.537945660663786,0.07565100002102554
Conditioned MC,MC,Conditioned,0.85,2,20260731,8.542855768798335,0.533419799990952
Direct MC,MC,Direct,0.95,2,20260731,6.594115056449477,0.07932060002349317
Conditioned MC,MC,Conditioned,0.95,2,20260731,6.614338303443053,0.5091797999921255
Direct MC,MC,Direct,0.7,3,20260732,8.771871803903275,0.0686178999603726
Conditioned MC,MC,Conditioned,0.7,3,20260732,8.771750989701353,0.5411439000163227
Direct MC,MC,Direct,0.85,3,20260732,8.64081112437594,0.07111319998512045
Conditioned MC,MC,Conditioned,0.85,3,20260732,8.635314284790386,0.534991100023035
Direct MC,MC,Direct,0.95,3,20260732,6.6061877957056785,0.0721870000124909
Conditioned MC,MC,Conditioned,0.95,3,20260732,6.6554984958280805,0.5141934000421315
Direct MC,MC,Direct,0.7,4,20260733,8.704147741278529,0.07315940002445132
Conditioned MC,MC,Conditioned,0.7,4,20260733,8.704043695590743,0.5448321000440046
Direct MC,MC,Direct,0.85,4,20260733,8.593971223207438,0.08157759997993708
Conditioned MC,MC,Conditioned,0.85,4,20260733,8.580411539688425,0.5445374000119045
Direct MC,MC,Direct,0.95,4,20260733,6.626458649552611,0.07412999996449798
Conditioned MC,MC,Conditioned,0.95,4,20260733,6.641792508707727,0.533136599988211
Direct MC,MC,Direct,0.7,5,20260734,8.522918597710508,0.077201200008858
Conditioned MC,MC,Conditioned,0.7,5,20260734,8.522752936691623,0.555818900000304
Direct MC,MC,Direct,0.85,5,20260734,8.376454148771568,0.07603060000110418
Conditioned MC,MC,Conditioned,0.85,5,20260734,8.396229512053011,0.5290993999806233
Direct MC,MC,Direct,0.95,5,20260734,6.52072461321943,0.07805170002393425
Conditioned MC,MC,Conditioned,0.95,5,20260734,6.482066281428533,0.5308736999868415
Direct MC,MC,Direct,0.7,6,20260735,8.623338311957246,0.07557479996467009
Conditioned MC,MC,Conditioned,0.7,6,20260735,8.623105925202566,0.5531195999938063
Direct MC,MC,Direct,0.85,6,20260735,8.486163821679208,0.07931980001740158
Conditioned MC,MC,Conditioned,0.85,6,20260735,8.489623683896586,0.5437472000485286
Direct MC,MC,Direct,0.95,6,20260735,6.527806399550711,0.08050209999782965
Conditioned MC,MC,Conditioned,0.95,6,20260735,6.567051537522128,0.5541815999895334
Direct MC,MC,Direct,0.7,7,20260736,8.71392390789303,0.08057239995105192
Conditioned MC,MC,Conditioned,0.7,7,20260736,8.71386935900111,0.5452100000111386
Direct MC,MC,Direct,0.85,7,20260736,8.596015927257007,0.08450479997554794
Conditioned MC,MC,Conditioned,0.85,7,20260736,8.588250643855536,0.5945352999842726
Direct MC,MC,Direct,0.95,7,20260736,6.612447612073012,0.07198339997557923
Conditioned MC,MC,Conditioned,0.95,7,20260736,6.635773459658809,0.5857888999744318
Direct MC,MC,Direct,0.7,8,20260737,8.658983472914533,0.07749679998960346
Conditioned MC,MC,Conditioned,0.7,8,20260737,8.659045860297166,0.5801285000052303
Direct MC,MC,Direct,0.85,8,20260737,8.5365829232427,0.08549159998074174
Conditioned MC,MC,Conditioned,0.85,8,20260737,8.541394199582783,0.6369120999588631
Direct MC,MC,Direct,0.95,8,20260737,6.6343915913066285,0.07553500001085922
Conditioned MC,MC,Conditioned,0.95,8,20260737,6.610789451573618,0.5483680999604985
Direct MC,MC,Direct,0.7,9,20260738,8.56271921204322,0.08049979998031631
Conditioned MC,MC,Conditioned,0.7,9,20260738,8.562645676173355,0.6148041999549605
Direct MC,MC,Direct,0.85,9,20260738,8.43136323330282,0.08971789997303858
Conditioned MC,MC,Conditioned,0.85,9,20260738,8.437084916115035,0.5746369999833405
Direct MC,MC,Direct,0.95,9,20260738,6.514254091328436,0.07924009999260306
Conditioned MC,MC,Conditioned,0.95,9,20260738,6.545431169162775,0.5656078000320122
Direct MC,MC,Direct,0.7,10,20260739,8.812215143318227,0.07439319998957217
Conditioned MC,MC,Conditioned,0.7,10,20260739,8.812271887513203,0.5731528000324033
Direct MC,MC,Direct,0.85,10,20260739,8.680780032012468,0.08168420003494248
Conditioned MC,MC,Conditioned,0.85,10,20260739,8.688604720864184,0.5726368999457918
Direct MC,MC,Direct,0.95,10,20260739,6.735915244985609,0.07689139997819439
Conditioned MC,MC,Conditioned,0.95,10,20260739,6.730371186749411,0.5622410000069067
Direct MC,MC,Direct,0.7,11,20260740,8.731311657730124,0.075212899944745
Conditioned MC,MC,Conditioned,0.7,11,20260740,8.731160668177475,0.5619763000286184
Direct MC,MC,Direct,0.85,11,20260740,8.61205174120727,0.07362819998525083
Conditioned MC,MC,Conditioned,0.85,11,20260740,8.605097424244711,0.5669433000148274
Direct MC,MC,Direct,0.95,11,20260740,6.7107275393170465,0.07584550004685298
Conditioned MC,MC,Conditioned,0.95,11,20260740,6.6832477233776215,0.5915931999916211
Direct MC,MC,Direct,0.7,12,20260741,8.618654111441462,0.08103320002555847
Conditioned MC,MC,Conditioned,0.7,12,20260741,8.6185716384522,0.5767214999650605
Direct MC,MC,Direct,0.85,12,20260741,8.497889456583211,0.06985609995899722
Conditioned MC,MC,Conditioned,0.85,12,20260741,8.49852729671923,0.5607006999780424
Direct MC,MC,Direct,0.95,12,20260741,6.536043325971191,0.07442030002130195
Conditioned MC,MC,Conditioned,0.95,12,20260741,6.591366292595829,0.5751080000190996
Direct MC,MC,Direct,0.7,13,20260742,8.729984082534326,0.07795259996782988
Conditioned MC,MC,Conditioned,0.7,13,20260742,8.729906570535636,0.5703202000004239
Direct MC,MC,Direct,0.85,13,20260742,8.615270011494058,0.0761695999535732
Conditioned MC,MC,Conditioned,0.85,13,20260742,8.610707440141919,0.5460579000064172
Direct MC,MC,Direct,0.95,13,20260742,6.674762595974547,0.08422339998651296
Conditioned MC,MC,Conditioned,0.95,13,20260742,6.656951305168509,0.5786280000465922
Direct MC,MC,Direct,0.7,14,20260743,8.611024631264204,0.07638410001527518
Conditioned MC,MC,Conditioned,0.7,14,20260743,8.610899103267476,0.5702105000382289
Direct MC,MC,Direct,0.85,14,20260743,8.486361651302394,0.07725309999659657
Conditioned MC,MC,Conditioned,0.85,14,20260743,8.489273651279799,0.6161340000107884
Direct MC,MC,Direct,0.95,14,20260743,6.621503222896505,0.08386630000313744
Conditioned MC,MC,Conditioned,0.95,14,20260743,6.6004500451878245,0.5620315999840386
Direct MC,MC,Direct,0.7,15,20260744,8.584934634089663,0.08296229998813942
Conditioned MC,MC,Conditioned,0.7,15,20260744,8.584846724310347,0.5828685000305995
Direct MC,MC,Direct,0.85,15,20260744,8.459481583749785,0.07918449997669086
Conditioned MC,MC,Conditioned,0.85,15,20260744,8.456292439478398,0.6056325000245124
Direct MC,MC,Direct,0.95,15,20260744,6.504540755059504,0.11213220003992319
Conditioned MC,MC,Conditioned,0.95,15,20260744,6.564242269089407,0.6210424000164494
Direct MC,MC,Direct,0.7,16,20260745,8.823697995492644,0.08087050000904128
Conditioned MC,MC,Conditioned,0.7,16,20260745,8.823788519220424,0.5631986000225879
Direct MC,MC,Direct,0.85,16,20260745,8.703489231217272,0.074512799968943
Conditioned MC,MC,Conditioned,0.85,16,20260745,8.702141457826418,0.5738396999659017
Direct MC,MC,Direct,0.95,16,20260745,6.7902192599599935,0.08496590005233884
Conditioned MC,MC,Conditioned,0.95,16,20260745,6.746704229346966,0.5593907000147738
Direct MC,MC,Direct,0.7,17,20260746,8.84425319116188,0.07429939997382462
Conditioned MC,MC,Conditioned,0.7,17,20260746,8.844297823027608,0.5551202999777161
Direct MC,MC,Direct,0.85,17,20260746,8.721569767562118,0.07664240000303835
Conditioned MC,MC,Conditioned,0.85,17,20260746,8.719880510250025,0.5513376999879256
Direct MC,MC,Direct,0.95,17,20260746,6.796704520628498,0.07258190005086362
Conditioned MC,MC,Conditioned,0.95,17,20260746,6.746373359553157,0.5307746999897063
Direct MC,MC,Direct,0.7,18,20260747,8.763414502639431,0.07356829999480397
Conditioned MC,MC,Conditioned,0.7,18,20260747,8.763427237559162,0.5717509999522008
Direct MC,MC,Direct,0.85,18,20260747,8.636184967296634,0.08070769999176264
Conditioned MC,MC,Conditioned,0.85,18,20260747,8.631102619056515,0.5658701000502333
Direct MC,MC,Direct,0.95,18,20260747,6.6550852901631625,0.07571349997306243
Conditioned MC,MC,Conditioned,0.95,18,20260747,6.646317771478603,0.5483576999977231
Direct MC,MC,Direct,0.7,19,20260748,8.790684210041741,0.08074220002163202
Conditioned MC,MC,Conditioned,0.7,19,20260748,8.790829558077823,0.6169289000099525
Direct MC,MC,Direct,0.85,19,20260748,8.656457285620236,0.08434579998720437
Conditioned MC,MC,Conditioned,0.85,19,20260748,8.657335425855159,0.5755970000172965
Direct MC,MC,Direct,0.95,19,20260748,6.619105698957235,0.07650480000302196
Conditioned MC,MC,Conditioned,0.95,19,20260748,6.6680169206269495,0.5725682000047527
Direct MC,MC,Direct,0.7,20,20260749,8.784892432878719,0.07392120000440627
Conditioned MC,MC,Conditioned,0.7,20,20260749,8.784784141389249,0.5863954999949783
Direct MC,MC,Direct,0.85,20,20260749,8.661437295856484,0.07651839999016374
Conditioned MC,MC,Conditioned,0.85,20,20260749,8.654100129459307,0.5807516999775544
Direct MC,MC,Direct,0.95,20,20260749,6.739220651084359,0.08448059996590018
Conditioned MC,MC,Conditioned,0.95,20,20260749,6.689102938954154,0.5457523000077344
Direct MC,MC,Direct,0.7,21,20260750,8.573148633071662,0.08030999999027699
Conditioned MC,MC,Conditioned,0.7,21,20260750,8.573230975731162,0.5836912000086159
Direct MC,MC,Direct,0.85,21,20260750,8.440440439564878,0.0730494000017643
Conditioned MC,MC,Conditioned,0.85,21,20260750,8.450777175650568,0.572049500013236
Direct MC,MC,Direct,0.95,21,20260750,6.476852053971238,0.07615149999037385
Conditioned MC,MC,Conditioned,0.95,21,20260750,6.557042868145842,0.5643547999789007
Direct MC,MC,Direct,0.7,22,20260751,8.713506681009273,0.08615340001415461
Conditioned MC,MC,Conditioned,0.7,22,20260751,8.71346303303254,0.5888577000005171
Direct MC,MC,Direct,0.85,22,20260751,8.588452838398164,0.07678850000957027
Conditioned MC,MC,Conditioned,0.85,22,20260751,8.579692612932739,0.5905987999867648
Direct MC,MC,Direct,0.95,22,20260751,6.640822812735062,0.08173879998503253
Conditioned MC,MC,Conditioned,0.95,22,20260751,6.627320592498655,0.5525720000150613
Direct MC,MC,Direct,0.7,23,20260752,8.975662744232444,0.08695860003354028
Conditioned MC,MC,Conditioned,0.7,23,20260752,8.975702171618432,0.5674751999904402
Direct MC,MC,Direct,0.85,23,20260752,8.869491148251793,0.08249770000111312
Conditioned MC,MC,Conditioned,0.85,23,20260752,8.857752406803261,0.5963407999952324
Direct MC,MC,Direct,0.95,23,20260752,6.879825726450795,0.08959270000923425
Conditioned MC,MC,Conditioned,0.95,23,20260752,6.857357263327032,0.5981539000058547
Direct RQMC,RQMC,Direct,0.7,0,30260729,8.698206847762764,0.08318199997302145
Conditioned RQMC,RQMC,Conditioned,0.7,0,30260729,8.698131487859072,0.5715373000130057
Direct RQMC,RQMC,Direct,0.85,0,30260729,8.571784076790577,0.07841529999859631
Conditioned RQMC,RQMC,Conditioned,0.85,0,30260729,8.569443787290412,0.5587631000089459
Direct RQMC,RQMC,Direct,0.95,0,30260729,6.606738126213891,0.0747992999968119
Conditioned RQMC,RQMC,Conditioned,0.95,0,30260729,6.626730474839693,0.5601424000342377
Direct RQMC,RQMC,Direct,0.7,1,30260730,8.678462278090741,0.08447739999974146
Conditioned RQMC,RQMC,Conditioned,0.7,1,30260730,8.678600077624834,0.5741910000215285
Direct RQMC,RQMC,Direct,0.85,1,30260730,8.561285588752767,0.0774985000025481
Conditioned RQMC,RQMC,Conditioned,0.85,1,30260730,8.558141137023968,0.5820597999845631
Direct RQMC,RQMC,Direct,0.95,1,30260730,6.611086245391949,0.07371520000742748
Conditioned RQMC,RQMC,Conditioned,0.95,1,30260730,6.616245066896566,0.5585609000409022
Direct RQMC,RQMC,Direct,0.7,2,30260731,8.703516704937464,0.08185099996626377
Conditioned RQMC,RQMC,Conditioned,0.7,2,30260731,8.70318167428176,0.6212040999671444
Direct RQMC,RQMC,Direct,0.85,2,30260731,8.581942090610813,0.08009110001148656
Conditioned RQMC,RQMC,Conditioned,0.85,2,30260731,8.5783002746889,0.5835111000342295
Direct RQMC,RQMC,Direct,0.95,2,30260731,6.641455632355491,0.08584769995650277
Conditioned RQMC,RQMC,Conditioned,0.95,2,30260731,6.627747061534831,0.5903837000369094
Direct RQMC,RQMC,Direct,0.7,3,30260732,8.701302046669795,0.08526269998401403
Conditioned RQMC,RQMC,Conditioned,0.7,3,30260732,8.701051555538614,0.6056882999837399
Direct RQMC,RQMC,Direct,0.85,3,30260732,8.565396129154191,0.08321020001312718
Conditioned RQMC,RQMC,Conditioned,0.85,3,30260732,8.569262391254746,0.5738154000137001
Direct RQMC,RQMC,Direct,0.95,3,30260732,6.650186961323053,0.0684371999814175
Conditioned RQMC,RQMC,Conditioned,0.95,3,30260732,6.63472259294724,0.558500399987679
Direct RQMC,RQMC,Direct,0.7,4,30260733,8.681581431201398,0.07855070004006848
Conditioned RQMC,RQMC,Conditioned,0.7,4,30260733,8.681788118269818,0.5720749000320211
Direct RQMC,RQMC,Direct,0.85,4,30260733,8.574446953039597,0.08273750002263114
Conditioned RQMC,RQMC,Conditioned,0.85,4,30260733,8.566335653181866,0.5751329000340775
Direct RQMC,RQMC,Direct,0.95,4,30260733,6.648086197048716,0.07412869995459914
Conditioned RQMC,RQMC,Conditioned,0.95,4,30260733,6.629666490973939,0.5557945999898948
Direct RQMC,RQMC,Direct,0.7,5,30260734,8.69920219410961,0.07494190003490075
Conditioned RQMC,RQMC,Conditioned,0.7,5,30260734,8.699186183929623,0.6091575000318699
Direct RQMC,RQMC,Direct,0.85,5,30260734,8.57464327957233,0.0825743000023067
Conditioned RQMC,RQMC,Conditioned,0.85,5,30260734,8.569004302385473,0.5620740999584086
Direct RQMC,RQMC,Direct,0.95,5,30260734,6.628147014425024,0.0787568999803625
Conditioned RQMC,RQMC,Conditioned,0.95,5,30260734,6.628339366136156,0.579690299986396
Direct RQMC,RQMC,Direct,0.7,6,30260735,8.707717006254365,0.07796639995649457
Conditioned RQMC,RQMC,Conditioned,0.7,6,30260735,8.70769419384299,0.5805288000265136
Direct RQMC,RQMC,Direct,0.85,6,30260735,8.584427818046041,0.07964740000898018
Conditioned RQMC,RQMC,Conditioned,0.85,6,30260735,8.580402095984176,0.5709851999999955
Direct RQMC,RQMC,Direct,0.95,6,30260735,6.618873925961444,0.08837320003658533
Conditioned RQMC,RQMC,Conditioned,0.95,6,30260735,6.629410988082957,0.5915475999936461
Direct RQMC,RQMC,Direct,0.7,7,30260736,8.70480669966043,0.08350860001519322
Conditioned RQMC,RQMC,Conditioned,0.7,7,30260736,8.704741588810048,0.6294708999921568
Direct RQMC,RQMC,Direct,0.85,7,30260736,8.571757076909416,0.08038759999908507
Conditioned RQMC,RQMC,Conditioned,0.85,7,30260736,8.582523315433578,0.5789273999980651
Direct RQMC,RQMC,Direct,0.95,7,30260736,6.5849661608876655,0.07454910001251847
Conditioned RQMC,RQMC,Conditioned,0.95,7,30260736,6.632613488805766,0.5771122999722138
Direct RQMC,RQMC,Direct,0.7,8,30260737,8.677378415159174,0.08691359998192638
Conditioned RQMC,RQMC,Conditioned,0.7,8,30260737,8.677386351664946,0.6005923000047915
Direct RQMC,RQMC,Direct,0.85,8,30260737,8.535297734869905,0.08091729995794594
Conditioned RQMC,RQMC,Conditioned,0.85,8,30260737,8.551737807703157,0.5735064999898896
Direct RQMC,RQMC,Direct,0.95,8,30260737,6.586072099182159,0.07518440001877025
Conditioned RQMC,RQMC,Conditioned,0.95,8,30260737,6.621240015535655,0.5429426999762654
Direct RQMC,RQMC,Direct,0.7,9,30260738,8.703950935253786,0.07733399997232482
Conditioned RQMC,RQMC,Conditioned,0.7,9,30260738,8.703969776307677,0.6051351000205614
Direct RQMC,RQMC,Direct,0.85,9,30260738,8.579440237531697,0.08397229999536648
Conditioned RQMC,RQMC,Conditioned,0.85,9,30260738,8.576767079182714,0.6022885999991558
Direct RQMC,RQMC,Direct,0.95,9,30260738,6.632573110185312,0.07825150003191084
Conditioned RQMC,RQMC,Conditioned,0.95,9,30260738,6.634154082516933,0.537767400033772
Direct RQMC,RQMC,Direct,0.7,10,30260739,8.67744803174245,0.07946699997410178
Conditioned RQMC,RQMC,Conditioned,0.7,10,30260739,8.677139588549183,0.6020802999846637
Direct RQMC,RQMC,Direct,0.85,10,30260739,8.540473358541162,0.07480330002726987
Conditioned RQMC,RQMC,Conditioned,0.85,10,30260739,8.554601625695588,0.5856528999865986
Direct RQMC,RQMC,Direct,0.95,10,30260739,6.638484883706895,0.08089370001107454
Conditioned RQMC,RQMC,Conditioned,0.95,10,30260739,6.6227944092977555,0.570092800015118
Direct RQMC,RQMC,Direct,0.7,11,30260740,8.679740655132672,0.0724534000037238
Conditioned RQMC,RQMC,Conditioned,0.7,11,30260740,8.679778775811156,0.5710493999649771
Direct RQMC,RQMC,Direct,0.85,11,30260740,8.560593025445653,0.07498309999937192
Conditioned RQMC,RQMC,Conditioned,0.85,11,30260740,8.565827016825555,0.5540457000024617
Direct RQMC,RQMC,Direct,0.95,11,30260740,6.63928450633965,0.07447940000565723
Conditioned RQMC,RQMC,Conditioned,0.95,11,30260740,6.626596711291489,0.5296845000120811
Direct RQMC,RQMC,Direct,0.7,12,30260741,8.697482319766424,0.07013529998948798
Conditioned RQMC,RQMC,Conditioned,0.7,12,30260741,8.697464092000331,0.5709818999748677
Direct RQMC,RQMC,Direct,0.85,12,30260741,8.579257276856401,0.07577039999887347
Conditioned RQMC,RQMC,Conditioned,0.85,12,30260741,8.56651478681153,0.5542200999916531
Direct RQMC,RQMC,Direct,0.95,12,30260741,6.58893929519926,0.07537069998215884
Conditioned RQMC,RQMC,Conditioned,0.95,12,30260741,6.621234866787474,0.5273457000148483
Direct RQMC,RQMC,Direct,0.7,13,30260742,8.700013189942212,0.07231920002959669
Conditioned RQMC,RQMC,Conditioned,0.7,13,30260742,8.699919891477833,0.5462712000007741
Direct RQMC,RQMC,Direct,0.85,13,30260742,8.56601285349325,0.07773610000731423
Conditioned RQMC,RQMC,Conditioned,0.85,13,30260742,8.575956309413955,0.5726087000221014
Direct RQMC,RQMC,Direct,0.95,13,30260742,6.602804128992405,0.08150600001681596
Conditioned RQMC,RQMC,Conditioned,0.95,13,30260742,6.623061224800373,0.5701009999611415
Direct RQMC,RQMC,Direct,0.7,14,30260743,8.672413491679745,0.07114160002674907
Conditioned RQMC,RQMC,Conditioned,0.7,14,30260743,8.673386487776565,0.5370872000348754
Direct RQMC,RQMC,Direct,0.85,14,30260743,8.541636443892019,0.07440799998585135
Conditioned RQMC,RQMC,Conditioned,0.85,14,30260743,8.55253226548504,0.5426789000048302
Direct RQMC,RQMC,Direct,0.95,14,30260743,6.602588992964759,0.0797203000402078
Conditioned RQMC,RQMC,Conditioned,0.95,14,30260743,6.625570464265726,0.5528220999985933
Direct RQMC,RQMC,Direct,0.7,15,30260744,8.696782304879944,0.0779014999861829
Conditioned RQMC,RQMC,Conditioned,0.7,15,30260744,8.696903534701969,0.5950089999823831
Direct RQMC,RQMC,Direct,0.85,15,30260744,8.57463761678831,0.07138770003803074
Conditioned RQMC,RQMC,Conditioned,0.85,15,30260744,8.564409044895376,0.5644121000077575
Direct RQMC,RQMC,Direct,0.95,15,30260744,6.633580721928916,0.08217639999929816
Conditioned RQMC,RQMC,Conditioned,0.95,15,30260744,6.627341499067118,0.595919799990952
Direct RQMC,RQMC,Direct,0.7,16,30260745,8.681485415590624,0.08451559999957681
Conditioned RQMC,RQMC,Conditioned,0.7,16,30260745,8.681410565015796,0.583564699976705
Direct RQMC,RQMC,Direct,0.85,16,30260745,8.547376454872209,0.08282459998736158
Conditioned RQMC,RQMC,Conditioned,0.85,16,30260745,8.559296161718699,0.5813413999858312
Direct RQMC,RQMC,Direct,0.95,16,30260745,6.656609507704451,0.10543400002643466
Conditioned RQMC,RQMC,Conditioned,0.95,16,30260745,6.624746967236834,0.5597153000417165
Direct RQMC,RQMC,Direct,0.7,17,30260746,8.699047902819807,0.07746770000085235
Conditioned RQMC,RQMC,Conditioned,0.7,17,30260746,8.69906916484802,0.5651266000350006
Direct RQMC,RQMC,Direct,0.85,17,30260746,8.5731084575695,0.08961980004096404
Conditioned RQMC,RQMC,Conditioned,0.85,17,30260746,8.574061382634218,0.583321500045713
Direct RQMC,RQMC,Direct,0.95,17,30260746,6.618925951128989,0.08434810000471771
Conditioned RQMC,RQMC,Conditioned,0.95,17,30260746,6.6309050398731415,0.5582096999860369
Direct RQMC,RQMC,Direct,0.7,18,30260747,8.696738113031413,0.07580819999566302
Conditioned RQMC,RQMC,Conditioned,0.7,18,30260747,8.696585827327326,0.594715700019151
Direct RQMC,RQMC,Direct,0.85,18,30260747,8.564273013580474,0.08627100003650412
Conditioned RQMC,RQMC,Conditioned,0.85,18,30260747,8.567318753985804,0.61044670001138
Direct RQMC,RQMC,Direct,0.95,18,30260747,6.602825368081058,0.07994710002094507
Conditioned RQMC,RQMC,Conditioned,0.95,18,30260747,6.622320309207663,0.5550566000165418
Direct RQMC,RQMC,Direct,0.7,19,30260748,8.696221756655483,0.07493800000520423
Conditioned RQMC,RQMC,Conditioned,0.7,19,30260748,8.69628899508106,0.6130174999707378
Direct RQMC,RQMC,Direct,0.85,19,30260748,8.570262305993142,0.07697490003192797
Conditioned RQMC,RQMC,Conditioned,0.85,19,30260748,8.573143931842134,0.5684698999975808
Direct RQMC,RQMC,Direct,0.95,19,30260748,6.6627057879995535,0.08304160000989214
Conditioned RQMC,RQMC,Conditioned,0.95,19,30260748,6.6311495986150515,0.5478761999984272
Direct RQMC,RQMC,Direct,0.7,20,30260749,8.692443394961122,0.07911150000290945
Conditioned RQMC,RQMC,Conditioned,0.7,20,30260749,8.692285725789004,0.5669893000158481
Direct RQMC,RQMC,Direct,0.85,20,30260749,8.561232598379116,0.07807280000997707
Conditioned RQMC,RQMC,Conditioned,0.85,20,30260749,8.564788357282,0.5859540999517776
Direct RQMC,RQMC,Direct,0.95,20,30260749,6.5990221468563455,0.08816849999129772
Conditioned RQMC,RQMC,Conditioned,0.95,20,30260749,6.627337068926139,0.5762446000007913
Direct RQMC,RQMC,Direct,0.7,21,30260750,8.686709837518308,0.08633109997026622
Conditioned RQMC,RQMC,Conditioned,0.7,21,30260750,8.686898123464934,0.607873999979347
Direct RQMC,RQMC,Direct,0.85,21,30260750,8.56104465611039,0.07619400002295151
Conditioned RQMC,RQMC,Conditioned,0.85,21,30260750,8.567109841986534,0.5844883999670856
Direct RQMC,RQMC,Direct,0.95,21,30260750,6.604484629531049,0.08150580001529306
Conditioned RQMC,RQMC,Conditioned,0.95,21,30260750,6.633517259737631,0.5481885999906808
Direct RQMC,RQMC,Direct,0.7,22,30260751,8.687555174291072,0.07679000002099201
Conditioned RQMC,RQMC,Conditioned,0.7,22,30260751,8.687323090302163,0.5703675000113435
Direct RQMC,RQMC,Direct,0.85,22,30260751,8.546135018491176,0.07664570002816617
Conditioned RQMC,RQMC,Conditioned,0.85,22,30260751,8.563759442674494,0.5828319000429474
Direct RQMC,RQMC,Direct,0.95,22,30260751,6.623379480741994,0.08598409994738176
Conditioned RQMC,RQMC,Conditioned,0.95,22,30260751,6.624902864026208,0.5948833000147715
Direct RQMC,RQMC,Direct,0.7,23,30260752,8.70809089691756,0.08338269998785108
Conditioned RQMC,RQMC,Conditioned,0.7,23,30260752,8.70819001099685,0.6120629999786615
Direct RQMC,RQMC,Direct,0.85,23,30260752,8.585047993788791,0.08262240001931787
Conditioned RQMC,RQMC,Conditioned,0.85,23,30260752,8.579723120313348,0.6040104999556206
Direct RQMC,RQMC,Direct,0.95,23,30260752,6.626068053014429,0.07880419999128208
Conditioned RQMC,RQMC,Conditioned,0.95,23,30260752,6.633089453943867,0.5470594000071287
