Method,Barrier ratio,Replication,Vol bump,Vega per vol point
Direct MC,0.7,0,0.0025,0.38401322596672216
Direct MC,0.7,0,0.005,0.3840277420252516
Direct MC,0.7,0,0.01,0.38406769957979847
Conditioned MC,0.7,0,0.0025,0.3839202066169527
Conditioned MC,0.7,0,0.005,0.3839309098999095
Conditioned MC,0.7,0,0.01,0.38397093650530856
Direct MC,0.85,0,0.0025,0.343587894878258
Direct MC,0.85,0,0.005,0.3510842220636725
Direct MC,0.85,0,0.01,0.3489653290441481
Conditioned MC,0.85,0,0.0025,0.34276118481392004
Conditioned MC,0.85,0,0.005,0.3427752533647137
Conditioned MC,0.85,0,0.01,0.3427324849510453
Direct MC,0.95,0,0.0025,0.18324518491759
Direct MC,0.95,0,0.005,0.1826106603492148
Direct MC,0.95,0,0.01,0.18201003055555187
Conditioned MC,0.95,0,0.0025,0.17158027172791535
Conditioned MC,0.95,0,0.005,0.17159869906343506
Conditioned MC,0.95,0,0.01,0.17165546805591833
Direct MC,0.7,1,0.0025,0.3794747301675905
Direct MC,0.7,1,0.005,0.38029830131899267
Direct MC,0.7,1,0.01,0.3807103370518714
Conditioned MC,0.7,1,0.0025,0.3810910967461183
Conditioned MC,0.7,1,0.005,0.3810737552218413
Conditioned MC,0.7,1,0.01,0.3810612018350143
Direct MC,0.85,1,0.0025,0.3428291007364379
Direct MC,0.85,1,0.005,0.34033461906217255
Direct MC,0.85,1,0.01,0.34042290226327054
Conditioned MC,0.85,1,0.0025,0.3443911520605596
Conditioned MC,0.85,1,0.005,0.3443812322417088
Conditioned MC,0.85,1,0.01,0.3442596340237607
Direct MC,0.95,1,0.0025,0.1441647923161291
Direct MC,0.95,1,0.005,0.17477098193062712
Direct MC,0.95,1,0.01,0.17674358225909081
Conditioned MC,0.95,1,0.0025,0.17266036070423318
Conditioned MC,0.95,1,0.005,0.17267005777193578
Conditioned MC,0.95,1,0.01,0.1727116427178008
Direct MC,0.7,2,0.0025,0.38002201533744184
Direct MC,0.7,2,0.005,0.38003452470432286
Direct MC,0.7,2,0.01,0.3800452563730765
Conditioned MC,0.7,2,0.0025,0.38000605632898754
Conditioned MC,0.7,2,0.005,0.38001138842737703
Conditioned MC,0.7,2,0.01,0.3800015081679939
Direct MC,0.85,2,0.0025,0.3373415882327251
Direct MC,0.85,2,0.005,0.33941959935643773
Direct MC,0.85,2,0.01,0.3396694612432584
Conditioned MC,0.85,2,0.0025,0.34103956003941605
Conditioned MC,0.85,2,0.005,0.34101617506449244
Conditioned MC,0.85,2,0.01,0.34099744497777434
Direct MC,0.95,2,0.0025,0.11646349596018091
Direct MC,0.95,2,0.005,0.1448136632599626
Direct MC,0.95,2,0.01,0.15248210006209506
Conditioned MC,0.95,2,0.0025,0.17157306695778018
Conditioned MC,0.95,2,0.005,0.17158849910731178
Conditioned MC,0.95,2,0.01,0.17164383317823528
Direct MC,0.7,3,0.0025,0.38543296817869077
Direct MC,0.7,3,0.005,0.3853950002161195
Direct MC,0.7,3,0.01,0.3853431557124311
Conditioned MC,0.7,3,0.0025,0.3853539342923291
Conditioned MC,0.7,3,0.005,0.38532032129898575
Conditioned MC,0.7,3,0.01,0.3852689205187261
Direct MC,0.85,3,0.0025,0.33649135734590274
Direct MC,0.85,3,0.005,0.33760586689293426
Direct MC,0.85,3,0.01,0.3418736910412585
Conditioned MC,0.85,3,0.0025,0.34204629751605253
Conditioned MC,0.85,3,0.005,0.3420008621575086
Conditioned MC,0.85,3,0.01,0.3418939211733889
Direct MC,0.95,3,0.0025,0.1646965615060818
Direct MC,0.95,3,0.005,0.14890629776579623
Direct MC,0.95,3,0.01,0.15697225853332908
Conditioned MC,0.95,3,0.0025,0.1717009097667095
Conditioned MC,0.95,3,0.005,0.17171250930409077
Conditioned MC,0.95,3,0.01,0.17176983821281275
Direct MC,0.7,4,0.0025,0.3817850376660843
Direct MC,0.7,4,0.005,0.38178871874626275
Direct MC,0.7,4,0.01,0.38180583829930276
Conditioned MC,0.7,4,0.0025,0.3817080645883202
Conditioned MC,0.7,4,0.005,0.38170968674490524
Conditioned MC,0.7,4,0.01,0.38173674606689273
Direct MC,0.85,4,0.0025,0.3491765865566734
Direct MC,0.85,4,0.005,0.33975907965179175
Direct MC,0.85,4,0.01,0.3435174840616328
Conditioned MC,0.85,4,0.0025,0.3417360242756473
Conditioned MC,0.85,4,0.005,0.34174070861929984
Conditioned MC,0.85,4,0.01,0.3417123589913204
Direct MC,0.95,4,0.0025,0.1620248663675472
Direct MC,0.95,4,0.005,0.1504784750753707
Direct MC,0.95,4,0.01,0.17544590019397344
Conditioned MC,0.95,4,0.0025,0.17239147199627602
Conditioned MC,0.95,4,0.005,0.17240427213730403
Conditioned MC,0.95,4,0.01,0.1724529443813538
Direct MC,0.7,5,0.0025,0.37190309606527094
Direct MC,0.7,5,0.005,0.3718867570578066
Direct MC,0.7,5,0.01,0.371882272413619
Conditioned MC,0.7,5,0.0025,0.3717495591347202
Conditioned MC,0.7,5,0.005,0.37173232563408654
Conditioned MC,0.7,5,0.01,0.37172700744607295
Direct MC,0.85,5,0.0025,0.32984656592493167
Direct MC,0.85,5,0.005,0.33076495789205573
Direct MC,0.85,5,0.01,0.3321974751169376
Conditioned MC,0.85,5,0.0025,0.33321047935448433
Conditioned MC,0.85,5,0.005,0.3332182390089571
Conditioned MC,0.85,5,0.01,0.333214740896123
Direct MC,0.95,5,0.0025,0.1584313261830168
Direct MC,0.95,5,0.005,0.17051596381918355
Direct MC,0.95,5,0.01,0.1615610989794316
Conditioned MC,0.95,5,0.0025,0.16566575095250435
Conditioned MC,0.95,5,0.005,0.1656798539567932
Conditioned MC,0.95,5,0.01,0.16572546644610053
Direct MC,0.7,6,0.0025,0.3775394963711669
Direct MC,0.7,6,0.005,0.37754859208472524
Direct MC,0.7,6,0.01,0.37754997473251883
Conditioned MC,0.7,6,0.0025,0.3773323753131379
Conditioned MC,0.7,6,0.005,0.3773458979351112
Conditioned MC,0.7,6,0.01,0.3773574061485725
Direct MC,0.85,6,0.0025,0.33172659232257473
Direct MC,0.85,6,0.005,0.33226622727742594
Direct MC,0.85,6,0.01,0.33145910623200064
Conditioned MC,0.85,6,0.0025,0.33574378490032686
Conditioned MC,0.85,6,0.005,0.3357540875511553
Conditioned MC,0.85,6,0.01,0.33574127836721684
Direct MC,0.95,6,0.0025,0.1905098217498793
Direct MC,0.95,6,0.005,0.17520400074604847
Direct MC,0.95,6,0.01,0.17281772113802152
Conditioned MC,0.95,6,0.0025,0.16954776782423764
Conditioned MC,0.95,6,0.005,0.16955993913426504
Conditioned MC,0.95,6,0.01,0.16961484440838692
Direct MC,0.7,7,0.0025,0.3841198602616913
Direct MC,0.7,7,0.005,0.38412233466190493
Direct MC,0.7,7,0.01,0.38409925057275274
Conditioned MC,0.7,7,0.0025,0.3841215711869417
Conditioned MC,0.7,7,0.005,0.3841225066758085
Conditioned MC,0.7,7,0.01,0.384099222562674
Direct MC,0.85,7,0.0025,0.34877704256687636
Direct MC,0.85,7,0.005,0.3397732551351762
Direct MC,0.85,7,0.01,0.3426895639554335
Conditioned MC,0.85,7,0.0025,0.3429979999458972
Conditioned MC,0.85,7,0.005,0.34301684339937744
Conditioned MC,0.85,7,0.01,0.34301763159045606
Direct MC,0.95,7,0.0025,0.1927863642201526
Direct MC,0.95,7,0.005,0.17378281214509972
Direct MC,0.95,7,0.01,0.16553976716902372
Conditioned MC,0.95,7,0.0025,0.1722964758507537
Conditioned MC,0.95,7,0.005,0.1723093503482378
Conditioned MC,0.95,7,0.01,0.1723643623995614
Direct MC,0.7,8,0.0025,0.3792353029772073
Direct MC,0.7,8,0.005,0.37931062866604215
Direct MC,0.7,8,0.01,0.37935946301362206
Conditioned MC,0.7,8,0.0025,0.37942109344280794
Conditioned MC,0.7,8,0.005,0.379404931829459
Conditioned MC,0.7,8,0.01,0.37940052746520164
Direct MC,0.85,8,0.0025,0.33712268948534074
Direct MC,0.85,8,0.005,0.34533778515627844
Direct MC,0.85,8,0.01,0.34650450236421904
Conditioned MC,0.85,8,0.0025,0.34114351673964194
Conditioned MC,0.85,8,0.005,0.3411906800660134
Conditioned MC,0.85,8,0.01,0.34114668244446283
Direct MC,0.95,8,0.0025,0.15229174529985023
Direct MC,0.95,8,0.005,0.16635319347352073
Direct MC,0.95,8,0.01,0.18032797978386614
Conditioned MC,0.95,8,0.0025,0.17101107540728044
Conditioned MC,0.95,8,0.005,0.17101994445478486
Conditioned MC,0.95,8,0.01,0.1710707569270724
Direct MC,0.7,9,0.0025,0.37459779204700894
Direct MC,0.7,9,0.005,0.3746062174999576
Direct MC,0.7,9,0.01,0.3746334687236512
Conditioned MC,0.7,9,0.0025,0.3745015607015709
Conditioned MC,0.7,9,0.005,0.37449584606522457
Conditioned MC,0.7,9,0.01,0.3745088775710954
Direct MC,0.85,9,0.0025,0.3380361674911576
Direct MC,0.85,9,0.005,0.33287165890239834
Direct MC,0.85,9,0.01,0.33462385399302347
Conditioned MC,0.85,9,0.0025,0.33523799616623506
Conditioned MC,0.85,9,0.005,0.335222018146764
Conditioned MC,0.85,9,0.01,0.335157569336121
Direct MC,0.95,9,0.0025,0.1662681560303465
Direct MC,0.95,9,0.005,0.16283444769864008
Direct MC,0.95,9,0.01,0.16557260568410423
Conditioned MC,0.95,9,0.0025,0.16962495064113448
Conditioned MC,0.95,9,0.005,0.169640715763828
Conditioned MC,0.95,9,0.01,0.1696924957908248
Direct MC,0.7,10,0.0025,0.3909565681967919
Direct MC,0.7,10,0.005,0.3909661030368081
Direct MC,0.7,10,0.01,0.3909523908018348
Conditioned MC,0.7,10,0.0025,0.39099976220173716
Conditioned MC,0.7,10,0.005,0.3910070457824091
Conditioned MC,0.7,10,0.01,0.39096187439873376
Direct MC,0.85,10,0.0025,0.3563650558591256
Direct MC,0.85,10,0.005,0.35945973419186217
Direct MC,0.85,10,0.01,0.3572892106981218
Conditioned MC,0.85,10,0.0025,0.35108315110704424
Conditioned MC,0.85,10,0.005,0.3510640420998321
Conditioned MC,0.85,10,0.01,0.3510767910985262
Direct MC,0.95,10,0.0025,0.18793495263129145
Direct MC,0.95,10,0.005,0.18173636362667
Direct MC,0.95,10,0.01,0.1869463556631228
Conditioned MC,0.95,10,0.0025,0.17801704176243405
Conditioned MC,0.95,10,0.005,0.17802920488242346
Conditioned MC,0.95,10,0.01,0.17808805995598131
Direct MC,0.7,11,0.0025,0.3852200414483278
Direct MC,0.7,11,0.005,0.3851967572419248
Direct MC,0.7,11,0.01,0.38487740084146344
Conditioned MC,0.7,11,0.0025,0.38508181016326404
Conditioned MC,0.7,11,0.005,0.38506495757253845
Conditioned MC,0.7,11,0.01,0.3850199468384376
Direct MC,0.85,11,0.0025,0.3468243767950838
Direct MC,0.85,11,0.005,0.35076025553063417
Direct MC,0.85,11,0.01,0.3490692864844726
Conditioned MC,0.85,11,0.0025,0.3458508032935015
Conditioned MC,0.85,11,0.005,0.3458265709806412
Conditioned MC,0.85,11,0.01,0.34580202634792023
Direct MC,0.95,11,0.0025,0.21138300954343237
Direct MC,0.95,11,0.005,0.19687285306822044
Direct MC,0.95,11,0.01,0.17316450633126165
Conditioned MC,0.95,11,0.0025,0.1753102534704709
Conditioned MC,0.95,11,0.005,0.1753181013318681
Conditioned MC,0.95,11,0.01,0.17537362215522645
Direct MC,0.7,12,0.0025,0.3764098686509172
Direct MC,0.7,12,0.005,0.3764293711697544
Direct MC,0.7,12,0.01,0.3764496653945635
Conditioned MC,0.7,12,0.0025,0.3763798649733907
Conditioned MC,0.7,12,0.005,0.37639606266501424
Conditioned MC,0.7,12,0.01,0.3764168354547568
Direct MC,0.85,12,0.0025,0.32852513016619866
Direct MC,0.85,12,0.005,0.3413735020397777
Direct MC,0.85,12,0.01,0.33926111533073827
Conditioned MC,0.85,12,0.0025,0.3372546417955995
Conditioned MC,0.85,12,0.005,0.33721915039961736
Conditioned MC,0.85,12,0.01,0.3371313609031867
Direct MC,0.95,12,0.0025,0.17101740109617758
Direct MC,0.95,12,0.005,0.1695481828791987
Direct MC,0.95,12,0.01,0.15998116431589038
Conditioned MC,0.95,12,0.0025,0.1712153334471509
Conditioned MC,0.95,12,0.005,0.17122978154572888
Conditioned MC,0.95,12,0.01,0.17128265850062974
Direct MC,0.7,13,0.0025,0.3853920704738272
Direct MC,0.7,13,0.005,0.38539195320897157
Direct MC,0.7,13,0.01,0.38539739494754244
Conditioned MC,0.7,13,0.0025,0.3853078818951481
Conditioned MC,0.7,13,0.005,0.38530650566709745
Conditioned MC,0.7,13,0.01,0.3853120420622602
Direct MC,0.85,13,0.0025,0.35039219954961
Direct MC,0.85,13,0.005,0.35097093831005566
Direct MC,0.85,13,0.01,0.3416734418500846
Conditioned MC,0.85,13,0.0025,0.34631922471722376
Conditioned MC,0.85,13,0.005,0.3463743254897498
Conditioned MC,0.85,13,0.01,0.3463665589955757
Direct MC,0.95,13,0.0025,0.16560733368244485
Direct MC,0.95,13,0.005,0.17067033040543222
Direct MC,0.95,13,0.01,0.17594483216251078
Conditioned MC,0.95,13,0.0025,0.1731254838480183
Conditioned MC,0.95,13,0.005,0.17314375745440458
Conditioned MC,0.95,13,0.01,0.17320201694393234
Direct MC,0.7,14,0.0025,0.3768227484733089
Direct MC,0.7,14,0.005,0.37683820035732474
Direct MC,0.7,14,0.01,0.3767851298986384
Conditioned MC,0.7,14,0.0025,0.376673245278738
Conditioned MC,0.7,14,0.005,0.37669497847405076
Conditioned MC,0.7,14,0.01,0.37663427175008657
Direct MC,0.85,14,0.0025,0.33360794978744224
Direct MC,0.85,14,0.005,0.3352784904256758
Direct MC,0.85,14,0.01,0.3352011092267952
Conditioned MC,0.85,14,0.0025,0.3392607417636384
Conditioned MC,0.85,14,0.005,0.33922419994747344
Conditioned MC,0.85,14,0.01,0.3391419009802616
Direct MC,0.95,14,0.0025,0.14739816749472645
Direct MC,0.95,14,0.005,0.15967130108267913
Direct MC,0.95,14,0.01,0.17043329843314356
Conditioned MC,0.95,14,0.0025,0.1717009022380953
Conditioned MC,0.95,14,0.005,0.17170594954442286
Conditioned MC,0.95,14,0.01,0.17175682008640655
Direct MC,0.7,15,0.0025,0.3743904020062132
Direct MC,0.7,15,0.005,0.37441855622391174
Direct MC,0.7,15,0.01,0.37445792862975485
Conditioned MC,0.7,15,0.0025,0.37430414111313937
Conditioned MC,0.7,15,0.005,0.37433259544317643
Conditioned MC,0.7,15,0.01,0.3743741046991911
Direct MC,0.85,15,0.0025,0.3452716170798702
Direct MC,0.85,15,0.005,0.339781200209222
Direct MC,0.85,15,0.01,0.3370118691599204
Conditioned MC,0.85,15,0.0025,0.3350589365861012
Conditioned MC,0.85,15,0.005,0.3350436648295183
Conditioned MC,0.85,15,0.01,0.3350363526600333
Direct MC,0.95,15,0.0025,0.16815508335975338
Direct MC,0.95,15,0.005,0.1743952990419766
Direct MC,0.95,15,0.01,0.1719653220048043
Conditioned MC,0.95,15,0.0025,0.1706350238086678
Conditioned MC,0.95,15,0.005,0.17064582015966145
Conditioned MC,0.95,15,0.01,0.17070112164783868
Direct MC,0.7,16,0.0025,0.391019198078979
Direct MC,0.7,16,0.005,0.391006606256596
Direct MC,0.7,16,0.01,0.39100089576772135
Conditioned MC,0.7,16,0.0025,0.39107864113245583
Conditioned MC,0.7,16,0.005,0.39105838067562004
Conditioned MC,0.7,16,0.01,0.39105283725037315
Direct MC,0.85,16,0.0025,0.35580955094490463
Direct MC,0.85,16,0.005,0.35491613617513806
Direct MC,0.85,16,0.01,0.35438065656136075
Conditioned MC,0.85,16,0.0025,0.35202656421046186
Conditioned MC,0.85,16,0.005,0.3519813431140779
Conditioned MC,0.85,16,0.01,0.3518603486683202
Direct MC,0.95,16,0.0025,0.15346982119798724
Direct MC,0.95,16,0.005,0.16355395249472338
Direct MC,0.95,16,0.01,0.18038560339368767
Conditioned MC,0.95,16,0.0025,0.17748553026389047
Conditioned MC,0.95,16,0.005,0.17749955610634505
Conditioned MC,0.95,16,0.01,0.1775582711052581
Direct MC,0.7,17,0.0025,0.39003632238509667
Direct MC,0.7,17,0.005,0.3900461164188922
Direct MC,0.7,17,0.01,0.3899937187113353
Conditioned MC,0.7,17,0.0025,0.39007940379467954
Conditioned MC,0.7,17,0.005,0.39008222214340194
Conditioned MC,0.7,17,0.01,0.3900222529048624
Direct MC,0.85,17,0.0025,0.34887708763673686
Direct MC,0.85,17,0.005,0.3519649895043262
Direct MC,0.85,17,0.01,0.3503134353858055
Conditioned MC,0.85,17,0.0025,0.3499181419079065
Conditioned MC,0.85,17,0.005,0.34988926328348313
Conditioned MC,0.85,17,0.01,0.34982992624384934
Direct MC,0.95,17,0.0025,0.18721002874098858
Direct MC,0.95,17,0.005,0.1821061511515456
Direct MC,0.95,17,0.01,0.1830113851439674
Conditioned MC,0.95,17,0.0025,0.1763488082686422
Conditioned MC,0.95,17,0.005,0.17636845438960602
Conditioned MC,0.95,17,0.01,0.17642588529538503
Direct MC,0.7,18,0.0025,0.3846709891509157
Direct MC,0.7,18,0.005,0.3846866866324614
Direct MC,0.7,18,0.01,0.3847170935511501
Conditioned MC,0.7,18,0.0025,0.384669043236201
Conditioned MC,0.7,18,0.005,0.38467832441529914
Conditioned MC,0.7,18,0.01,0.38469875514181856
Direct MC,0.85,18,0.0025,0.3345883742788125
Direct MC,0.85,18,0.005,0.33527273540790503
Direct MC,0.85,18,0.01,0.3384476150887172
Conditioned MC,0.85,18,0.0025,0.34295845925890234
Conditioned MC,0.85,18,0.005,0.3429560654223476
Conditioned MC,0.85,18,0.01,0.3429164138808262
Direct MC,0.95,18,0.0025,0.165118600985954
Direct MC,0.95,18,0.005,0.16494978200793842
Direct MC,0.95,18,0.01,0.1698514658473238
Conditioned MC,0.95,18,0.0025,0.17081200616407166
Conditioned MC,0.95,18,0.005,0.17082481398975524
Conditioned MC,0.95,18,0.01,0.17087761720397096
Direct MC,0.7,19,0.0025,0.3869326915305109
Direct MC,0.7,19,0.005,0.3869366413425439
Direct MC,0.7,19,0.01,0.38690217825822953
Conditioned MC,0.7,19,0.0025,0.38703686195281506
Conditioned MC,0.7,19,0.005,0.38703881516731364
Conditioned MC,0.7,19,0.01,0.3869959682819148
Direct MC,0.85,19,0.0025,0.3552277788843128
Direct MC,0.85,19,0.005,0.34454335761885346
Direct MC,0.85,19,0.01,0.3437682086841755
Conditioned MC,0.85,19,0.0025,0.3442685856984262
Conditioned MC,0.85,19,0.005,0.34420473276707675
Conditioned MC,0.85,19,0.01,0.3440794848899164
Direct MC,0.95,19,0.0025,0.15002499378138978
Direct MC,0.95,19,0.005,0.1603255835952888
Direct MC,0.95,19,0.01,0.1612861261386893
Conditioned MC,0.95,19,0.0025,0.1731709650701223
Conditioned MC,0.95,19,0.005,0.17318607099138106
Conditioned MC,0.95,19,0.01,0.17323496138871075
Direct MC,0.7,20,0.0025,0.3883032464665739
Direct MC,0.7,20,0.005,0.3884954543778374
Direct MC,0.7,20,0.01,0.38853101363735915
Conditioned MC,0.7,20,0.0025,0.38858810042483327
Conditioned MC,0.7,20,0.005,0.3885932562163852
Conditioned MC,0.7,20,0.01,0.38854735458083844
Direct MC,0.85,20,0.0025,0.3416377788497229
Direct MC,0.85,20,0.005,0.346295188029611
Direct MC,0.85,20,0.01,0.3497823973033469
Conditioned MC,0.85,20,0.0025,0.3479723178507719
Conditioned MC,0.85,20,0.005,0.34794468220547436
Conditioned MC,0.85,20,0.01,0.34782831965811134
Direct MC,0.95,20,0.0025,0.17920891156910201
Direct MC,0.95,20,0.005,0.18432162953945674
Direct MC,0.95,20,0.01,0.17198826256224464
Conditioned MC,0.95,20,0.0025,0.17506848927859409
Conditioned MC,0.95,20,0.005,0.1750813598631833
Conditioned MC,0.95,20,0.01,0.1751323369093147
Direct MC,0.7,21,0.0025,0.37684257754264294
Direct MC,0.7,21,0.005,0.37683561955411626
Direct MC,0.7,21,0.01,0.376831690245929
Conditioned MC,0.7,21,0.0025,0.3768474927596266
Conditioned MC,0.7,21,0.005,0.3768379901266705
Conditioned MC,0.7,21,0.01,0.3768264882897654
Direct MC,0.85,21,0.0025,0.3426380218094174
Direct MC,0.85,21,0.005,0.3369350494008376
Direct MC,0.85,21,0.01,0.33850503176202373
Conditioned MC,0.85,21,0.0025,0.3372649802586736
Conditioned MC,0.85,21,0.005,0.33725960480781225
Conditioned MC,0.85,21,0.01,0.33723424150960746
Direct MC,0.95,21,0.0025,0.14565870439560413
Direct MC,0.95,21,0.005,0.15539326784577234
Direct MC,0.95,21,0.01,0.16678487265219163
Conditioned MC,0.95,21,0.0025,0.17203421347284475
Conditioned MC,0.95,21,0.005,0.17204878797960266
Conditioned MC,0.95,21,0.01,0.17210385259852276
Direct MC,0.7,22,0.0025,0.3830855876967547
Direct MC,0.7,22,0.005,0.3832735053675531
Direct MC,0.7,22,0.01,0.3833880579870294
Conditioned MC,0.7,22,0.0025,0.3832249168871371
Conditioned MC,0.7,22,0.005,0.38323063798385704
Conditioned MC,0.7,22,0.01,0.3832540251553089
Direct MC,0.85,22,0.0025,0.34324300954466125
Direct MC,0.85,22,0.005,0.3481098332118062
Direct MC,0.85,22,0.01,0.34419097038528257
Conditioned MC,0.85,22,0.0025,0.34213275635028495
Conditioned MC,0.85,22,0.005,0.3421684767694
Conditioned MC,0.85,22,0.01,0.34214206680009873
Direct MC,0.95,22,0.0025,0.16746062360391
Direct MC,0.95,22,0.005,0.15552229336507217
Direct MC,0.95,22,0.01,0.168174190001662
Conditioned MC,0.95,22,0.0025,0.17266690044847444
Conditioned MC,0.95,22,0.005,0.17267703309157056
Conditioned MC,0.95,22,0.01,0.1727257192002991
Direct MC,0.7,23,0.0025,0.39633572833692554
Direct MC,0.7,23,0.005,0.39634948913607104
Direct MC,0.7,23,0.01,0.39634897436596184
Conditioned MC,0.7,23,0.0025,0.39636168715960096
Conditioned MC,0.7,23,0.005,0.3963688716401741
Conditioned MC,0.7,23,0.01,0.39638027756489436
Direct MC,0.85,23,0.0025,0.35231287205524
Direct MC,0.85,23,0.005,0.34913565129904
Direct MC,0.85,23,0.01,0.3577499322211563
Conditioned MC,0.85,23,0.0025,0.35645352161656163
Conditioned MC,0.85,23,0.005,0.3564520344723938
Conditioned MC,0.85,23,0.01,0.3564416692611925
Direct MC,0.95,23,0.0025,0.18363006090619294
Direct MC,0.95,23,0.005,0.1866113279323134
Direct MC,0.95,23,0.01,0.18344734259150505
Conditioned MC,0.95,23,0.0025,0.17951477770948188
Conditioned MC,0.95,23,0.005,0.17952711431370538
Conditioned MC,0.95,23,0.01,0.1795832488375222
Direct RQMC,0.7,0,0.0025,0.38182326342436923
Direct RQMC,0.7,0,0.005,0.38180189958662325
Direct RQMC,0.7,0,0.01,0.3817953594711412
Conditioned RQMC,0.7,0,0.0025,0.38173967704232226
Conditioned RQMC,0.7,0,0.005,0.38171526379506027
Conditioned RQMC,0.7,0,0.01,0.3816994407068312
Direct RQMC,0.85,0,0.0025,0.342009317029234
Direct RQMC,0.85,0,0.005,0.33971788779351186
Direct RQMC,0.85,0,0.01,0.34077325976717
Conditioned RQMC,0.85,0,0.0025,0.3412522364832853
Conditioned RQMC,0.85,0,0.005,0.3412427388103474
Conditioned RQMC,0.85,0,0.01,0.3412222857010229
Direct RQMC,0.95,0,0.0025,0.1610478531800421
Direct RQMC,0.95,0,0.005,0.156860597539902
Direct RQMC,0.95,0,0.01,0.16607708123963102
Conditioned RQMC,0.95,0,0.0025,0.1723212755260839
Conditioned RQMC,0.95,0,0.005,0.17233242003262106
Conditioned RQMC,0.95,0,0.01,0.17238516410350968
Direct RQMC,0.7,1,0.0025,0.3809286582067166
Direct RQMC,0.7,1,0.005,0.3809306141907882
Direct RQMC,0.7,1,0.01,0.3809191159092142
Conditioned RQMC,0.7,1,0.0025,0.38096556053719155
Conditioned RQMC,0.7,1,0.005,0.3809739255569067
Conditioned RQMC,0.7,1,0.01,0.38096372217794977
Direct RQMC,0.85,1,0.0025,0.35316822271488846
Direct RQMC,0.85,1,0.005,0.33972920163629894
Direct RQMC,0.85,1,0.01,0.3455800515884029
Conditioned RQMC,0.85,1,0.0025,0.34162935283801943
Conditioned RQMC,0.85,1,0.005,0.3415905263574519
Conditioned RQMC,0.85,1,0.01,0.34151723627389513
Direct RQMC,0.95,1,0.0025,0.14142452534717798
Direct RQMC,0.95,1,0.005,0.1615021597724633
Direct RQMC,0.95,1,0.01,0.16529044708304538
Conditioned RQMC,0.95,1,0.0025,0.1716234391635698
Conditioned RQMC,0.95,1,0.005,0.1716366453592162
Conditioned RQMC,0.95,1,0.01,0.17168993916333394
Direct RQMC,0.7,2,0.0025,0.38206420621479253
Direct RQMC,0.7,2,0.005,0.3821043230470984
Direct RQMC,0.7,2,0.01,0.38182840532844686
Conditioned RQMC,0.7,2,0.0025,0.38195209778661265
Conditioned RQMC,0.7,2,0.005,0.38199691320582474
Conditioned RQMC,0.7,2,0.01,0.3820127711474548
Direct RQMC,0.85,2,0.0025,0.3491908472127676
Direct RQMC,0.85,2,0.005,0.34826957233716804
Direct RQMC,0.85,2,0.01,0.34382405321438986
Conditioned RQMC,0.85,2,0.0025,0.3418806667433678
Conditioned RQMC,0.85,2,0.005,0.3418704770106107
Conditioned RQMC,0.85,2,0.01,0.34181136479773855
Direct RQMC,0.95,2,0.0025,0.1715736788969835
Direct RQMC,0.95,2,0.005,0.1780693732457994
Direct RQMC,0.95,2,0.01,0.18549815253259716
Conditioned RQMC,0.95,2,0.0025,0.1716464022298556
Conditioned RQMC,0.95,2,0.005,0.1716605097631012
Conditioned RQMC,0.95,2,0.01,0.17170850470391616
Direct RQMC,0.7,3,0.0025,0.38255123826936455
Direct RQMC,0.7,3,0.005,0.38252077254225725
Direct RQMC,0.7,3,0.01,0.3824716381005659
Conditioned RQMC,0.7,3,0.0025,0.3823429559823168
Conditioned RQMC,0.7,3,0.005,0.38231245123371416
Conditioned RQMC,0.7,3,0.01,0.3822555334070143
Direct RQMC,0.85,3,0.0025,0.34954421534659375
Direct RQMC,0.85,3,0.005,0.35092158451363353
Direct RQMC,0.85,3,0.01,0.34924159530240395
Conditioned RQMC,0.85,3,0.0025,0.34196684108172093
Conditioned RQMC,0.85,3,0.005,0.34196763155202703
Conditioned RQMC,0.85,3,0.01,0.3418632148772911
Direct RQMC,0.95,3,0.0025,0.18870555104425435
Direct RQMC,0.95,3,0.005,0.17238333685971163
Direct RQMC,0.95,3,0.01,0.18232235680749606
Conditioned RQMC,0.95,3,0.0025,0.1722300347022454
Conditioned RQMC,0.95,3,0.005,0.1722469540919338
Conditioned RQMC,0.95,3,0.01,0.17230098712559982
Direct RQMC,0.7,4,0.0025,0.38166579714079774
Direct RQMC,0.7,4,0.005,0.38167296655894134
Direct RQMC,0.7,4,0.01,0.3816110003812047
Conditioned RQMC,0.7,4,0.0025,0.3817612401135406
Conditioned RQMC,0.7,4,0.005,0.38176506660044396
Conditioned RQMC,0.7,4,0.01,0.38173858121256643
Direct RQMC,0.85,4,0.0025,0.35655569227110107
Direct RQMC,0.85,4,0.005,0.349645593867173
Direct RQMC,0.85,4,0.01,0.3491016393811286
Conditioned RQMC,0.85,4,0.0025,0.34316969254915364
Conditioned RQMC,0.85,4,0.005,0.3431615909443817
Conditioned RQMC,0.85,4,0.01,0.3430561040286726
Direct RQMC,0.95,4,0.0025,0.18300635522394337
Direct RQMC,0.95,4,0.005,0.1684490156341516
Direct RQMC,0.95,4,0.01,0.1638619960880412
Conditioned RQMC,0.95,4,0.0025,0.17213139727973292
Conditioned RQMC,0.95,4,0.005,0.17213891827203476
Conditioned RQMC,0.95,4,0.01,0.17219159607542522
Direct RQMC,0.7,5,0.0025,0.3821584414984436
Direct RQMC,0.7,5,0.005,0.3821497575495396
Direct RQMC,0.7,5,0.01,0.3820958516528163
Conditioned RQMC,0.7,5,0.0025,0.3821326951994699
Conditioned RQMC,0.7,5,0.005,0.3821415011915974
Conditioned RQMC,0.7,5,0.01,0.38209946074187684
Direct RQMC,0.85,5,0.0025,0.33559737058586947
Direct RQMC,0.85,5,0.005,0.3382145935402594
Direct RQMC,0.85,5,0.01,0.34147185454679807
Conditioned RQMC,0.85,5,0.0025,0.3411992996899933
Conditioned RQMC,0.85,5,0.005,0.3411669996457629
Conditioned RQMC,0.85,5,0.01,0.3411473785369985
Direct RQMC,0.95,5,0.0025,0.19013118784804384
Direct RQMC,0.95,5,0.005,0.17022955935048234
Direct RQMC,0.95,5,0.01,0.17266364739342818
Conditioned RQMC,0.95,5,0.0025,0.1722561827493525
Conditioned RQMC,0.95,5,0.005,0.17227297101880978
Conditioned RQMC,0.95,5,0.01,0.17233255036115344
Direct RQMC,0.7,6,0.0025,0.3827938321693054
Direct RQMC,0.7,6,0.005,0.38280445825959575
Direct RQMC,0.7,6,0.01,0.3828092820298829
Conditioned RQMC,0.7,6,0.0025,0.3827401680440303
Conditioned RQMC,0.7,6,0.005,0.3827514916288912
Conditioned RQMC,0.7,6,0.01,0.3827487900219513
Direct RQMC,0.85,6,0.0025,0.33963421131588234
Direct RQMC,0.85,6,0.005,0.34600015982925925
Direct RQMC,0.85,6,0.01,0.3413439062438357
Conditioned RQMC,0.85,6,0.0025,0.3419503675077138
Conditioned RQMC,0.85,6,0.005,0.3419683090863721
Conditioned RQMC,0.85,6,0.01,0.34195120264770734
Direct RQMC,0.95,6,0.0025,0.17206901810267716
Direct RQMC,0.95,6,0.005,0.16222302516146136
Direct RQMC,0.95,6,0.01,0.16627657036800023
Conditioned RQMC,0.95,6,0.0025,0.17188073881535004
Conditioned RQMC,0.95,6,0.005,0.17189861227169878
Conditioned RQMC,0.95,6,0.01,0.17195567007452084
Direct RQMC,0.7,7,0.0025,0.38238873650804095
Direct RQMC,0.7,7,0.005,0.38241333454942783
Direct RQMC,0.7,7,0.01,0.3824272072708998
Conditioned RQMC,0.7,7,0.0025,0.38229382395994094
Conditioned RQMC,0.7,7,0.005,0.3823163317368756
Conditioned RQMC,0.7,7,0.01,0.3823258426743479
Direct RQMC,0.85,7,0.0025,0.34786607374625333
Direct RQMC,0.85,7,0.005,0.3422003000817373
Direct RQMC,0.85,7,0.01,0.3443278461152656
Conditioned RQMC,0.85,7,0.0025,0.3421370519636042
Conditioned RQMC,0.85,7,0.005,0.34213963945471626
Conditioned RQMC,0.85,7,0.01,0.3421646504029025
Direct RQMC,0.95,7,0.0025,0.15755953659794208
Direct RQMC,0.95,7,0.005,0.16671945653400755
Direct RQMC,0.95,7,0.01,0.17417059494687148
Conditioned RQMC,0.95,7,0.0025,0.17263254638192294
Conditioned RQMC,0.95,7,0.005,0.17264235229128921
Conditioned RQMC,0.95,7,0.01,0.1726948121180842
Direct RQMC,0.7,8,0.0025,0.38117103617213743
Direct RQMC,0.7,8,0.005,0.3811657932807684
Direct RQMC,0.7,8,0.01,0.38114182035369204
Conditioned RQMC,0.7,8,0.0025,0.38112878257614824
Conditioned RQMC,0.7,8,0.005,0.3811198762914483
Conditioned RQMC,0.7,8,0.01,0.381091637787522
Direct RQMC,0.85,8,0.0025,0.3429832658983223
Direct RQMC,0.85,8,0.005,0.3385102098693711
Direct RQMC,0.85,8,0.01,0.33641008513386694
Conditioned RQMC,0.85,8,0.0025,0.341673033568199
Conditioned RQMC,0.85,8,0.005,0.34163249195417045
Conditioned RQMC,0.85,8,0.01,0.3415703025500463
Direct RQMC,0.95,8,0.0025,0.1444422475893159
Direct RQMC,0.95,8,0.005,0.16609796522396447
Direct RQMC,0.95,8,0.01,0.16175763471058732
Conditioned RQMC,0.95,8,0.0025,0.17245021274546346
Conditioned RQMC,0.95,8,0.005,0.17245587856787292
Conditioned RQMC,0.95,8,0.01,0.17249772016505638
Direct RQMC,0.7,9,0.0025,0.38316319148471933
Direct RQMC,0.7,9,0.005,0.3831902298878056
Direct RQMC,0.7,9,0.01,0.38321808750605335
Conditioned RQMC,0.7,9,0.0025,0.38320241544715117
Conditioned RQMC,0.7,9,0.005,0.3832247735897383
Conditioned RQMC,0.7,9,0.01,0.3832416203869755
Direct RQMC,0.85,9,0.0025,0.34227813236777394
Direct RQMC,0.85,9,0.005,0.3438760264042884
Direct RQMC,0.85,9,0.01,0.34426649823403016
Conditioned RQMC,0.85,9,0.0025,0.3429591218214014
Conditioned RQMC,0.85,9,0.005,0.3429379772905161
Conditioned RQMC,0.85,9,0.01,0.3428786428937496
Direct RQMC,0.95,9,0.0025,0.1641076981733729
Direct RQMC,0.95,9,0.005,0.17215636126256229
Direct RQMC,0.95,9,0.01,0.16453080732269273
Conditioned RQMC,0.95,9,0.0025,0.1725500153340871
Conditioned RQMC,0.95,9,0.005,0.17256361868369208
Conditioned RQMC,0.95,9,0.01,0.17261819984603655
Direct RQMC,0.7,10,0.0025,0.38043857766571776
Direct RQMC,0.7,10,0.005,0.3803850699709628
Direct RQMC,0.7,10,0.01,0.38034565699185663
Conditioned RQMC,0.7,10,0.0025,0.3801802834376993
Conditioned RQMC,0.7,10,0.005,0.3801285277687416
Conditioned RQMC,0.7,10,0.01,0.3800894525598339
Direct RQMC,0.85,10,0.0025,0.34509113626173615
Direct RQMC,0.85,10,0.005,0.33485969054817843
Direct RQMC,0.85,10,0.01,0.337016203298023
Conditioned RQMC,0.85,10,0.0025,0.3414502868327105
Conditioned RQMC,0.85,10,0.005,0.34144436621735963
Conditioned RQMC,0.85,10,0.01,0.34141801346776907
Direct RQMC,0.95,10,0.0025,0.17305796254009564
Direct RQMC,0.95,10,0.005,0.15796152368675642
Direct RQMC,0.95,10,0.01,0.15583051566355755
Conditioned RQMC,0.95,10,0.0025,0.17182633534920022
Conditioned RQMC,0.95,10,0.005,0.17183933824784337
Conditioned RQMC,0.95,10,0.01,0.1718880436135852
Direct RQMC,0.7,11,0.0025,0.3811382624476991
Direct RQMC,0.7,11,0.005,0.3811329351105446
Direct RQMC,0.7,11,0.01,0.3811309802455342
Conditioned RQMC,0.7,11,0.0025,0.3811555156427886
Conditioned RQMC,0.7,11,0.005,0.3811563986077964
Conditioned RQMC,0.7,11,0.01,0.38115456216179217
Direct RQMC,0.85,11,0.0025,0.34682518352969893
Direct RQMC,0.85,11,0.005,0.3423593316515525
Direct RQMC,0.85,11,0.01,0.3406192241187913
Conditioned RQMC,0.85,11,0.0025,0.3426262402222342
Conditioned RQMC,0.85,11,0.005,0.3426160396549438
Conditioned RQMC,0.85,11,0.01,0.3425488435289638
Direct RQMC,0.95,11,0.0025,0.15996996765387372
Direct RQMC,0.95,11,0.005,0.17195888308240725
Direct RQMC,0.95,11,0.01,0.1696326036593705
Conditioned RQMC,0.95,11,0.0025,0.17209525704739193
Conditioned RQMC,0.95,11,0.005,0.17210368856999647
Conditioned RQMC,0.95,11,0.01,0.17215073076318574
Direct RQMC,0.7,12,0.0025,0.3821285855766057
Direct RQMC,0.7,12,0.005,0.38215354937481294
Direct RQMC,0.7,12,0.01,0.38215725149332774
Conditioned RQMC,0.7,12,0.0025,0.3820912124227398
Conditioned RQMC,0.7,12,0.005,0.3821267123698693
Conditioned RQMC,0.7,12,0.01,0.3821349372052918
Direct RQMC,0.85,12,0.0025,0.3331976456037644
Direct RQMC,0.85,12,0.005,0.33607192508998374
Direct RQMC,0.85,12,0.01,0.3371166147835698
Conditioned RQMC,0.85,12,0.0025,0.340613429599923
Conditioned RQMC,0.85,12,0.005,0.34060712430653695
Conditioned RQMC,0.85,12,0.01,0.3405575666689566
Direct RQMC,0.95,12,0.0025,0.18012449237934902
Direct RQMC,0.95,12,0.005,0.17655739334599385
Direct RQMC,0.95,12,0.01,0.1689334895137362
Conditioned RQMC,0.95,12,0.0025,0.17201498524779524
Conditioned RQMC,0.95,12,0.005,0.17202720984842834
Conditioned RQMC,0.95,12,0.01,0.17207433549026785
Direct RQMC,0.7,13,0.0025,0.38192518878637927
Direct RQMC,0.7,13,0.005,0.3819250837637487
Direct RQMC,0.7,13,0.01,0.38189893947811804
Conditioned RQMC,0.7,13,0.0025,0.3818214144812373
Conditioned RQMC,0.7,13,0.005,0.3818237206470414
Conditioned RQMC,0.7,13,0.01,0.38179324175775425
Direct RQMC,0.85,13,0.0025,0.338052908255861
Direct RQMC,0.85,13,0.005,0.3377935792910467
Direct RQMC,0.85,13,0.01,0.34518256243822876
Conditioned RQMC,0.85,13,0.0025,0.34150585148966783
Conditioned RQMC,0.85,13,0.005,0.34156451962586765
Conditioned RQMC,0.85,13,0.01,0.3415584052381231
Direct RQMC,0.95,13,0.0025,0.17242289943139788
Direct RQMC,0.95,13,0.005,0.17927320027059412
Direct RQMC,0.95,13,0.01,0.16974793433569424
Conditioned RQMC,0.95,13,0.0025,0.1714023554772588
Conditioned RQMC,0.95,13,0.005,0.17142086253863908
Conditioned RQMC,0.95,13,0.01,0.17147986384633948
Direct RQMC,0.7,14,0.0025,0.3801920652142634
Direct RQMC,0.7,14,0.005,0.38017088330885507
Direct RQMC,0.7,14,0.01,0.38009599592701804
Conditioned RQMC,0.7,14,0.0025,0.38036857855098916
Conditioned RQMC,0.7,14,0.005,0.3803526788401719
Conditioned RQMC,0.7,14,0.01,0.3803835607930015
Direct RQMC,0.85,14,0.0025,0.32529427305226477
Direct RQMC,0.85,14,0.005,0.3291184864311383
Direct RQMC,0.85,14,0.01,0.3369562287760947
Conditioned RQMC,0.85,14,0.0025,0.34120123589098483
Conditioned RQMC,0.85,14,0.005,0.3412308053192188
Conditioned RQMC,0.85,14,0.01,0.341216953588046
Direct RQMC,0.95,14,0.0025,0.1778361256558334
Direct RQMC,0.95,14,0.005,0.18286048658138565
Direct RQMC,0.95,14,0.01,0.1831539495417522
Conditioned RQMC,0.95,14,0.0025,0.1718420675340635
Conditioned RQMC,0.95,14,0.005,0.17186017410341936
Conditioned RQMC,0.95,14,0.01,0.17191996684955502
Direct RQMC,0.7,15,0.0025,0.38228455516506443
Direct RQMC,0.7,15,0.005,0.38227539606679883
Direct RQMC,0.7,15,0.01,0.3822355249314961
Conditioned RQMC,0.7,15,0.0025,0.38220943041341826
Conditioned RQMC,0.7,15,0.005,0.38219533827938434
Conditioned RQMC,0.7,15,0.01,0.38216440689952513
Direct RQMC,0.85,15,0.0025,0.3525002676776907
Direct RQMC,0.85,15,0.005,0.33782514678207853
Direct RQMC,0.85,15,0.01,0.34079336838600843
Conditioned RQMC,0.85,15,0.0025,0.3415215117580068
Conditioned RQMC,0.85,15,0.005,0.34152410955488577
Conditioned RQMC,0.85,15,0.01,0.3414897071631984
Direct RQMC,0.95,15,0.0025,0.2099788385648278
Direct RQMC,0.95,15,0.005,0.1877408533366225
Direct RQMC,0.95,15,0.01,0.16675324438876735
Conditioned RQMC,0.95,15,0.0025,0.17208212479855156
Conditioned RQMC,0.95,15,0.005,0.1720975503036959
Conditioned RQMC,0.95,15,0.01,0.172151262447461
Direct RQMC,0.7,16,0.0025,0.3800183082577
Direct RQMC,0.7,16,0.005,0.3801597074696321
Direct RQMC,0.7,16,0.01,0.3802443716452197
Conditioned RQMC,0.7,16,0.0025,0.3802224377778707
Conditioned RQMC,0.7,16,0.005,0.3802212451617706
Conditioned RQMC,0.7,16,0.01,0.380226021190368
Direct RQMC,0.85,16,0.0025,0.3362736287605621
Direct RQMC,0.85,16,0.005,0.3369892694557368
Direct RQMC,0.85,16,0.01,0.33868640026338154
Conditioned RQMC,0.85,16,0.0025,0.34097458344363574
Conditioned RQMC,0.85,16,0.005,0.34098808250475443
Conditioned RQMC,0.85,16,0.01,0.340999066356904
Direct RQMC,0.95,16,0.0025,0.1819092603713841
Direct RQMC,0.95,16,0.005,0.16332106841021332
Direct RQMC,0.95,16,0.01,0.16614314173188702
Conditioned RQMC,0.95,16,0.0025,0.17180622599076045
Conditioned RQMC,0.95,16,0.005,0.17181455732216122
Conditioned RQMC,0.95,16,0.01,0.17186673847082143
Direct RQMC,0.7,17,0.0025,0.38170581247677404
Direct RQMC,0.7,17,0.005,0.38175275932681885
Direct RQMC,0.7,17,0.01,0.38180435031934307
Conditioned RQMC,0.7,17,0.0025,0.38164291317078636
Conditioned RQMC,0.7,17,0.005,0.38168430170267875
Conditioned RQMC,0.7,17,0.01,0.3817175430075492
Direct RQMC,0.85,17,0.0025,0.34741396015709824
Direct RQMC,0.85,17,0.005,0.34436449336314645
Direct RQMC,0.85,17,0.01,0.3438525519544271
Conditioned RQMC,0.85,17,0.0025,0.3419815534036523
Conditioned RQMC,0.85,17,0.005,0.34198826295751594
Conditioned RQMC,0.85,17,0.01,0.3419959447109271
Direct RQMC,0.95,17,0.0025,0.19767757108990835
Direct RQMC,0.95,17,0.005,0.20076155883220181
Direct RQMC,0.95,17,0.01,0.1786508895154899
Conditioned RQMC,0.95,17,0.0025,0.17233309757613569
Conditioned RQMC,0.95,17,0.005,0.1723441303109352
Conditioned RQMC,0.95,17,0.01,0.1723940931098209
Direct RQMC,0.7,18,0.0025,0.3818468256575329
Direct RQMC,0.7,18,0.005,0.38184970106049576
Direct RQMC,0.7,18,0.01,0.38184403190159605
Conditioned RQMC,0.7,18,0.0025,0.381716361319576
Conditioned RQMC,0.7,18,0.005,0.38171553718557405
Conditioned RQMC,0.7,18,0.01,0.38170359302183954
Direct RQMC,0.85,18,0.0025,0.33537283699061504
Direct RQMC,0.85,18,0.005,0.33901258050895855
Direct RQMC,0.85,18,0.01,0.3441445606889655
Conditioned RQMC,0.85,18,0.0025,0.3409959074966089
Conditioned RQMC,0.85,18,0.005,0.3410236968872322
Conditioned RQMC,0.85,18,0.01,0.34100281189043796
Direct RQMC,0.95,18,0.0025,0.1476404957524764
Direct RQMC,0.95,18,0.005,0.16713348234757408
Direct RQMC,0.95,18,0.01,0.16526831677296847
Conditioned RQMC,0.95,18,0.0025,0.17216971137100856
Conditioned RQMC,0.95,18,0.005,0.17218372149339256
Conditioned RQMC,0.95,18,0.01,0.17223965024374
Direct RQMC,0.7,19,0.0025,0.3833144697511379
Direct RQMC,0.7,19,0.005,0.3833110985816255
Direct RQMC,0.7,19,0.01,0.38328509207421213
Conditioned RQMC,0.7,19,0.0025,0.3833416233880129
Conditioned RQMC,0.7,19,0.005,0.3833351566808183
Conditioned RQMC,0.7,19,0.01,0.3832973183124011
Direct RQMC,0.85,19,0.0025,0.3427983789164948
Direct RQMC,0.85,19,0.005,0.3443281093543362
Direct RQMC,0.85,19,0.01,0.34619691139948294
Conditioned RQMC,0.85,19,0.0025,0.3440057643247343
Conditioned RQMC,0.85,19,0.005,0.3439703947696877
Conditioned RQMC,0.85,19,0.01,0.34384632119108977
Direct RQMC,0.95,19,0.0025,0.19309141827363696
Direct RQMC,0.95,19,0.005,0.18384631829291376
Direct RQMC,0.95,19,0.01,0.1770200336692471
Conditioned RQMC,0.95,19,0.0025,0.17228872835688414
Conditioned RQMC,0.95,19,0.005,0.1723005992440143
Conditioned RQMC,0.95,19,0.01,0.17234939287159576
Direct RQMC,0.7,20,0.0025,0.3809330590185098
Direct RQMC,0.7,20,0.005,0.3808852438027319
Direct RQMC,0.7,20,0.01,0.3808336224097797
Conditioned RQMC,0.7,20,0.0025,0.380783792220754
Conditioned RQMC,0.7,20,0.005,0.380731787055943
Conditioned RQMC,0.7,20,0.01,0.38065772115685353
Direct RQMC,0.85,20,0.0025,0.3337024559234507
Direct RQMC,0.85,20,0.005,0.3366851711234258
Direct RQMC,0.85,20,0.01,0.3373447026817118
Conditioned RQMC,0.85,20,0.0025,0.3406616600148631
Conditioned RQMC,0.85,20,0.005,0.3407192849983769
Conditioned RQMC,0.85,20,0.01,0.3407055755978154
Direct RQMC,0.95,20,0.0025,0.17445110496027283
Direct RQMC,0.95,20,0.005,0.16878225442877692
Direct RQMC,0.95,20,0.01,0.18017064816202755
Conditioned RQMC,0.95,20,0.0025,0.17180267441603014
Conditioned RQMC,0.95,20,0.005,0.171812538324966
Conditioned RQMC,0.95,20,0.01,0.1718664046979681
Direct RQMC,0.7,21,0.0025,0.38194850369124467
Direct RQMC,0.7,21,0.005,0.38193928920969533
Direct RQMC,0.7,21,0.01,0.3819304178333631
Conditioned RQMC,0.7,21,0.0025,0.3821186098010081
Conditioned RQMC,0.7,21,0.005,0.3821042690228449
Conditioned RQMC,0.7,21,0.01,0.38208392469312796
Direct RQMC,0.85,21,0.0025,0.34718151768303684
Direct RQMC,0.85,21,0.005,0.3463191077600154
Direct RQMC,0.85,21,0.01,0.34200589972786494
Conditioned RQMC,0.85,21,0.0025,0.3434410484567785
Conditioned RQMC,0.85,21,0.005,0.343431065945472
Conditioned RQMC,0.85,21,0.01,0.3433911891750911
Direct RQMC,0.95,21,0.0025,0.17696638751281313
Direct RQMC,0.95,21,0.005,0.1860744399894818
Direct RQMC,0.95,21,0.01,0.1828963822456009
Conditioned RQMC,0.95,21,0.0025,0.1729307751086253
Conditioned RQMC,0.95,21,0.005,0.17294331673285335
Conditioned RQMC,0.95,21,0.01,0.1729973414196588
Direct RQMC,0.7,22,0.0025,0.3824822575096398
Direct RQMC,0.7,22,0.005,0.3824746078099164
Direct RQMC,0.7,22,0.01,0.38244051414107444
Conditioned RQMC,0.7,22,0.0025,0.3823434774921246
Conditioned RQMC,0.7,22,0.005,0.3823292668140468
Conditioned RQMC,0.7,22,0.01,0.38227737071962764
Direct RQMC,0.85,22,0.0025,0.3443111623354298
Direct RQMC,0.85,22,0.005,0.3364723865353696
Direct RQMC,0.85,22,0.01,0.3429622166476695
Conditioned RQMC,0.85,22,0.0025,0.3432053630440457
Conditioned RQMC,0.85,22,0.005,0.3431769449579356
Conditioned RQMC,0.85,22,0.01,0.34308923338344405
Direct RQMC,0.95,22,0.0025,0.14411830629317635
Direct RQMC,0.95,22,0.005,0.13230577806928245
Direct RQMC,0.95,22,0.01,0.1512654804538136
Conditioned RQMC,0.95,22,0.0025,0.17238123940723682
Conditioned RQMC,0.95,22,0.005,0.17239783019141441
Conditioned RQMC,0.95,22,0.01,0.17245655325547957
Direct RQMC,0.7,23,0.0025,0.3823931361899966
Direct RQMC,0.7,23,0.005,0.382393043212236
Direct RQMC,0.7,23,0.01,0.38235009321546976
Conditioned RQMC,0.7,23,0.0025,0.38244277075908784
Conditioned RQMC,0.7,23,0.005,0.3824331557566154
Conditioned RQMC,0.7,23,0.01,0.3824166957898258
Direct RQMC,0.85,23,0.0025,0.3498546587790621
Direct RQMC,0.85,23,0.005,0.34598956447143436
Direct RQMC,0.85,23,0.01,0.3460230278292888
Conditioned RQMC,0.85,23,0.0025,0.341512481317082
Conditioned RQMC,0.85,23,0.005,0.3415206339996768
Conditioned RQMC,0.85,23,0.01,0.3414977580676845
Direct RQMC,0.95,23,0.0025,0.1778363954698019
Direct RQMC,0.95,23,0.005,0.16292260318666418
Direct RQMC,0.95,23,0.01,0.1681464272445203
Conditioned RQMC,0.95,23,0.0025,0.17198629195874382
Conditioned RQMC,0.95,23,0.005,0.1720027187415969
Conditioned RQMC,0.95,23,0.01,0.17206207745669477
