contract_id,annual_coupon,coupon_annuity,fixed_coupon_value,coupon_value,early_redemption_principal,surviving_notional,no_ki_maturity_redemption,terminal_ki_loss,base_value,total_value,additive_sum,component_identity_error,continuous_ki_survival_probability,maturity_survival_probability,fair_coupon,fair_coupon_residual,n_paths,steps_per_year,grid_steps,seed,runtime_seconds,initial_spot_ratio_1,initial_spot_ratio_2,initial_spot_ratio_3,redemption_probability_1,redemption_probability_2,redemption_probability_3,redemption_probability_4,redemption_probability_5,redemption_probability_6,redemption_probability_7,redemption_probability_8,probability_mass_error,scenario_id,replication,risk_free_rate,volatility_1,volatility_2,volatility_3,correlation_12,correlation_13,correlation_23,ki_barrier_ratio,sensitivity_dimension,sensitivity_level
RC-A,0.0875,96.82755257740128,0.0,8.47241085052261,60.46787031561182,34.64329914159772,3.7294342785377577,-9.116362994485268,85.99480646272427,94.46721731324688,94.46721731324688,0.0,0.61962890625,0.37646484375,0.1446405817815168,0.0,4096,252,514,632174086,0.3394272999721579,1.0,1.0,1.0,0.0,0.373779296875,0.09716796875,0.053466796875,0.04345703125,0.032470703125,0.023193359375,0.02197265625,0.0,RC-A-baseline,0,0.041397500000000004,0.183212,0.261977,0.21978899999999998,0.9310152702233216,0.825460191073343,0.7338047778896319,0.75,baseline,baseline
RC-A,0.0875,96.32049084873043,0.0,8.428042949263912,59.75390516009619,35.31729328832141,3.0329736602566104,-9.692563616624799,85.3786348317928,93.8066777810567,93.8066777810567,0.0,0.603515625,0.3837890625,0.15179911397222626,0.0,4096,252,514,1034107096,0.4093830999918282,1.0,1.0,1.0,0.0,0.368896484375,0.090576171875,0.05908203125,0.044189453125,0.031494140625,0.02197265625,0.02001953125,0.0,RC-A-baseline,1,0.041397500000000004,0.183212,0.261977,0.21978899999999998,0.9310152702233216,0.825460191073343,0.7338047778896319,0.75,baseline,baseline
RC-A,0.0875,97.29218724586737,0.0,8.513066384013394,59.60033288181995,35.474558589223605,3.4373701482908245,-9.610820794896306,85.46407067614726,93.97713706016066,93.97713706016066,0.0,0.605712890625,0.385498046875,0.14940489812526211,0.0,4096,252,514,3743933553,0.4350652000284754,1.0,1.0,1.0,0.0,0.375732421875,0.0869140625,0.056640625,0.04248046875,0.02783203125,0.02490234375,0.01708984375,0.0,RC-A-baseline,2,0.041397500000000004,0.183212,0.261977,0.21978899999999998,0.9310152702233216,0.825460191073343,0.7338047778896319,0.75,baseline,baseline
RC-A,0.0875,97.35180842893729,0.0,8.518283237532012,59.01979680717888,36.01375390660256,3.1228395464864356,-9.710442434474878,85.32310827930655,93.84139151683857,93.84139151683857,0.0,0.5966796875,0.391357421875,0.15076136702079818,0.0,4096,252,514,4003352508,0.3426579000079073,1.0,1.0,1.0,0.0,0.359619140625,0.09912109375,0.058349609375,0.037109375,0.029052734375,0.025390625,0.02001953125,0.0,RC-A-baseline,3,0.041397500000000004,0.183212,0.261977,0.21978899999999998,0.9310152702233216,0.825460191073343,0.7338047778896319,0.75,baseline,baseline
RC-A,0.0875,102.55494855210037,0.0,8.973557998308781,63.41438055055165,31.857456668473137,9.952646899953173,-5.5884433821186095,89.68339383690618,98.65695183521495,98.65695183521495,0.0,0.75048828125,0.34619140625,0.10059588843587337,0.0,4096,252,514,632174086,0.40677010000217706,1.0,1.0,1.0,0.0,0.39404296875,0.10205078125,0.057861328125,0.043701171875,0.031982421875,0.024169921875,0.024658203125,0.0,RC-A-vol-75,0,0.041397500000000004,0.137409,0.19648275,0.16484174999999998,0.9310152702233216,0.825460191073343,0.7338047778896319,0.75,volatility,75%
RC-A,0.0875,102.5804316047739,0.0,8.975787765417715,62.975715337637894,32.26185315650735,9.34605216790185,-5.9936638205339685,89.24390467361128,98.219692439029,98.219692439029,0.0,0.73828125,0.3505859375,0.10485523562457061,0.0,4096,252,514,1034107096,0.38905110000632703,1.0,1.0,1.0,0.0,0.39013671875,0.0966796875,0.060546875,0.0439453125,0.033935546875,0.024169921875,0.021240234375,0.0,RC-A-vol-75,1,0.041397500000000004,0.137409,0.19648275,0.16484174999999998,0.9310152702233216,0.825460191073343,0.7338047778896319,0.75,volatility,75%
RC-A,0.0875,102.65821258512335,0.0,8.982593601198293,63.03291125261114,32.216920213392434,9.817848070608434,-5.888380612508124,89.36145085349544,98.34404445469373,98.34404445469373,0.0,0.745849609375,0.35009765625,0.10363076541667975,0.0,4096,252,514,3743933553,0.403698300011456,1.0,1.0,1.0,0.0,0.400146484375,0.088134765625,0.06005859375,0.045166015625,0.02880859375,0.027587890625,0.01904296875,0.0,RC-A-vol-75,2,0.041397500000000004,0.137409,0.19648275,0.16484174999999998,0.9310152702233216,0.825460191073343,0.7338047778896319,0.75,volatility,75%
RC-A,0.0875,103.68730365832639,0.0,9.072639070103557,62.010816944591994,33.182978490363055,10.08744572929791,-5.9293582312653985,89.26443720368965,98.33707627379322,98.33707627379322,0.0,0.737060546875,0.360595703125,0.10353787221323169,0.0,4096,252,514,4003352508,0.41916069999570027,1.0,1.0,1.0,0.0,0.3818359375,0.104248046875,0.056396484375,0.04052734375,0.029541015625,0.02685546875,0.019775390625,0.0,RC-A-vol-75,3,0.041397500000000004,0.137409,0.19648275,0.16484174999999998,0.9310152702233216,0.825460191073343,0.7338047778896319,0.75,volatility,75%
RC-A,0.0875,90.42255909223502,0.0,7.9119739205705635,57.71759256934993,37.249409842262665,0.7638600329535166,-12.396829808398877,82.57017260321372,90.48214652378428,90.48214652378428,0.0,0.519287109375,0.40478515625,0.19275972248260617,0.0,4096,252,514,632174086,0.41013229999225587,1.0,1.0,1.0,0.0,0.354736328125,0.093505859375,0.05224609375,0.041015625,0.03173828125,0.02197265625,0.01708984375,0.0,RC-A-vol-125,0,0.041397500000000004,0.22901500000000002,0.32747125,0.27473624999999996,0.9310152702233216,0.825460191073343,0.7338047778896319,0.75,volatility,125%
RC-A,0.0875,89.9644682162521,0.0,7.871890968922059,57.41488185213066,37.51900750095214,0.9435918054131676,-12.883865290658159,82.05002406242464,89.9219150313467,89.9219150313467,0.0,0.509765625,0.40771484375,0.1995229482647316,0.0,4096,252,514,1034107096,0.43921169999521226,1.0,1.0,1.0,0.0,0.3505859375,0.089599609375,0.0517578125,0.043701171875,0.033447265625,0.023193359375,0.018310546875,0.0,RC-A-vol-125,1,0.041397500000000004,0.22901500000000002,0.32747125,0.27473624999999996,0.9310152702233216,0.825460191073343,0.7338047778896319,0.75,volatility,125%
RC-A,0.0875,89.65298180765757,0.0,7.844635908170036,57.38186643055495,37.58640691562451,1.033457691642993,-12.774076133475825,82.19419721270363,90.03883312087366,90.03883312087366,0.0,0.51513671875,0.408447265625,0.19860803766122498,0.0,4096,252,514,3743933553,0.48663120000855997,1.0,1.0,1.0,0.0,0.362060546875,0.085205078125,0.05419921875,0.04052734375,0.028076171875,0.021484375,0.018798828125,0.0,RC-A-vol-125,2,0.041397500000000004,0.22901500000000002,0.32747125,0.27473624999999996,0.9310152702233216,0.825460191073343,0.7338047778896319,0.75,volatility,125%
RC-A,0.0875,89.98901201542077,0.0,7.874038551349317,56.30304323540665,38.59739813571004,0.6964606182811475,-13.041498224772589,81.8589431463441,89.73298169769342,89.73298169769342,0.0,0.50732421875,0.41943359375,0.20159191047177177,0.0,4096,252,514,4003352508,0.4619200999732129,1.0,1.0,1.0,0.0,0.34375,0.093505859375,0.0576171875,0.03564453125,0.02783203125,0.022216796875,0.020263671875,0.0,RC-A-vol-125,3,0.041397500000000004,0.22901500000000002,0.32747125,0.27473624999999996,0.9310152702233216,0.825460191073343,0.7338047778896319,0.75,volatility,125%
RC-A,0.0875,109.94224487249701,0.0,9.619946426343487,45.99242861358533,48.28044737697374,5.234687872887334,-12.673626357569205,81.59924963298987,91.21919605933336,91.21919605933336,0.0,0.494873046875,0.524658203125,0.16736742449046751,0.0,4096,252,514,632174086,0.5108713999507017,1.0,1.0,1.0,0.0,0.24462890625,0.084228515625,0.054931640625,0.035400390625,0.03369140625,0.0224609375,0.022705078125,0.0,RC-A-corr-low,0,0.041397500000000004,0.183212,0.261977,0.21978899999999998,0.46550763511166093,0.41273009553667167,0.36690238894481636,0.75,correlation,low
RC-A,0.0875,109.35279373043778,0.0,9.568369451413306,44.21985083640204,49.96543274378297,5.257154344444791,-13.43158489837824,80.75369868180675,90.32206813322006,90.32206813322006,0.0,0.47900390625,0.54296875,0.17600191692986566,0.0,4096,252,514,1034107096,0.4948164999950677,1.0,1.0,1.0,0.0,0.234130859375,0.079833984375,0.053955078125,0.036376953125,0.033447265625,0.019287109375,0.018798828125,0.0,RC-A-corr-low,1,0.041397500000000004,0.183212,0.261977,0.21978899999999998,0.46550763511166093,0.41273009553667167,0.36690238894481636,0.75,correlation,low
RC-A,0.0875,110.22053764932019,0.0,9.644297044315516,43.97619680834245,50.19009745935753,5.57168494624918,-13.553682960485162,80.61261130721482,90.25690835153034,90.25690835153034,0.0,0.476806640625,0.54541015625,0.17589633571257357,0.0,4096,252,514,3743933553,0.4630279999691993,1.0,1.0,1.0,0.0,0.23681640625,0.072265625,0.0537109375,0.038330078125,0.030029296875,0.0234375,0.01904296875,0.0,RC-A-corr-low,2,0.041397500000000004,0.183212,0.261977,0.21978899999999998,0.46550763511166093,0.41273009553667167,0.36690238894481636,0.75,correlation,low
RC-A,0.0875,108.51043160357736,0.0,9.494662765313018,44.67099214918005,49.516103312633845,5.257154344444791,-13.544639832891319,80.64245562892258,90.1371183942356,90.1371183942356,0.0,0.48486328125,0.5380859375,0.17839339577780508,0.0,4096,252,514,4003352508,0.3916449000244029,1.0,1.0,1.0,0.0,0.2255859375,0.088134765625,0.05712890625,0.037109375,0.029296875,0.024658203125,0.020751953125,0.0,RC-A-corr-low,3,0.041397500000000004,0.183212,0.261977,0.21978899999999998,0.46550763511166093,0.41273009553667167,0.36690238894481636,0.75,correlation,low
RC-A,0.0875,93.26922370224415,0.0,8.161057073946363,64.22040414956376,31.11606310707707,3.1902389611588045,-8.195390855198735,87.14107640144209,95.30213347538846,95.30213347538846,0.0,0.65185546875,0.338134765625,0.13786888201845846,0.0,4096,252,514,632174086,0.38019479997456074,1.0,1.0,1.0,0.0,0.410888671875,0.096923828125,0.056640625,0.044189453125,0.028564453125,0.024658203125,0.021728515625,0.0,RC-A-corr-high,0,0.041397500000000004,0.183212,0.261977,0.21978899999999998,0.9655076351116606,0.9127300955366716,0.8669023889448162,0.75,correlation,high
RC-A,0.0875,92.36932855492435,0.0,8.08231624855588,63.83140677817739,31.497993123553833,2.6959765868947647,-8.64408778306656,86.68531211866465,94.76762836722054,94.76762836722054,0.0,0.64111328125,0.34228515625,0.1441462018793198,0.0,4096,252,514,1034107096,0.37627680000150576,1.0,1.0,1.0,0.0,0.412353515625,0.0947265625,0.054443359375,0.044921875,0.031982421875,0.019287109375,0.0185546875,0.0,RC-A-corr-high,1,0.041397500000000004,0.183212,0.261977,0.21978899999999998,0.9655076351116606,0.9127300955366716,0.8669023889448162,0.75,correlation,high
RC-A,0.0875,93.2726203167889,0.0,8.16135427771903,64.04091309274297,31.29579487953672,2.583644229107483,-8.553278042182448,86.78342993009724,94.94478420781627,94.94478420781627,0.0,0.640869140625,0.340087890625,0.14169828214340194,0.0,4096,252,514,3743933553,0.35614109999733046,1.0,1.0,1.0,0.0,0.41748046875,0.090087890625,0.0556640625,0.0439453125,0.0283203125,0.0244140625,0.018798828125,0.0,RC-A-corr-high,2,0.041397500000000004,0.183212,0.261977,0.21978899999999998,0.9655076351116606,0.9127300955366716,0.8669023889448162,0.75,correlation,high
RC-A,0.0875,93.41029089247267,0.0,8.173400453091359,63.02367738044558,32.26185315650735,2.7184430584522206,-8.665480930130073,86.62004960682286,94.79345005991422,94.7934500599142,1.4210854715202004e-14,0.63330078125,0.3505859375,0.1432385047229881,0.0,4096,252,514,4003352508,0.42344230000162497,1.0,1.0,1.0,0.0,0.4033203125,0.09912109375,0.058837890625,0.034423828125,0.03076171875,0.02294921875,0.019287109375,0.0,RC-A-corr-high,3,0.041397500000000004,0.183212,0.261977,0.21978899999999998,0.9655076351116606,0.9127300955366716,0.8669023889448162,0.75,correlation,high
RC-A-KI-65,0.0875,96.82755257740128,0.0,8.47241085052261,60.46787031561182,34.64329914159772,13.906745894065493,-7.356357027730702,87.75481242947885,96.22722328000145,96.22722328000145,0.0,0.7685546875,0.37646484375,0.126463875669404,0.0,4096,252,514,632174086,0.34667990001617,1.0,1.0,1.0,0.0,0.373779296875,0.09716796875,0.053466796875,0.04345703125,0.032470703125,0.023193359375,0.02197265625,0.0,RC-A-KI-65,0,0.041397500000000004,0.183212,0.261977,0.21978899999999998,0.9310152702233216,0.825460191073343,0.7338047778896319,0.65,KI barrier,65%
RC-A-KI-65,0.0875,96.32049084873043,0.0,8.428042949263912,59.75390516009619,35.31729328832141,13.12041938955452,-8.004628802747314,87.06656964567027,95.49461259493418,95.49461259493418,0.0,0.751953125,0.3837890625,0.13427496309836548,0.0,4096,252,514,1034107096,0.34351409994997084,1.0,1.0,1.0,0.0,0.368896484375,0.090576171875,0.05908203125,0.044189453125,0.031494140625,0.02197265625,0.02001953125,0.0,RC-A-KI-65,1,0.041397500000000004,0.183212,0.261977,0.21978899999999998,0.9310152702233216,0.825460191073343,0.7338047778896319,0.65,KI barrier,65%
RC-A-KI-65,0.0875,97.29218724586737,0.0,8.513066384013394,59.60033288181995,35.474558589223605,14.288675910542251,-7.7408997457906805,87.33399172525287,95.84705810926627,95.84705810926627,0.0,0.7646484375,0.385498046875,0.13018525570546402,0.0,4096,252,514,3743933553,0.3317288999678567,1.0,1.0,1.0,0.0,0.375732421875,0.0869140625,0.056640625,0.04248046875,0.02783203125,0.02490234375,0.01708984375,0.0,RC-A-KI-65,2,0.041397500000000004,0.183212,0.261977,0.21978899999999998,0.9310152702233216,0.825460191073343,0.7338047778896319,0.65,KI barrier,65%
RC-A-KI-65,0.0875,97.35180842893729,0.0,8.518283237532012,59.01979680717888,36.01375390660256,13.974145308737862,-7.849991598647085,87.18355911513436,95.70184235266638,95.70184235266638,0.0,0.755126953125,0.391357421875,0.13165077353669402,0.0,4096,252,514,4003352508,0.3375153999659233,1.0,1.0,1.0,0.0,0.359619140625,0.09912109375,0.058349609375,0.037109375,0.029052734375,0.025390625,0.02001953125,0.0,RC-A-KI-65,3,0.041397500000000004,0.183212,0.261977,0.21978899999999998,0.9310152702233216,0.825460191073343,0.7338047778896319,0.65,KI barrier,65%
RC-A-KI-85,0.0875,96.82755257740128,0.0,8.47241085052261,60.46787031561182,34.64329914159772,0.06739941467236911,-9.453386037689471,85.65778341952007,94.13019427004268,94.13019427004268,0.0,0.438720703125,0.37646484375,0.14812123407761602,0.0,4096,252,514,632174086,0.3498189999954775,1.0,1.0,1.0,0.0,0.373779296875,0.09716796875,0.053466796875,0.04345703125,0.032470703125,0.023193359375,0.02197265625,0.0,RC-A-KI-85,0,0.041397500000000004,0.183212,0.261977,0.21978899999999998,0.9310152702233216,0.825460191073343,0.7338047778896319,0.85,KI barrier,85%
RC-A-KI-85,0.0875,96.32049084873043,0.0,8.428042949263912,59.75390516009619,35.31729328832141,0.06739941467236911,-9.96686959298413,85.10432885543347,93.53237180469738,93.53237180469738,0.0,0.428955078125,0.3837890625,0.15464696050978305,0.0,4096,252,514,1034107096,0.371692200016696,1.0,1.0,1.0,0.0,0.368896484375,0.090576171875,0.05908203125,0.044189453125,0.031494140625,0.02197265625,0.02001953125,0.0,RC-A-KI-85,1,0.041397500000000004,0.183212,0.261977,0.21978899999999998,0.9310152702233216,0.825460191073343,0.7338047778896319,0.85,KI barrier,85%
RC-A-KI-85,0.0875,97.29218724586737,0.0,8.513066384013394,59.60033288181995,35.474558589223605,0.06739941467236911,-9.904675072134626,85.17021639890893,93.68328278292233,93.68328278292233,0.0,0.42578125,0.385498046875,0.1524252257132906,0.0,4096,252,514,3743933553,0.3820623999927193,1.0,1.0,1.0,0.0,0.375732421875,0.0869140625,0.056640625,0.04248046875,0.02783203125,0.02490234375,0.01708984375,0.0,RC-A-KI-85,2,0.041397500000000004,0.183212,0.261977,0.21978899999999998,0.9310152702233216,0.825460191073343,0.7338047778896319,0.85,KI barrier,85%
RC-A-KI-85,0.0875,97.35180842893729,0.0,8.518283237532012,59.01979680717888,36.01375390660256,0.02246647155745637,-10.014259875120981,85.01929083866045,93.53757407619247,93.53757407619247,0.0,0.425048828125,0.391357421875,0.15388218671124976,0.0,4096,252,514,4003352508,0.3617633000249043,1.0,1.0,1.0,0.0,0.359619140625,0.09912109375,0.058349609375,0.037109375,0.029052734375,0.025390625,0.02001953125,0.0,RC-A-KI-85,3,0.041397500000000004,0.183212,0.261977,0.21978899999999998,0.9310152702233216,0.825460191073343,0.7338047778896319,0.85,KI barrier,85%
RC-A-autocall-early,0.0875,78.51226410406065,0.0,6.869823109105306,66.73417316120026,29.228879496250737,2.808308944682046,-7.825091580162757,88.13796107728824,95.00778418639355,95.00778418639355,0.0,0.67236328125,0.317626953125,0.151085171954661,0.0,4096,252,514,632174086,0.3639076999970712,1.0,1.0,1.0,0.37109375,0.122802734375,0.069580078125,0.0400390625,0.0341796875,0.02490234375,0.019775390625,0.018310546875,0.0,RC-A-autocall-early,0,0.041397500000000004,0.183212,0.261977,0.21978899999999998,0.9310152702233216,0.825460191073343,0.7338047778896319,0.75,autocall schedule,first date
RC-A-autocall-early,0.0875,77.98276767258133,0.0,6.823492171350866,66.3985306864079,29.543410098055126,2.314046570418006,-8.261685318698039,87.68025546576497,94.50374763711584,94.50374763711584,0.0,0.6630859375,0.321044921875,0.1579803449136448,0.0,4096,252,514,1034107096,0.369753299979493,1.0,1.0,1.0,0.371826171875,0.117919921875,0.06640625,0.04541015625,0.033203125,0.025390625,0.018798828125,0.01708984375,0.0,RC-A-autocall-early,1,0.041397500000000004,0.183212,0.261977,0.21978899999999998,0.9310152702233216,0.825460191073343,0.7338047778896319,0.75,autocall schedule,first date
RC-A-autocall-early,0.0875,79.90973958576541,0.0,6.992102213754473,65.35190947337114,30.531934846583205,2.6510436437798517,-8.431728141605568,87.45211617834877,94.44421839210325,94.44421839210327,-1.4210854715202004e-14,0.65380859375,0.331787109375,0.15702571284422534,0.0,4096,252,514,3743933553,0.3624983999761753,1.0,1.0,1.0,0.36474609375,0.123046875,0.059326171875,0.0458984375,0.03271484375,0.021484375,0.02099609375,0.0146484375,0.0,RC-A-autocall-early,2,0.041397500000000004,0.183212,0.261977,0.21978899999999998,0.9310152702233216,0.825460191073343,0.7338047778896319,0.75,autocall schedule,first date
RC-A-autocall-early,0.0875,79.43611847339062,0.0,6.950660366421679,65.0194765578111,30.846465448387598,2.3814459850903753,-8.490640758554985,87.37530124764372,94.32596161406539,94.32596161406538,1.4210854715202004e-14,0.64990234375,0.335205078125,0.1589289481281148,0.0,4096,252,514,4003352508,0.3931725000147708,1.0,1.0,1.0,0.366455078125,0.114501953125,0.065185546875,0.046875,0.02734375,0.0234375,0.02099609375,0.016845703125,0.0,RC-A-autocall-early,3,0.041397500000000004,0.183212,0.261977,0.21978899999999998,0.9310152702233216,0.825460191073343,0.7338047778896319,0.75,autocall schedule,first date
RC-A-autocall-delayed,0.0875,125.90121291018016,0.0,11.016356129640764,50.88832475765205,42.933427146299124,5.9985479058408515,-10.70135357964245,83.12039832430872,94.1367544539495,94.1367544539495,0.0,0.55322265625,0.466552734375,0.13407020699422045,0.0,4096,252,514,632174086,0.3539488000096753,1.0,1.0,1.0,0.0,0.0,0.0,0.37255859375,0.07861328125,0.0498046875,0.032470703125,0.030517578125,0.0,RC-A-autocall-delayed,0,0.041397500000000004,0.183212,0.261977,0.21978899999999998,0.9310152702233216,0.825460191073343,0.7338047778896319,0.75,autocall schedule,fourth date
RC-A-autocall-delayed,0.0875,124.77445527793057,0.0,10.917764836818924,50.815960262165476,43.00082656097149,5.257154344444791,-11.085578116136167,82.7312087070008,93.64897354381972,93.64897354381972,0.0,0.543212890625,0.46728515625,0.13840005355690466,0.0,4096,252,514,1034107096,0.3535452999640256,1.0,1.0,1.0,0.0,0.0,0.0,0.3720703125,0.077392578125,0.04931640625,0.033935546875,0.02734375,0.0,RC-A-autocall-delayed,1,0.041397500000000004,0.183212,0.261977,0.21978899999999998,0.9310152702233216,0.825460191073343,0.7338047778896319,0.75,autocall schedule,fourth date
RC-A-autocall-delayed,0.0875,126.77915833431229,0.0,11.093176354252325,49.049928852941754,44.708278399338184,5.953614962725938,-11.300981804496622,82.45722544778332,93.55040180203564,93.55040180203565,-1.4210854715202004e-14,0.5302734375,0.48583984375,0.13837270086583942,0.0,4096,252,514,3743933553,0.42633119999663904,1.0,1.0,1.0,0.0,0.0,0.0,0.35986328125,0.078125,0.04248046875,0.03369140625,0.026123046875,0.0,RC-A-autocall-delayed,2,0.041397500000000004,0.183212,0.261977,0.21978899999999998,0.9310152702233216,0.825460191073343,0.7338047778896319,0.75,autocall schedule,fourth date
RC-A-autocall-delayed,0.0875,124.78691709224623,0.0,10.918855245571544,50.2414682211959,43.56248834990791,5.32455375911716,-11.209137434741502,82.5948191363623,93.51367438193385,93.51367438193384,1.4210854715202004e-14,0.536865234375,0.473388671875,0.13947921199761082,0.0,4096,252,514,4003352508,0.3858889999683015,1.0,1.0,1.0,0.0,0.0,0.0,0.376708984375,0.069580078125,0.043701171875,0.03662109375,0.025634765625,0.0,RC-A-autocall-delayed,3,0.041397500000000004,0.183212,0.261977,0.21978899999999998,0.9310152702233216,0.825460191073343,0.7338047778896319,0.75,autocall schedule,fourth date
