estimator,replication,asset,asset_index,active_asset,bump,bump_label,greek,estimate_reported
AC-raw-MC,0,asset_1,1,False,0.001,0.10% spot,Delta,1.3424688832027696
AC-raw-MC,0,asset_1,1,False,0.001,0.10% spot,Gamma,7.322557544742381
AC-raw-MC,0,asset_1,1,False,0.0025,0.25% spot,Delta,1.4645115089484761
AC-raw-MC,0,asset_1,1,False,0.0025,0.25% spot,Gamma,-3.905364023862603
AC-raw-MC,0,asset_1,1,False,0.005,0.50% spot,Delta,2.269992838870124
AC-raw-MC,0,asset_1,1,False,0.005,0.50% spot,Gamma,-6.736752941162934
AC-raw-MC,0,asset_1,1,False,0.01,1.00% spot,Delta,4.0029981244591255
AC-raw-MC,0,asset_1,1,False,0.01,1.00% spot,Gamma,-7.371374595040578
AC-raw-MC,0,asset_2,2,False,0.001,0.10% spot,Delta,9.519324808165024
AC-raw-MC,0,asset_2,2,False,0.001,0.10% spot,Gamma,24.40852514913984
AC-raw-MC,0,asset_2,2,False,0.0025,0.25% spot,Delta,8.64061790279591
AC-raw-MC,0,asset_2,2,False,0.0025,0.25% spot,Gamma,-4.295900426248976
AC-raw-MC,0,asset_2,2,False,0.005,0.50% spot,Delta,7.639868371681124
AC-raw-MC,0,asset_2,2,False,0.005,0.50% spot,Gamma,-5.369875532811049
AC-raw-MC,0,asset_2,2,False,0.01,1.00% spot,Delta,7.4568044330625725
AC-raw-MC,0,asset_2,2,False,0.01,1.00% spot,Gamma,-5.589552259153293
AC-raw-MC,0,asset_3,3,True,0.001,0.10% spot,Delta,15.377370843958822
AC-raw-MC,0,asset_3,3,True,0.001,0.10% spot,Gamma,29.290230178968812
AC-raw-MC,0,asset_3,3,True,0.0025,0.25% spot,Delta,13.278237681132708
AC-raw-MC,0,asset_3,3,True,0.0025,0.25% spot,Gamma,9.37287365727002
AC-raw-MC,0,asset_3,3,True,0.005,0.50% spot,Delta,13.71759113381723
AC-raw-MC,0,asset_3,3,True,0.005,0.50% spot,Gamma,0.1952682011931017
AC-raw-MC,0,asset_3,3,True,0.01,1.00% spot,Delta,12.49716487636018
AC-raw-MC,0,asset_3,3,True,0.01,1.00% spot,Gamma,-4.295900426248823
AC-raw-MC,1,asset_1,1,False,0.001,0.10% spot,Delta,1.4645115089484049
AC-raw-MC,1,asset_1,1,False,0.001,0.10% spot,Gamma,-4.881705029828254
AC-raw-MC,1,asset_1,1,False,0.0025,0.25% spot,Delta,1.4645115089484477
AC-raw-MC,1,asset_1,1,False,0.0025,0.25% spot,Gamma,-6.248582438180165
AC-raw-MC,1,asset_1,1,False,0.005,0.50% spot,Delta,1.9038649616329903
AC-raw-MC,1,asset_1,1,False,0.005,0.50% spot,Gamma,-5.858046035793848
AC-raw-MC,1,asset_1,1,False,0.01,1.00% spot,Delta,3.8077299232659914
AC-raw-MC,1,asset_1,1,False,0.01,1.00% spot,Gamma,-7.127289343549173
AC-raw-MC,1,asset_2,2,False,0.001,0.10% spot,Delta,5.858046035793834
AC-raw-MC,1,asset_2,2,False,0.001,0.10% spot,Gamma,14.64511508948476
AC-raw-MC,1,asset_2,2,False,0.0025,0.25% spot,Delta,6.736752941162919
AC-raw-MC,1,asset_2,2,False,0.0025,0.25% spot,Gamma,-3.905364023862489
AC-raw-MC,1,asset_2,2,False,0.005,0.50% spot,Delta,6.809978516610329
AC-raw-MC,1,asset_2,2,False,0.005,0.50% spot,Gamma,-4.784070929231631
AC-raw-MC,1,asset_2,2,False,0.01,1.00% spot,Delta,7.15169786869831
AC-raw-MC,1,asset_2,2,False,0.01,1.00% spot,Gamma,-5.369875532811014
AC-raw-MC,1,asset_3,3,True,0.001,0.10% spot,Delta,10.49566581413064
AC-raw-MC,1,asset_3,3,True,0.001,0.10% spot,Gamma,-4.881705029828964
AC-raw-MC,1,asset_3,3,True,0.0025,0.25% spot,Delta,12.7412501278516
AC-raw-MC,1,asset_3,3,True,0.0025,0.25% spot,Gamma,5.076973231021383
AC-raw-MC,1,asset_3,3,True,0.005,0.50% spot,Delta,12.863292753597305
AC-raw-MC,1,asset_3,3,True,0.005,0.50% spot,Gamma,-2.2455843137209395
AC-raw-MC,1,asset_3,3,True,0.01,1.00% spot,Delta,12.46055208863647
AC-raw-MC,1,asset_3,3,True,0.01,1.00% spot,Gamma,-4.369126001696241
AC-raw-MC,2,asset_1,1,False,0.001,0.10% spot,Delta,1.7085967604398886
AC-raw-MC,2,asset_1,1,False,0.001,0.10% spot,Gamma,0.0
AC-raw-MC,2,asset_1,1,False,0.0025,0.25% spot,Delta,1.952682011931273
AC-raw-MC,2,asset_1,1,False,0.0025,0.25% spot,Gamma,-7.029655242952459
AC-raw-MC,2,asset_1,1,False,0.005,0.50% spot,Delta,2.099133162826128
AC-raw-MC,2,asset_1,1,False,0.005,0.50% spot,Gamma,-5.858046035793819
AC-raw-MC,2,asset_1,1,False,0.01,1.00% spot,Delta,4.002998124459124
AC-raw-MC,2,asset_1,1,False,0.01,1.00% spot,Gamma,-7.273740494444009
AC-raw-MC,2,asset_2,2,False,0.001,0.10% spot,Delta,8.90911167943642
AC-raw-MC,2,asset_2,2,False,0.001,0.10% spot,Gamma,21.96767263422714
AC-raw-MC,2,asset_2,2,False,0.0025,0.25% spot,Delta,8.25008150040965
AC-raw-MC,2,asset_2,2,False,0.0025,0.25% spot,Gamma,-2.733754816703708
AC-raw-MC,2,asset_2,2,False,0.005,0.50% spot,Delta,7.932770673470813
AC-raw-MC,2,asset_2,2,False,0.005,0.50% spot,Gamma,-3.02665711849346
AC-raw-MC,2,asset_2,2,False,0.01,1.00% spot,Delta,7.432395907913431
AC-raw-MC,2,asset_2,2,False,0.01,1.00% spot,Gamma,-4.466760102292795
AC-raw-MC,2,asset_3,3,True,0.001,0.10% spot,Delta,13.546731457773229
AC-raw-MC,2,asset_3,3,True,0.001,0.10% spot,Gamma,-21.967672634226435
AC-raw-MC,2,asset_3,3,True,0.0025,0.25% spot,Delta,12.008994373377362
AC-raw-MC,2,asset_3,3,True,0.0025,0.25% spot,Gamma,-8.591800852497498
AC-raw-MC,2,asset_3,3,True,0.005,0.50% spot,Delta,13.034152429641281
AC-raw-MC,2,asset_3,3,True,0.005,0.50% spot,Gamma,-6.053314236986976
AC-raw-MC,2,asset_3,3,True,0.01,1.00% spot,Delta,12.741250127851593
AC-raw-MC,2,asset_3,3,True,0.01,1.00% spot,Gamma,-5.516326683705858
AC-raw-MC,3,asset_1,1,False,0.001,0.10% spot,Delta,1.708596760439853
AC-raw-MC,3,asset_1,1,False,0.001,0.10% spot,Gamma,-4.8817050298289635
AC-raw-MC,3,asset_1,1,False,0.0025,0.25% spot,Delta,1.6597797101415777
AC-raw-MC,3,asset_1,1,False,0.0025,0.25% spot,Gamma,-8.591800852497727
AC-raw-MC,3,asset_1,1,False,0.005,0.50% spot,Delta,2.6117121909580807
AC-raw-MC,3,asset_1,1,False,0.005,0.50% spot,Gamma,-9.079971355480467
AC-raw-MC,3,asset_1,1,False,0.01,1.00% spot,Delta,4.186062063077678
AC-raw-MC,3,asset_1,1,False,0.01,1.00% spot,Gamma,-8.030404774067392
AC-raw-MC,3,asset_2,2,False,0.001,0.10% spot,Delta,7.444600170488017
AC-raw-MC,3,asset_2,2,False,0.001,0.10% spot,Gamma,-7.322557544743801
AC-raw-MC,3,asset_2,2,False,0.0025,0.25% spot,Delta,7.566642796233694
AC-raw-MC,3,asset_2,2,False,0.0025,0.25% spot,Gamma,-5.8580460357940165
AC-raw-MC,3,asset_2,2,False,0.005,0.50% spot,Delta,8.030404774067382
AC-raw-MC,3,asset_2,2,False,0.005,0.50% spot,Gamma,-5.565143734004166
AC-raw-MC,3,asset_2,2,False,0.01,1.00% spot,Delta,7.4934172207862835
AC-raw-MC,3,asset_2,2,False,0.01,1.00% spot,Gamma,-5.223424381916174
AC-raw-MC,3,asset_3,3,True,0.001,0.10% spot,Delta,14.645115089484584
AC-raw-MC,3,asset_3,3,True,0.001,0.10% spot,Gamma,63.46216538776517
AC-raw-MC,3,asset_3,3,True,0.0025,0.25% spot,Delta,14.156944586501794
AC-raw-MC,3,asset_3,3,True,0.0025,0.25% spot,Gamma,9.37287365727002
AC-raw-MC,3,asset_3,3,True,0.005,0.50% spot,Delta,13.937267860159498
AC-raw-MC,3,asset_3,3,True,0.005,0.50% spot,Gamma,-2.2455843137210105
AC-raw-MC,3,asset_3,3,True,0.01,1.00% spot,Delta,12.570390451807608
AC-raw-MC,3,asset_3,3,True,0.01,1.00% spot,Gamma,-4.002998124459132
AC-raw-MC,4,asset_1,1,False,0.001,0.10% spot,Delta,1.7085967604398176
AC-raw-MC,4,asset_1,1,False,0.001,0.10% spot,Gamma,4.881705029828254
AC-raw-MC,4,asset_1,1,False,0.0025,0.25% spot,Delta,1.5621456095450128
AC-raw-MC,4,asset_1,1,False,0.0025,0.25% spot,Gamma,-4.686436828635124
AC-raw-MC,4,asset_1,1,False,0.005,0.50% spot,Delta,2.196767263422686
AC-raw-MC,4,asset_1,1,False,0.005,0.50% spot,Gamma,-5.662777834600718
AC-raw-MC,4,asset_1,1,False,0.01,1.00% spot,Delta,4.234879113375962
AC-raw-MC,4,asset_1,1,False,0.01,1.00% spot,Gamma,-7.639868371681136
AC-raw-MC,4,asset_2,2,False,0.001,0.10% spot,Delta,6.346216538776659
AC-raw-MC,4,asset_2,2,False,0.001,0.10% spot,Gamma,19.52682011931301
AC-raw-MC,4,asset_2,2,False,0.0025,0.25% spot,Delta,7.127289343549164
AC-raw-MC,4,asset_2,2,False,0.0025,0.25% spot,Gamma,4.686436828634895
AC-raw-MC,4,asset_2,2,False,0.005,0.50% spot,Delta,7.346966069891444
AC-raw-MC,4,asset_2,2,False,0.005,0.50% spot,Gamma,-3.8077299232660087
AC-raw-MC,4,asset_2,2,False,0.01,1.00% spot,Delta,7.395783120189719
AC-raw-MC,4,asset_2,2,False,0.01,1.00% spot,Gamma,-4.68643682863508
AC-raw-MC,4,asset_3,3,True,0.001,0.10% spot,Delta,13.424688832027558
AC-raw-MC,4,asset_3,3,True,0.001,0.10% spot,Gamma,-1.4210854715202004e-12
AC-raw-MC,4,asset_3,3,True,0.0025,0.25% spot,Delta,12.790067178149883
AC-raw-MC,4,asset_3,3,True,0.0025,0.25% spot,Gamma,-7.810728047725205
AC-raw-MC,4,asset_3,3,True,0.005,0.50% spot,Delta,13.253829155983553
AC-raw-MC,4,asset_3,3,True,0.005,0.50% spot,Gamma,-7.127289343549207
AC-raw-MC,4,asset_3,3,True,0.01,1.00% spot,Delta,12.36291798803991
AC-raw-MC,4,asset_3,3,True,0.01,1.00% spot,Gamma,-5.052564705872199
AC-raw-MC,5,asset_1,1,False,0.001,0.10% spot,Delta,2.074724637676972
AC-raw-MC,5,asset_1,1,False,0.001,0.10% spot,Gamma,-12.204262574571343
AC-raw-MC,5,asset_1,1,False,0.0025,0.25% spot,Delta,2.050316112527838
AC-raw-MC,5,asset_1,1,False,0.0025,0.25% spot,Gamma,-7.029655242952915
AC-raw-MC,5,asset_1,1,False,0.005,0.50% spot,Delta,2.6605292412563633
AC-raw-MC,5,asset_1,1,False,0.005,0.50% spot,Gamma,-8.298898550708005
AC-raw-MC,5,asset_1,1,False,0.01,1.00% spot,Delta,4.161653537928537
AC-raw-MC,5,asset_1,1,False,0.01,1.00% spot,Gamma,-7.688685421979429
AC-raw-MC,5,asset_2,2,False,0.001,0.10% spot,Delta,7.810728047725135
AC-raw-MC,5,asset_2,2,False,0.001,0.10% spot,Gamma,-9.763410059657927
AC-raw-MC,5,asset_2,2,False,0.0025,0.25% spot,Delta,7.810728047725121
AC-raw-MC,5,asset_2,2,False,0.0025,0.25% spot,Gamma,-2.3432184143177888
AC-raw-MC,5,asset_2,2,False,0.005,0.50% spot,Delta,7.517825745935421
AC-raw-MC,5,asset_2,2,False,0.005,0.50% spot,Gamma,-3.3195594202832552
AC-raw-MC,5,asset_2,2,False,0.01,1.00% spot,Delta,7.371374595040576
AC-raw-MC,5,asset_2,2,False,0.01,1.00% spot,Gamma,-5.369875532811032
AC-raw-MC,5,asset_3,3,True,0.001,0.10% spot,Delta,15.25532821821308
AC-raw-MC,5,asset_3,3,True,0.001,0.10% spot,Gamma,-12.204262574572057
AC-raw-MC,5,asset_3,3,True,0.0025,0.25% spot,Delta,14.254578687098343
AC-raw-MC,5,asset_3,3,True,0.0025,0.25% spot,Gamma,-8.591800852497837
AC-raw-MC,5,asset_3,3,True,0.005,0.50% spot,Delta,13.790816709264652
AC-raw-MC,5,asset_3,3,True,0.005,0.50% spot,Gamma,-4.588802728038586
AC-raw-MC,5,asset_3,3,True,0.01,1.00% spot,Delta,12.863292753597303
AC-raw-MC,5,asset_3,3,True,0.01,1.00% spot,Gamma,-5.565143734004159
AC-raw-MC,6,asset_1,1,False,0.001,0.10% spot,Delta,1.0983836317113214
AC-raw-MC,6,asset_1,1,False,0.001,0.10% spot,Gamma,2.440852514913416
AC-raw-MC,6,asset_1,1,False,0.0025,0.25% spot,Delta,1.5621456095450128
AC-raw-MC,6,asset_1,1,False,0.0025,0.25% spot,Gamma,-5.467509633407872
AC-raw-MC,6,asset_1,1,False,0.005,0.50% spot,Delta,2.41644398976495
AC-raw-MC,6,asset_1,1,False,0.005,0.50% spot,Gamma,-7.322557544742351
AC-raw-MC,6,asset_1,1,False,0.01,1.00% spot,Delta,4.247083375950531
AC-raw-MC,6,asset_1,1,False,0.01,1.00% spot,Gamma,-7.908362148321701
AC-raw-MC,6,asset_2,2,False,0.001,0.10% spot,Delta,8.542983802199373
AC-raw-MC,6,asset_2,2,False,0.001,0.10% spot,Gamma,-24.408525149142687
AC-raw-MC,6,asset_2,2,False,0.0025,0.25% spot,Delta,7.859545098023403
AC-raw-MC,6,asset_2,2,False,0.0025,0.25% spot,Gamma,-12.887701278746588
AC-raw-MC,6,asset_2,2,False,0.005,0.50% spot,Delta,7.566642796233708
AC-raw-MC,6,asset_2,2,False,0.005,0.50% spot,Gamma,-8.982337254883928
AC-raw-MC,6,asset_2,2,False,0.01,1.00% spot,Delta,7.18831065642202
AC-raw-MC,6,asset_2,2,False,0.01,1.00% spot,Gamma,-5.833637510644709
AC-raw-MC,6,asset_3,3,True,0.001,0.10% spot,Delta,14.523072463738878
AC-raw-MC,6,asset_3,3,True,0.001,0.10% spot,Gamma,-12.204262574571345
AC-raw-MC,6,asset_3,3,True,0.0025,0.25% spot,Delta,14.010493435606916
AC-raw-MC,6,asset_3,3,True,0.0025,0.25% spot,Gamma,-11.325555669201547
AC-raw-MC,6,asset_3,3,True,0.005,0.50% spot,Delta,13.375871781729266
AC-raw-MC,6,asset_3,3,True,0.005,0.50% spot,Gamma,-5.662777834600745
AC-raw-MC,6,asset_3,3,True,0.01,1.00% spot,Delta,12.37512225061448
AC-raw-MC,6,asset_3,3,True,0.01,1.00% spot,Gamma,-5.613960784302434
AC-raw-MC,7,asset_1,1,False,0.001,0.10% spot,Delta,1.220426257457028
AC-raw-MC,7,asset_1,1,False,0.001,0.10% spot,Gamma,-9.763410059655795
AC-raw-MC,7,asset_1,1,False,0.0025,0.25% spot,Delta,1.6597797101415777
AC-raw-MC,7,asset_1,1,False,0.0025,0.25% spot,Gamma,-5.467509633407417
AC-raw-MC,7,asset_1,1,False,0.005,0.50% spot,Delta,2.416443989764957
AC-raw-MC,7,asset_1,1,False,0.005,0.50% spot,Gamma,-7.517825745935396
AC-raw-MC,7,asset_1,1,False,0.01,1.00% spot,Delta,4.100632225055687
AC-raw-MC,7,asset_1,1,False,0.01,1.00% spot,Gamma,-7.664276896830266
AC-raw-MC,7,asset_2,2,False,0.001,0.10% spot,Delta,7.932770673470806
AC-raw-MC,7,asset_2,2,False,0.001,0.10% spot,Gamma,-2.440852514913416
AC-raw-MC,7,asset_2,2,False,0.0025,0.25% spot,Delta,8.396532651304511
AC-raw-MC,7,asset_2,2,False,0.0025,0.25% spot,Gamma,-7.810728047724978
AC-raw-MC,7,asset_2,2,False,0.005,0.50% spot,Delta,7.566642796233712
AC-raw-MC,7,asset_2,2,False,0.005,0.50% spot,Gamma,-6.639118840566324
AC-raw-MC,7,asset_2,2,False,0.01,1.00% spot,Delta,6.8099785166103395
AC-raw-MC,7,asset_2,2,False,0.01,1.00% spot,Gamma,-4.88170502982819
AC-raw-MC,7,asset_3,3,True,0.001,0.10% spot,Delta,13.30264620628185
AC-raw-MC,7,asset_3,3,True,0.001,0.10% spot,Gamma,-36.61278772371048
AC-raw-MC,7,asset_3,3,True,0.0025,0.25% spot,Delta,13.815225234413788
AC-raw-MC,7,asset_3,3,True,0.0025,0.25% spot,Gamma,-6.639118840566196
AC-raw-MC,7,asset_3,3,True,0.005,0.50% spot,Delta,13.717591133817237
AC-raw-MC,7,asset_3,3,True,0.005,0.50% spot,Gamma,-2.5384866155106347
AC-raw-MC,7,asset_3,3,True,0.01,1.00% spot,Delta,12.46055208863647
AC-raw-MC,7,asset_3,3,True,0.01,1.00% spot,Gamma,-3.9297725490116937
AC-raw-MC,8,asset_1,1,False,0.001,0.10% spot,Delta,1.9526820119313013
AC-raw-MC,8,asset_1,1,False,0.001,0.10% spot,Gamma,0.0
AC-raw-MC,8,asset_1,1,False,0.0025,0.25% spot,Delta,2.099133162826135
AC-raw-MC,8,asset_1,1,False,0.0025,0.25% spot,Gamma,-7.420191645338833
AC-raw-MC,8,asset_1,1,False,0.005,0.50% spot,Delta,2.9778400681952064
AC-raw-MC,8,asset_1,1,False,0.005,0.50% spot,Gamma,-9.177605456077004
AC-raw-MC,8,asset_1,1,False,0.01,1.00% spot,Delta,4.210470588226823
AC-raw-MC,8,asset_1,1,False,0.01,1.00% spot,Gamma,-7.73750247227769
AC-raw-MC,8,asset_2,2,False,0.001,0.10% spot,Delta,7.0784722932508615
AC-raw-MC,8,asset_2,2,False,0.001,0.10% spot,Gamma,39.053640238625306
AC-raw-MC,8,asset_2,2,False,0.0025,0.25% spot,Delta,6.834387041759469
AC-raw-MC,8,asset_2,2,False,0.0025,0.25% spot,Gamma,0.0
AC-raw-MC,8,asset_2,2,False,0.005,0.50% spot,Delta,7.469008695637142
AC-raw-MC,8,asset_2,2,False,0.005,0.50% spot,Gamma,-5.076973231021327
AC-raw-MC,8,asset_2,2,False,0.01,1.00% spot,Delta,7.371374595040577
AC-raw-MC,8,asset_2,2,False,0.01,1.00% spot,Gamma,-5.076973231021327
AC-raw-MC,8,asset_3,3,True,0.001,0.10% spot,Delta,14.156944586501796
AC-raw-MC,8,asset_3,3,True,0.001,0.10% spot,Gamma,-43.93534526845429
AC-raw-MC,8,asset_3,3,True,0.0025,0.25% spot,Delta,15.42618789425711
AC-raw-MC,8,asset_3,3,True,0.0025,0.25% spot,Gamma,-9.372873657270246
AC-raw-MC,8,asset_3,3,True,0.005,0.50% spot,Delta,14.205761636800055
AC-raw-MC,8,asset_3,3,True,0.005,0.50% spot,Gamma,-7.224923444145729
AC-raw-MC,8,asset_3,3,True,0.01,1.00% spot,Delta,12.912109803895586
AC-raw-MC,8,asset_3,3,True,0.01,1.00% spot,Gamma,-5.369875532811014
AC-raw-MC,9,asset_1,1,False,0.001,0.10% spot,Delta,1.0983836317113214
AC-raw-MC,9,asset_1,1,False,0.001,0.10% spot,Gamma,-2.4408525149148375
AC-raw-MC,9,asset_1,1,False,0.0025,0.25% spot,Delta,1.3668774083518969
AC-raw-MC,9,asset_1,1,False,0.0025,0.25% spot,Gamma,-4.686436828635237
AC-raw-MC,9,asset_1,1,False,0.005,0.50% spot,Delta,2.2455843137209683
AC-raw-MC,9,asset_1,1,False,0.005,0.50% spot,Gamma,-7.224923444145758
AC-raw-MC,9,asset_1,1,False,0.01,1.00% spot,Delta,3.95418107416084
AC-raw-MC,9,asset_1,1,False,0.01,1.00% spot,Gamma,-7.469008695637151
AC-raw-MC,9,asset_2,2,False,0.001,0.10% spot,Delta,9.15319693092787
AC-raw-MC,9,asset_2,2,False,0.001,0.10% spot,Gamma,2.440852514911995
AC-raw-MC,9,asset_2,2,False,0.0025,0.25% spot,Delta,8.396532651304497
AC-raw-MC,9,asset_2,2,False,0.0025,0.25% spot,Gamma,-3.1242912190901957
AC-raw-MC,9,asset_2,2,False,0.005,0.50% spot,Delta,7.49341722078628
AC-raw-MC,9,asset_2,2,False,0.005,0.50% spot,Gamma,-4.002998124459153
AC-raw-MC,9,asset_2,2,False,0.01,1.00% spot,Delta,7.432395907913433
AC-raw-MC,9,asset_2,2,False,0.01,1.00% spot,Gamma,-5.247832907065319
AC-raw-MC,9,asset_3,3,True,0.001,0.10% spot,Delta,14.401029837993171
AC-raw-MC,9,asset_3,3,True,0.001,0.10% spot,Gamma,24.408525149140562
AC-raw-MC,9,asset_3,3,True,0.0025,0.25% spot,Delta,13.22942063083441
AC-raw-MC,9,asset_3,3,True,0.0025,0.25% spot,Gamma,-1.9526820119314148
AC-raw-MC,9,asset_3,3,True,0.005,0.50% spot,Delta,14.108127536203495
AC-raw-MC,9,asset_3,3,True,0.005,0.50% spot,Gamma,-2.9290230178969376
AC-raw-MC,9,asset_3,3,True,0.01,1.00% spot,Delta,13.09517374251414
AC-raw-MC,9,asset_3,3,True,0.01,1.00% spot,Gamma,-4.613211253187656
AC-raw-MC,10,asset_1,1,False,0.001,0.10% spot,Delta,1.5865541346941823
AC-raw-MC,10,asset_1,1,False,0.001,0.10% spot,Gamma,-2.440852514914127
AC-raw-MC,10,asset_1,1,False,0.0025,0.25% spot,Delta,1.6597797101416063
AC-raw-MC,10,asset_1,1,False,0.0025,0.25% spot,Gamma,-8.591800852497727
AC-raw-MC,10,asset_1,1,False,0.005,0.50% spot,Delta,1.9770905370804286
AC-raw-MC,10,asset_1,1,False,0.005,0.50% spot,Gamma,-6.541484739969804
AC-raw-MC,10,asset_1,1,False,0.01,1.00% spot,Delta,3.7467086103931457
AC-raw-MC,10,asset_1,1,False,0.01,1.00% spot,Gamma,-7.151697868698315
AC-raw-MC,10,asset_2,2,False,0.001,0.10% spot,Delta,8.176855924962254
AC-raw-MC,10,asset_2,2,False,0.001,0.10% spot,Gamma,-12.204262574572052
AC-raw-MC,10,asset_2,2,False,0.0025,0.25% spot,Delta,7.859545098023403
AC-raw-MC,10,asset_2,2,False,0.0025,0.25% spot,Gamma,-5.858046035794131
AC-raw-MC,10,asset_2,2,False,0.005,0.50% spot,Delta,7.200514918996588
AC-raw-MC,10,asset_2,2,False,0.005,0.50% spot,Gamma,-4.198266325652297
AC-raw-MC,10,asset_2,2,False,0.01,1.00% spot,Delta,7.334761807316866
AC-raw-MC,10,asset_2,2,False,0.01,1.00% spot,Gamma,-4.613211253187656
AC-raw-MC,10,asset_3,3,True,0.001,0.10% spot,Delta,11.960177323079115
AC-raw-MC,10,asset_3,3,True,0.001,0.10% spot,Gamma,-34.171935208798494
AC-raw-MC,10,asset_3,3,True,0.0025,0.25% spot,Delta,13.180603580536129
AC-raw-MC,10,asset_3,3,True,0.0025,0.25% spot,Gamma,-11.716092071587921
AC-raw-MC,10,asset_3,3,True,0.005,0.50% spot,Delta,12.91210980389558
AC-raw-MC,10,asset_3,3,True,0.005,0.50% spot,Gamma,-7.1272893435492195
AC-raw-MC,10,asset_3,3,True,0.01,1.00% spot,Delta,12.228671099719634
AC-raw-MC,10,asset_3,3,True,0.01,1.00% spot,Gamma,-5.46750963340759
AC-raw-MC,11,asset_1,1,False,0.001,0.10% spot,Delta,1.7085967604398886
AC-raw-MC,11,asset_1,1,False,0.001,0.10% spot,Gamma,-9.763410059656508
AC-raw-MC,11,asset_1,1,False,0.0025,0.25% spot,Delta,1.6109626598433096
AC-raw-MC,11,asset_1,1,False,0.0025,0.25% spot,Gamma,-4.29590042624875
AC-raw-MC,11,asset_1,1,False,0.005,0.50% spot,Delta,2.0747246376769937
AC-raw-MC,11,asset_1,1,False,0.005,0.50% spot,Gamma,-5.955680136390414
AC-raw-MC,11,asset_1,1,False,0.01,1.00% spot,Delta,4.332513213972529
AC-raw-MC,11,asset_1,1,False,0.01,1.00% spot,Gamma,-8.079221824365668
AC-raw-MC,11,asset_2,2,False,0.001,0.10% spot,Delta,8.054813299216512
AC-raw-MC,11,asset_2,2,False,0.001,0.10% spot,Gamma,19.5268201193123
AC-raw-MC,11,asset_2,2,False,0.0025,0.25% spot,Delta,7.566642796233694
AC-raw-MC,11,asset_2,2,False,0.0025,0.25% spot,Gamma,-5.8580460357940165
AC-raw-MC,11,asset_2,2,False,0.005,0.50% spot,Delta,7.615459846531986
AC-raw-MC,11,asset_2,2,False,0.005,0.50% spot,Gamma,-3.124291219090068
AC-raw-MC,11,asset_2,2,False,0.01,1.00% spot,Delta,7.39578312018972
AC-raw-MC,11,asset_2,2,False,0.01,1.00% spot,Gamma,-4.930522080126483
AC-raw-MC,11,asset_3,3,True,0.001,0.10% spot,Delta,14.889200340975997
AC-raw-MC,11,asset_3,3,True,0.001,0.10% spot,Gamma,9.763410059655797
AC-raw-MC,11,asset_3,3,True,0.0025,0.25% spot,Delta,14.547480988888024
AC-raw-MC,11,asset_3,3,True,0.0025,0.25% spot,Gamma,-8.591800852497725
AC-raw-MC,11,asset_3,3,True,0.005,0.50% spot,Delta,14.156944586501764
AC-raw-MC,11,asset_3,3,True,0.005,0.50% spot,Gamma,-3.9053640238626026
AC-raw-MC,11,asset_3,3,True,0.01,1.00% spot,Delta,12.63141176468046
AC-raw-MC,11,asset_3,3,True,0.01,1.00% spot,Gamma,-4.417943051994531
AC-raw-MC,12,asset_1,1,False,0.001,0.10% spot,Delta,0.9763410059656151
AC-raw-MC,12,asset_1,1,False,0.001,0.10% spot,Gamma,-7.105427357601002e-13
AC-raw-MC,12,asset_1,1,False,0.0025,0.25% spot,Delta,1.7085967604398604
AC-raw-MC,12,asset_1,1,False,0.0025,0.25% spot,Gamma,-5.076973231021611
AC-raw-MC,12,asset_1,1,False,0.005,0.50% spot,Delta,2.416443989764957
AC-raw-MC,12,asset_1,1,False,0.005,0.50% spot,Gamma,-7.3225575447423825
AC-raw-MC,12,asset_1,1,False,0.01,1.00% spot,Delta,4.1982663256522486
AC-raw-MC,12,asset_1,1,False,0.01,1.00% spot,Gamma,-7.713093947128571
AC-raw-MC,12,asset_2,2,False,0.001,0.10% spot,Delta,8.66502642794508
AC-raw-MC,12,asset_2,2,False,0.001,0.10% spot,Gamma,21.967672634225718
AC-raw-MC,12,asset_2,2,False,0.0025,0.25% spot,Delta,8.59180085249764
AC-raw-MC,12,asset_2,2,False,0.0025,0.25% spot,Gamma,-1.5621456095452684
AC-raw-MC,12,asset_2,2,False,0.005,0.50% spot,Delta,7.9571791986199605
AC-raw-MC,12,asset_2,2,False,0.005,0.50% spot,Gamma,-4.686436828635151
AC-raw-MC,12,asset_2,2,False,0.01,1.00% spot,Delta,7.761910997426834
AC-raw-MC,12,asset_2,2,False,0.01,1.00% spot,Gamma,-5.467509633407594
AC-raw-MC,12,asset_3,3,True,0.001,0.10% spot,Delta,14.523072463738878
AC-raw-MC,12,asset_3,3,True,0.001,0.10% spot,Gamma,-61.02131287285389
AC-raw-MC,12,asset_3,3,True,0.0025,0.25% spot,Delta,13.668774083518969
AC-raw-MC,12,asset_3,3,True,0.0025,0.25% spot,Gamma,-8.591800852497952
AC-raw-MC,12,asset_3,3,True,0.005,0.50% spot,Delta,12.960926854193861
AC-raw-MC,12,asset_3,3,True,0.005,0.50% spot,Gamma,-9.861044160253028
AC-raw-MC,12,asset_3,3,True,0.01,1.00% spot,Delta,12.460552088636474
AC-raw-MC,12,asset_3,3,True,0.01,1.00% spot,Gamma,-6.370625063925813
AC-raw-MC,13,asset_1,1,False,0.001,0.10% spot,Delta,2.1967672634226783
AC-raw-MC,13,asset_1,1,False,0.001,0.10% spot,Gamma,-29.290230178968812
AC-raw-MC,13,asset_1,1,False,0.0025,0.25% spot,Delta,1.4156944586501792
AC-raw-MC,13,asset_1,1,False,0.0025,0.25% spot,Gamma,-6.639118840566312
AC-raw-MC,13,asset_1,1,False,0.005,0.50% spot,Delta,2.0747246376769866
AC-raw-MC,13,asset_1,1,False,0.005,0.50% spot,Gamma,-6.736752941162907
AC-raw-MC,13,asset_1,1,False,0.01,1.00% spot,Delta,3.8443427109897073
AC-raw-MC,13,asset_1,1,False,0.01,1.00% spot,Gamma,-7.249331969294872
AC-raw-MC,13,asset_2,2,False,0.001,0.10% spot,Delta,8.176855924962254
AC-raw-MC,13,asset_2,2,False,0.001,0.10% spot,Gamma,-17.085967604398885
AC-raw-MC,13,asset_2,2,False,0.0025,0.25% spot,Delta,6.932021142356035
AC-raw-MC,13,asset_2,2,False,0.0025,0.25% spot,Gamma,-7.029655242952685
AC-raw-MC,13,asset_2,2,False,0.005,0.50% spot,Delta,6.809978516610336
AC-raw-MC,13,asset_2,2,False,0.005,0.50% spot,Gamma,-7.517825745935424
AC-raw-MC,13,asset_2,2,False,0.01,1.00% spot,Delta,7.212719181571161
AC-raw-MC,13,asset_2,2,False,0.01,1.00% spot,Gamma,-5.638369309451565
AC-raw-MC,13,asset_3,3,True,0.001,0.10% spot,Delta,16.59779710141585
AC-raw-MC,13,asset_3,3,True,0.001,0.10% spot,Gamma,-34.17193520879778
AC-raw-MC,13,asset_3,3,True,0.0025,0.25% spot,Delta,15.230919693063965
AC-raw-MC,13,asset_3,3,True,0.0025,0.25% spot,Gamma,-7.8107280477250915
AC-raw-MC,13,asset_3,3,True,0.005,0.50% spot,Delta,13.961676385308644
AC-raw-MC,13,asset_3,3,True,0.005,0.50% spot,Gamma,-5.6627778346007025
AC-raw-MC,13,asset_3,3,True,0.01,1.00% spot,Delta,12.802271440724448
AC-raw-MC,13,asset_3,3,True,0.01,1.00% spot,Gamma,-5.589552259153285
AC-raw-MC,14,asset_1,1,False,0.001,0.10% spot,Delta,1.5865541346941823
AC-raw-MC,14,asset_1,1,False,0.001,0.10% spot,Gamma,-12.204262574570635
AC-raw-MC,14,asset_1,1,False,0.0025,0.25% spot,Delta,2.00149906222957
AC-raw-MC,14,asset_1,1,False,0.0025,0.25% spot,Gamma,-6.639118840566312
AC-raw-MC,14,asset_1,1,False,0.005,0.50% spot,Delta,2.2455843137209754
AC-raw-MC,14,asset_1,1,False,0.005,0.50% spot,Gamma,-6.443850639373211
AC-raw-MC,14,asset_1,1,False,0.01,1.00% spot,Delta,4.112836487630259
AC-raw-MC,14,asset_1,1,False,0.01,1.00% spot,Gamma,-7.591051321382846
AC-raw-MC,14,asset_2,2,False,0.001,0.10% spot,Delta,8.787069053690786
AC-raw-MC,14,asset_2,2,False,0.001,0.10% spot,Gamma,-29.29023017896952
AC-raw-MC,14,asset_2,2,False,0.0025,0.25% spot,Delta,7.469008695637142
AC-raw-MC,14,asset_2,2,False,0.0025,0.25% spot,Gamma,-5.076973231021383
AC-raw-MC,14,asset_2,2,False,0.005,0.50% spot,Delta,6.980838192654321
AC-raw-MC,14,asset_2,2,False,0.005,0.50% spot,Gamma,-3.71009582266943
AC-raw-MC,14,asset_2,2,False,0.01,1.00% spot,Delta,7.115085080974597
AC-raw-MC,14,asset_2,2,False,0.01,1.00% spot,Gamma,-4.027406649608259
AC-raw-MC,14,asset_3,3,True,0.001,0.10% spot,Delta,14.76715771523029
AC-raw-MC,14,asset_3,3,True,0.001,0.10% spot,Gamma,-17.085967604398178
AC-raw-MC,14,asset_3,3,True,0.0025,0.25% spot,Delta,13.522322932624107
AC-raw-MC,14,asset_3,3,True,0.0025,0.25% spot,Gamma,-12.887701278746473
AC-raw-MC,14,asset_3,3,True,0.005,0.50% spot,Delta,13.156195055387
AC-raw-MC,14,asset_3,3,True,0.005,0.50% spot,Gamma,-7.713093947128526
AC-raw-MC,14,asset_3,3,True,0.01,1.00% spot,Delta,12.338509462890766
AC-raw-MC,14,asset_3,3,True,0.01,1.00% spot,Gamma,-5.491918158556724
AC-raw-MC,15,asset_1,1,False,0.001,0.10% spot,Delta,1.220426257457028
AC-raw-MC,15,asset_1,1,False,0.001,0.10% spot,Gamma,-9.763410059657218
AC-raw-MC,15,asset_1,1,False,0.0025,0.25% spot,Delta,1.3668774083518969
AC-raw-MC,15,asset_1,1,False,0.0025,0.25% spot,Gamma,-6.248582438180279
AC-raw-MC,15,asset_1,1,False,0.005,0.50% spot,Delta,2.147950213124403
AC-raw-MC,15,asset_1,1,False,0.005,0.50% spot,Gamma,-7.2249234441458166
AC-raw-MC,15,asset_1,1,False,0.01,1.00% spot,Delta,3.917568286437126
AC-raw-MC,15,asset_1,1,False,0.01,1.00% spot,Gamma,-7.493417220786303
AC-raw-MC,15,asset_2,2,False,0.001,0.10% spot,Delta,8.176855924962254
AC-raw-MC,15,asset_2,2,False,0.001,0.10% spot,Gamma,-12.204262574572052
AC-raw-MC,15,asset_2,2,False,0.0025,0.25% spot,Delta,7.127289343549164
AC-raw-MC,15,asset_2,2,False,0.0025,0.25% spot,Gamma,-4.68643682863535
AC-raw-MC,15,asset_2,2,False,0.005,0.50% spot,Delta,7.4934172207862835
AC-raw-MC,15,asset_2,2,False,0.005,0.50% spot,Gamma,-4.588802728038558
AC-raw-MC,15,asset_2,2,False,0.01,1.00% spot,Delta,7.407987382764287
AC-raw-MC,15,asset_2,2,False,0.01,1.00% spot,Gamma,-4.46676010229282
AC-raw-MC,15,asset_3,3,True,0.001,0.10% spot,Delta,13.058560954790474
AC-raw-MC,15,asset_3,3,True,0.001,0.10% spot,Gamma,7.322557544741671
AC-raw-MC,15,asset_3,3,True,0.0025,0.25% spot,Delta,13.180603580536136
AC-raw-MC,15,asset_3,3,True,0.0025,0.25% spot,Gamma,-4.686436828635293
AC-raw-MC,15,asset_3,3,True,0.005,0.50% spot,Delta,12.912109803895573
AC-raw-MC,15,asset_3,3,True,0.005,0.50% spot,Gamma,-2.6361207161073135
AC-raw-MC,15,asset_3,3,True,0.01,1.00% spot,Delta,12.326305200316192
AC-raw-MC,15,asset_3,3,True,0.01,1.00% spot,Gamma,-4.588802728038522
AC-raw-RQMC,0,asset_1,1,False,0.001,0.10% spot,Delta,1.3424688832027696
AC-raw-RQMC,0,asset_1,1,False,0.001,0.10% spot,Gamma,2.440852514914127
AC-raw-RQMC,0,asset_1,1,False,0.0025,0.25% spot,Delta,1.5621456095450128
AC-raw-RQMC,0,asset_1,1,False,0.0025,0.25% spot,Gamma,-2.343218414317789
AC-raw-RQMC,0,asset_1,1,False,0.005,0.50% spot,Delta,2.269992838870109
AC-raw-RQMC,0,asset_1,1,False,0.005,0.50% spot,Gamma,-5.955680136390471
AC-raw-RQMC,0,asset_1,1,False,0.01,1.00% spot,Delta,4.137245012779395
AC-raw-RQMC,0,asset_1,1,False,0.01,1.00% spot,Gamma,-7.4934172207863
AC-raw-RQMC,0,asset_2,2,False,0.001,0.10% spot,Delta,8.420941176453667
AC-raw-RQMC,0,asset_2,2,False,0.001,0.10% spot,Gamma,31.731082693882218
AC-raw-RQMC,0,asset_2,2,False,0.0025,0.25% spot,Delta,7.469008695637142
AC-raw-RQMC,0,asset_2,2,False,0.0025,0.25% spot,Gamma,-2.733754816704049
AC-raw-RQMC,0,asset_2,2,False,0.005,0.50% spot,Delta,7.713093947128548
AC-raw-RQMC,0,asset_2,2,False,0.005,0.50% spot,Gamma,-4.8817050298282245
AC-raw-RQMC,0,asset_2,2,False,0.01,1.00% spot,Delta,7.4934172207862835
AC-raw-RQMC,0,asset_2,2,False,0.01,1.00% spot,Gamma,-5.174607331617891
AC-raw-RQMC,0,asset_3,3,True,0.001,0.10% spot,Delta,13.30264620628185
AC-raw-RQMC,0,asset_3,3,True,0.001,0.10% spot,Gamma,-36.612787723711904
AC-raw-RQMC,0,asset_3,3,True,0.0025,0.25% spot,Delta,13.034152429641281
AC-raw-RQMC,0,asset_3,3,True,0.0025,0.25% spot,Gamma,-12.887701278746702
AC-raw-RQMC,0,asset_3,3,True,0.005,0.50% spot,Delta,13.229420630834415
AC-raw-RQMC,0,asset_3,3,True,0.005,0.50% spot,Gamma,-6.443850639373265
AC-raw-RQMC,0,asset_3,3,True,0.01,1.00% spot,Delta,12.497164876360188
AC-raw-RQMC,0,asset_3,3,True,0.01,1.00% spot,Gamma,-5.565143734004152
AC-raw-RQMC,1,asset_1,1,False,0.001,0.10% spot,Delta,1.2204262574570635
AC-raw-RQMC,1,asset_1,1,False,0.001,0.10% spot,Gamma,-4.881705029828254
AC-raw-RQMC,1,asset_1,1,False,0.0025,0.25% spot,Delta,1.6109626598433238
AC-raw-RQMC,1,asset_1,1,False,0.0025,0.25% spot,Gamma,-6.639118840566425
AC-raw-RQMC,1,asset_1,1,False,0.005,0.50% spot,Delta,2.318809889168406
AC-raw-RQMC,1,asset_1,1,False,0.005,0.50% spot,Gamma,-6.932021142356063
AC-raw-RQMC,1,asset_1,1,False,0.01,1.00% spot,Delta,4.015202387033695
AC-raw-RQMC,1,asset_1,1,False,0.01,1.00% spot,Gamma,-7.444600170488003
AC-raw-RQMC,1,asset_2,2,False,0.001,0.10% spot,Delta,7.688685421979429
AC-raw-RQMC,1,asset_2,2,False,0.001,0.10% spot,Gamma,-12.204262574572052
AC-raw-RQMC,1,asset_2,2,False,0.0025,0.25% spot,Delta,8.05481329921652
AC-raw-RQMC,1,asset_2,2,False,0.0025,0.25% spot,Gamma,-4.295900426248976
AC-raw-RQMC,1,asset_2,2,False,0.005,0.50% spot,Delta,7.688685421979411
AC-raw-RQMC,1,asset_2,2,False,0.005,0.50% spot,Gamma,-4.002998124459153
AC-raw-RQMC,1,asset_2,2,False,0.01,1.00% spot,Delta,7.407987382764288
AC-raw-RQMC,1,asset_2,2,False,0.01,1.00% spot,Gamma,-4.857296504679056
AC-raw-RQMC,1,asset_3,3,True,0.001,0.10% spot,Delta,14.401029837993207
AC-raw-RQMC,1,asset_3,3,True,0.001,0.10% spot,Gamma,0.0
AC-raw-RQMC,1,asset_3,3,True,0.0025,0.25% spot,Delta,13.571139982922404
AC-raw-RQMC,1,asset_3,3,True,0.0025,0.25% spot,Gamma,-3.1242912190903094
AC-raw-RQMC,1,asset_3,3,True,0.005,0.50% spot,Delta,13.278237681132701
AC-raw-RQMC,1,asset_3,3,True,0.005,0.50% spot,Gamma,-4.100632225055704
AC-raw-RQMC,1,asset_3,3,True,0.01,1.00% spot,Delta,12.460552088636474
AC-raw-RQMC,1,asset_3,3,True,0.01,1.00% spot,Gamma,-4.75966240408249
AC-raw-RQMC,2,asset_1,1,False,0.001,0.10% spot,Delta,1.098383631711357
AC-raw-RQMC,2,asset_1,1,False,0.001,0.10% spot,Gamma,-12.204262574570635
AC-raw-RQMC,2,asset_1,1,False,0.0025,0.25% spot,Delta,1.7574138107381572
AC-raw-RQMC,2,asset_1,1,False,0.0025,0.25% spot,Gamma,-9.372873657270134
AC-raw-RQMC,2,asset_1,1,False,0.005,0.50% spot,Delta,2.196767263422686
AC-raw-RQMC,2,asset_1,1,False,0.005,0.50% spot,Gamma,-7.224923444145758
AC-raw-RQMC,2,asset_1,1,False,0.01,1.00% spot,Delta,4.1982663256522486
AC-raw-RQMC,2,asset_1,1,False,0.01,1.00% spot,Gamma,-7.9571791986199685
AC-raw-RQMC,2,asset_2,2,False,0.001,0.10% spot,Delta,6.834387041759519
AC-raw-RQMC,2,asset_2,2,False,0.001,0.10% spot,Gamma,4.881705029827542
AC-raw-RQMC,2,asset_2,2,False,0.0025,0.25% spot,Delta,7.664276896830272
AC-raw-RQMC,2,asset_2,2,False,0.0025,0.25% spot,Gamma,-6.639118840566425
AC-raw-RQMC,2,asset_2,2,False,0.005,0.50% spot,Delta,7.22492344414573
AC-raw-RQMC,2,asset_2,2,False,0.005,0.50% spot,Gamma,-5.076973231021327
AC-raw-RQMC,2,asset_2,2,False,0.01,1.00% spot,Delta,7.35917033246601
AC-raw-RQMC,2,asset_2,2,False,0.01,1.00% spot,Gamma,-5.638369309451569
AC-raw-RQMC,2,asset_3,3,True,0.001,0.10% spot,Delta,11.960177323079115
AC-raw-RQMC,2,asset_3,3,True,0.001,0.10% spot,Gamma,-34.171935208798494
AC-raw-RQMC,2,asset_3,3,True,0.0025,0.25% spot,Delta,13.522322932624107
AC-raw-RQMC,2,asset_3,3,True,0.0025,0.25% spot,Gamma,-12.106628473973952
AC-raw-RQMC,2,asset_3,3,True,0.005,0.50% spot,Delta,13.449097357176687
AC-raw-RQMC,2,asset_3,3,True,0.005,0.50% spot,Gamma,-8.49416675190106
AC-raw-RQMC,2,asset_3,3,True,0.01,1.00% spot,Delta,12.509369138934753
AC-raw-RQMC,2,asset_3,3,True,0.01,1.00% spot,Gamma,-5.491918158556721
AC-raw-RQMC,3,asset_1,1,False,0.001,0.10% spot,Delta,1.586554134694147
AC-raw-RQMC,3,asset_1,1,False,0.001,0.10% spot,Gamma,-26.849377664054682
AC-raw-RQMC,3,asset_1,1,False,0.0025,0.25% spot,Delta,1.7085967604398604
AC-raw-RQMC,3,asset_1,1,False,0.0025,0.25% spot,Gamma,-8.982337254883987
AC-raw-RQMC,3,asset_1,1,False,0.005,0.50% spot,Delta,2.196767263422686
AC-raw-RQMC,3,asset_1,1,False,0.005,0.50% spot,Gamma,-7.224923444145758
AC-raw-RQMC,3,asset_1,1,False,0.01,1.00% spot,Delta,4.015202387033689
AC-raw-RQMC,3,asset_1,1,False,0.01,1.00% spot,Gamma,-7.639868371681132
AC-raw-RQMC,3,asset_2,2,False,0.001,0.10% spot,Delta,7.688685421979429
AC-raw-RQMC,3,asset_2,2,False,0.001,0.10% spot,Gamma,21.96767263422714
AC-raw-RQMC,3,asset_2,2,False,0.0025,0.25% spot,Delta,7.42019164533886
AC-raw-RQMC,3,asset_2,2,False,0.0025,0.25% spot,Gamma,0.0
AC-raw-RQMC,3,asset_2,2,False,0.005,0.50% spot,Delta,7.639868371681132
AC-raw-RQMC,3,asset_2,2,False,0.005,0.50% spot,Gamma,-4.784070929231631
AC-raw-RQMC,3,asset_2,2,False,0.01,1.00% spot,Delta,7.432395907913433
AC-raw-RQMC,3,asset_2,2,False,0.01,1.00% spot,Gamma,-5.150198806468739
AC-raw-RQMC,3,asset_3,3,True,0.001,0.10% spot,Delta,14.401029837993136
AC-raw-RQMC,3,asset_3,3,True,0.001,0.10% spot,Gamma,-9.76341005965651
AC-raw-RQMC,3,asset_3,3,True,0.0025,0.25% spot,Delta,14.059310485905199
AC-raw-RQMC,3,asset_3,3,True,0.0025,0.25% spot,Gamma,-9.37287365727002
AC-raw-RQMC,3,asset_3,3,True,0.005,0.50% spot,Delta,13.30264620628184
AC-raw-RQMC,3,asset_3,3,True,0.005,0.50% spot,Gamma,-6.541484739969774
AC-raw-RQMC,3,asset_3,3,True,0.01,1.00% spot,Delta,12.55818618923304
AC-raw-RQMC,3,asset_3,3,True,0.01,1.00% spot,Gamma,-5.2966499573635835
AC-raw-RQMC,4,asset_1,1,False,0.001,0.10% spot,Delta,1.9526820119312658
AC-raw-RQMC,4,asset_1,1,False,0.001,0.10% spot,Gamma,-7.105427357601002e-13
AC-raw-RQMC,4,asset_1,1,False,0.0025,0.25% spot,Delta,1.464511508948462
AC-raw-RQMC,4,asset_1,1,False,0.0025,0.25% spot,Gamma,-4.686436828635237
AC-raw-RQMC,4,asset_1,1,False,0.005,0.50% spot,Delta,2.3432184143175405
AC-raw-RQMC,4,asset_1,1,False,0.005,0.50% spot,Gamma,-7.224923444145789
AC-raw-RQMC,4,asset_1,1,False,0.01,1.00% spot,Delta,4.112836487630258
AC-raw-RQMC,4,asset_1,1,False,0.01,1.00% spot,Gamma,-7.639868371681139
AC-raw-RQMC,4,asset_2,2,False,0.001,0.10% spot,Delta,7.200514918996603
AC-raw-RQMC,4,asset_2,2,False,0.001,0.10% spot,Gamma,-2.4408525149155476
AC-raw-RQMC,4,asset_2,2,False,0.0025,0.25% spot,Delta,7.908362148321685
AC-raw-RQMC,4,asset_2,2,False,0.0025,0.25% spot,Gamma,-3.1242912190903094
AC-raw-RQMC,4,asset_2,2,False,0.005,0.50% spot,Delta,7.737502472277691
AC-raw-RQMC,4,asset_2,2,False,0.005,0.50% spot,Gamma,-5.17460733161792
AC-raw-RQMC,4,asset_2,2,False,0.01,1.00% spot,Delta,7.395783120189719
AC-raw-RQMC,4,asset_2,2,False,0.01,1.00% spot,Gamma,-5.272241432214456
AC-raw-RQMC,4,asset_3,3,True,0.001,0.10% spot,Delta,12.570390451807578
AC-raw-RQMC,4,asset_3,3,True,0.001,0.10% spot,Gamma,2.440852514913417
AC-raw-RQMC,4,asset_3,3,True,0.0025,0.25% spot,Delta,13.717591133817223
AC-raw-RQMC,4,asset_3,3,True,0.0025,0.25% spot,Gamma,-8.982337254883985
AC-raw-RQMC,4,asset_3,3,True,0.005,0.50% spot,Delta,13.497914407474966
AC-raw-RQMC,4,asset_3,3,True,0.005,0.50% spot,Gamma,-6.736752941162946
AC-raw-RQMC,4,asset_3,3,True,0.01,1.00% spot,Delta,12.545981926658467
AC-raw-RQMC,4,asset_3,3,True,0.01,1.00% spot,Gamma,-5.174607331617898
AC-raw-RQMC,5,asset_1,1,False,0.001,0.10% spot,Delta,1.4645115089484406
AC-raw-RQMC,5,asset_1,1,False,0.001,0.10% spot,Gamma,-19.5268201193123
AC-raw-RQMC,5,asset_1,1,False,0.0025,0.25% spot,Delta,1.7574138107381572
AC-raw-RQMC,5,asset_1,1,False,0.0025,0.25% spot,Gamma,-9.372873657270134
AC-raw-RQMC,5,asset_1,1,False,0.005,0.50% spot,Delta,2.2699928388701167
AC-raw-RQMC,5,asset_1,1,False,0.005,0.50% spot,Gamma,-7.322557544742296
AC-raw-RQMC,5,asset_1,1,False,0.01,1.00% spot,Delta,4.198266325652252
AC-raw-RQMC,5,asset_1,1,False,0.01,1.00% spot,Gamma,-7.859545098023398
AC-raw-RQMC,5,asset_2,2,False,0.001,0.10% spot,Delta,8.298898550707925
AC-raw-RQMC,5,asset_2,2,False,0.001,0.10% spot,Gamma,-14.64511508948405
AC-raw-RQMC,5,asset_2,2,False,0.0025,0.25% spot,Delta,7.566642796233708
AC-raw-RQMC,5,asset_2,2,False,0.0025,0.25% spot,Gamma,-8.201264450111466
AC-raw-RQMC,5,asset_2,2,False,0.005,0.50% spot,Delta,7.615459846531986
AC-raw-RQMC,5,asset_2,2,False,0.005,0.50% spot,Gamma,-5.858046035793833
AC-raw-RQMC,5,asset_2,2,False,0.01,1.00% spot,Delta,7.298149019593155
AC-raw-RQMC,5,asset_2,2,False,0.01,1.00% spot,Gamma,-5.321058482512728
AC-raw-RQMC,5,asset_3,3,True,0.001,0.10% spot,Delta,13.180603580536145
AC-raw-RQMC,5,asset_3,3,True,0.001,0.10% spot,Gamma,4.881705029828255
AC-raw-RQMC,5,asset_3,3,True,0.0025,0.25% spot,Delta,14.059310485905199
AC-raw-RQMC,5,asset_3,3,True,0.0025,0.25% spot,Gamma,-7.029655242952457
AC-raw-RQMC,5,asset_3,3,True,0.005,0.50% spot,Delta,13.278237681132701
AC-raw-RQMC,5,asset_3,3,True,0.005,0.50% spot,Gamma,-5.467509633407558
AC-raw-RQMC,5,asset_3,3,True,0.01,1.00% spot,Delta,12.570390451807604
AC-raw-RQMC,5,asset_3,3,True,0.01,1.00% spot,Gamma,-5.125790281319609
AC-raw-RQMC,6,asset_1,1,False,0.001,0.10% spot,Delta,1.0983836317113214
AC-raw-RQMC,6,asset_1,1,False,0.001,0.10% spot,Gamma,-7.3225575447430895
AC-raw-RQMC,6,asset_1,1,False,0.0025,0.25% spot,Delta,1.562145609545027
AC-raw-RQMC,6,asset_1,1,False,0.0025,0.25% spot,Gamma,-6.248582438180279
AC-raw-RQMC,6,asset_1,1,False,0.005,0.50% spot,Delta,2.3920354646158155
AC-raw-RQMC,6,asset_1,1,False,0.005,0.50% spot,Gamma,-7.2249234441458166
AC-raw-RQMC,6,asset_1,1,False,0.01,1.00% spot,Delta,4.149449275353966
AC-raw-RQMC,6,asset_1,1,False,0.01,1.00% spot,Gamma,-7.713093947128571
AC-raw-RQMC,6,asset_2,2,False,0.001,0.10% spot,Delta,6.590301790268072
AC-raw-RQMC,6,asset_2,2,False,0.001,0.10% spot,Gamma,-9.763410059657927
AC-raw-RQMC,6,asset_2,2,False,0.0025,0.25% spot,Delta,7.810728047725107
AC-raw-RQMC,6,asset_2,2,False,0.0025,0.25% spot,Gamma,-7.029655242952798
AC-raw-RQMC,6,asset_2,2,False,0.005,0.50% spot,Delta,7.493417220786276
AC-raw-RQMC,6,asset_2,2,False,0.005,0.50% spot,Gamma,-5.95568013639044
AC-raw-RQMC,6,asset_2,2,False,0.01,1.00% spot,Delta,7.42019164533886
AC-raw-RQMC,6,asset_2,2,False,0.01,1.00% spot,Gamma,-5.418692583109304
AC-raw-RQMC,6,asset_3,3,True,0.001,0.10% spot,Delta,14.034901960756052
AC-raw-RQMC,6,asset_3,3,True,0.001,0.10% spot,Gamma,-17.0859676043996
AC-raw-RQMC,6,asset_3,3,True,0.0025,0.25% spot,Delta,12.936518329044702
AC-raw-RQMC,6,asset_3,3,True,0.0025,0.25% spot,Gamma,-11.325555669201547
AC-raw-RQMC,6,asset_3,3,True,0.005,0.50% spot,Delta,13.351463256580118
AC-raw-RQMC,6,asset_3,3,True,0.005,0.50% spot,Gamma,-6.932021142356076
AC-raw-RQMC,6,asset_3,3,True,0.01,1.00% spot,Delta,12.680228814978744
AC-raw-RQMC,6,asset_3,3,True,0.01,1.00% spot,Gamma,-5.5407352088550175
AC-raw-RQMC,7,asset_1,1,False,0.001,0.10% spot,Delta,1.708596760439853
AC-raw-RQMC,7,asset_1,1,False,0.001,0.10% spot,Gamma,-4.8817050298289635
AC-raw-RQMC,7,asset_1,1,False,0.0025,0.25% spot,Delta,1.562145609545027
AC-raw-RQMC,7,asset_1,1,False,0.0025,0.25% spot,Gamma,-6.248582438180279
AC-raw-RQMC,7,asset_1,1,False,0.005,0.50% spot,Delta,2.2944013640192575
AC-raw-RQMC,7,asset_1,1,False,0.005,0.50% spot,Gamma,-6.834387041759528
AC-raw-RQMC,7,asset_1,1,False,0.01,1.00% spot,Delta,4.112836487630258
AC-raw-RQMC,7,asset_1,1,False,0.01,1.00% spot,Gamma,-7.639868371681139
AC-raw-RQMC,7,asset_2,2,False,0.001,0.10% spot,Delta,8.054813299216548
AC-raw-RQMC,7,asset_2,2,False,0.001,0.10% spot,Gamma,-34.17193520879919
AC-raw-RQMC,7,asset_2,2,False,0.0025,0.25% spot,Delta,7.90836214832167
AC-raw-RQMC,7,asset_2,2,False,0.0025,0.25% spot,Gamma,-10.15394646204288
AC-raw-RQMC,7,asset_2,2,False,0.005,0.50% spot,Delta,7.542234271084559
AC-raw-RQMC,7,asset_2,2,False,0.005,0.50% spot,Gamma,-7.127289343549221
AC-raw-RQMC,7,asset_2,2,False,0.01,1.00% spot,Delta,7.334761807316866
AC-raw-RQMC,7,asset_2,2,False,0.01,1.00% spot,Gamma,-5.7360034100481405
AC-raw-RQMC,7,asset_3,3,True,0.001,0.10% spot,Delta,13.912859335010346
AC-raw-RQMC,7,asset_3,3,True,0.001,0.10% spot,Gamma,-34.171935208798494
AC-raw-RQMC,7,asset_3,3,True,0.0025,0.25% spot,Delta,13.375871781729273
AC-raw-RQMC,7,asset_3,3,True,0.0025,0.25% spot,Gamma,-6.248582438180391
AC-raw-RQMC,7,asset_3,3,True,0.005,0.50% spot,Delta,13.131786530237854
AC-raw-RQMC,7,asset_3,3,True,0.005,0.50% spot,Gamma,-5.272241432214485
AC-raw-RQMC,7,asset_3,3,True,0.01,1.00% spot,Delta,12.582594714382179
AC-raw-RQMC,7,asset_3,3,True,0.01,1.00% spot,Gamma,-4.8572965046790655
AC-raw-RQMC,8,asset_1,1,False,0.001,0.10% spot,Delta,1.2204262574570635
AC-raw-RQMC,8,asset_1,1,False,0.001,0.10% spot,Gamma,0.0
AC-raw-RQMC,8,asset_1,1,False,0.0025,0.25% spot,Delta,1.7085967604398604
AC-raw-RQMC,8,asset_1,1,False,0.0025,0.25% spot,Gamma,-4.295900426249092
AC-raw-RQMC,8,asset_1,1,False,0.005,0.50% spot,Delta,2.196767263422686
AC-raw-RQMC,8,asset_1,1,False,0.005,0.50% spot,Gamma,-6.443850639373296
AC-raw-RQMC,8,asset_1,1,False,0.01,1.00% spot,Delta,4.234879113375959
AC-raw-RQMC,8,asset_1,1,False,0.01,1.00% spot,Gamma,-7.883953623172557
AC-raw-RQMC,8,asset_2,2,False,0.001,0.10% spot,Delta,7.200514918996603
AC-raw-RQMC,8,asset_2,2,False,0.001,0.10% spot,Gamma,-21.967672634228563
AC-raw-RQMC,8,asset_2,2,False,0.0025,0.25% spot,Delta,7.273740494444013
AC-raw-RQMC,8,asset_2,2,False,0.0025,0.25% spot,Gamma,-9.763410059656733
AC-raw-RQMC,8,asset_2,2,False,0.005,0.50% spot,Delta,7.615459846531986
AC-raw-RQMC,8,asset_2,2,False,0.005,0.50% spot,Gamma,-5.66277783460076
AC-raw-RQMC,8,asset_2,2,False,0.01,1.00% spot,Delta,7.2371277067203055
AC-raw-RQMC,8,asset_2,2,False,0.01,1.00% spot,Gamma,-5.443101108258452
AC-raw-RQMC,8,asset_3,3,True,0.001,0.10% spot,Delta,13.5467314577733
AC-raw-RQMC,8,asset_3,3,True,0.001,0.10% spot,Gamma,-2.440852514914838
AC-raw-RQMC,8,asset_3,3,True,0.0025,0.25% spot,Delta,13.815225234413816
AC-raw-RQMC,8,asset_3,3,True,0.0025,0.25% spot,Gamma,-5.0769732310216105
AC-raw-RQMC,8,asset_3,3,True,0.005,0.50% spot,Delta,13.546731457773253
AC-raw-RQMC,8,asset_3,3,True,0.005,0.50% spot,Gamma,-5.76041193519731
AC-raw-RQMC,8,asset_3,3,True,0.01,1.00% spot,Delta,12.607003239531322
AC-raw-RQMC,8,asset_3,3,True,0.01,1.00% spot,Gamma,-5.247832907065315
AC-raw-RQMC,9,asset_1,1,False,0.001,0.10% spot,Delta,1.7085967604398886
AC-raw-RQMC,9,asset_1,1,False,0.001,0.10% spot,Gamma,-9.763410059656508
AC-raw-RQMC,9,asset_1,1,False,0.0025,0.25% spot,Delta,1.7085967604398746
AC-raw-RQMC,9,asset_1,1,False,0.0025,0.25% spot,Gamma,-6.63911884056654
AC-raw-RQMC,9,asset_1,1,False,0.005,0.50% spot,Delta,2.2455843137209754
AC-raw-RQMC,9,asset_1,1,False,0.005,0.50% spot,Gamma,-6.834387041759528
AC-raw-RQMC,9,asset_1,1,False,0.01,1.00% spot,Delta,4.222674850801392
AC-raw-RQMC,9,asset_1,1,False,0.01,1.00% spot,Gamma,-7.908362148321691
AC-raw-RQMC,9,asset_2,2,False,0.001,0.10% spot,Delta,7.932770673470841
AC-raw-RQMC,9,asset_2,2,False,0.001,0.10% spot,Gamma,12.20426257456921
AC-raw-RQMC,9,asset_2,2,False,0.0025,0.25% spot,Delta,7.761910997426837
AC-raw-RQMC,9,asset_2,2,False,0.0025,0.25% spot,Gamma,-1.9526820119315287
AC-raw-RQMC,9,asset_2,2,False,0.005,0.50% spot,Delta,7.395783120189716
AC-raw-RQMC,9,asset_2,2,False,0.005,0.50% spot,Gamma,-4.979339130424805
AC-raw-RQMC,9,asset_2,2,False,0.01,1.00% spot,Delta,7.566642796233708
AC-raw-RQMC,9,asset_2,2,False,0.01,1.00% spot,Gamma,-5.3698755328110215
AC-raw-RQMC,9,asset_3,3,True,0.001,0.10% spot,Delta,14.889200340975997
AC-raw-RQMC,9,asset_3,3,True,0.001,0.10% spot,Gamma,-9.763410059657218
AC-raw-RQMC,9,asset_3,3,True,0.0025,0.25% spot,Delta,14.059310485905199
AC-raw-RQMC,9,asset_3,3,True,0.0025,0.25% spot,Gamma,-6.248582438180164
AC-raw-RQMC,9,asset_3,3,True,0.005,0.50% spot,Delta,13.375871781729261
AC-raw-RQMC,9,asset_3,3,True,0.005,0.50% spot,Gamma,-5.858046035793861
AC-raw-RQMC,9,asset_3,3,True,0.01,1.00% spot,Delta,12.631411764680456
AC-raw-RQMC,9,asset_3,3,True,0.01,1.00% spot,Gamma,-5.052564705872199
AC-raw-RQMC,10,asset_1,1,False,0.001,0.10% spot,Delta,1.708596760439853
AC-raw-RQMC,10,asset_1,1,False,0.001,0.10% spot,Gamma,7.105427357601002e-13
AC-raw-RQMC,10,asset_1,1,False,0.0025,0.25% spot,Delta,1.7085967604398746
AC-raw-RQMC,10,asset_1,1,False,0.0025,0.25% spot,Gamma,-7.420191645338833
AC-raw-RQMC,10,asset_1,1,False,0.005,0.50% spot,Delta,2.465261040063247
AC-raw-RQMC,10,asset_1,1,False,0.005,0.50% spot,Gamma,-7.908362148321685
AC-raw-RQMC,10,asset_1,1,False,0.01,1.00% spot,Delta,4.2592876385251035
AC-raw-RQMC,10,asset_1,1,False,0.01,1.00% spot,Gamma,-8.030404774067382
AC-raw-RQMC,10,asset_2,2,False,0.001,0.10% spot,Delta,8.909111679436455
AC-raw-RQMC,10,asset_2,2,False,0.001,0.10% spot,Gamma,-26.849377664054682
AC-raw-RQMC,10,asset_2,2,False,0.0025,0.25% spot,Delta,7.761910997426809
AC-raw-RQMC,10,asset_2,2,False,0.0025,0.25% spot,Gamma,-11.325555669201318
AC-raw-RQMC,10,asset_2,2,False,0.005,0.50% spot,Delta,7.883953623172537
AC-raw-RQMC,10,asset_2,2,False,0.005,0.50% spot,Gamma,-7.517825745935424
AC-raw-RQMC,10,asset_2,2,False,0.01,1.00% spot,Delta,7.310353282167727
AC-raw-RQMC,10,asset_2,2,False,0.01,1.00% spot,Gamma,-5.540735208854999
AC-raw-RQMC,10,asset_3,3,True,0.001,0.10% spot,Delta,12.81447570329899
AC-raw-RQMC,10,asset_3,3,True,0.001,0.10% spot,Gamma,-7.322557544741671
AC-raw-RQMC,10,asset_3,3,True,0.0025,0.25% spot,Delta,13.229420630834426
AC-raw-RQMC,10,asset_3,3,True,0.0025,0.25% spot,Gamma,-4.2959004262488625
AC-raw-RQMC,10,asset_3,3,True,0.005,0.50% spot,Delta,13.668774083518962
AC-raw-RQMC,10,asset_3,3,True,0.005,0.50% spot,Gamma,-5.467509633407558
AC-raw-RQMC,10,asset_3,3,True,0.01,1.00% spot,Delta,12.509369138934751
AC-raw-RQMC,10,asset_3,3,True,0.01,1.00% spot,Gamma,-4.808479454380776
AC-raw-RQMC,11,asset_1,1,False,0.001,0.10% spot,Delta,1.464511508948476
AC-raw-RQMC,11,asset_1,1,False,0.001,0.10% spot,Gamma,4.881705029828254
AC-raw-RQMC,11,asset_1,1,False,0.0025,0.25% spot,Delta,1.4156944586501936
AC-raw-RQMC,11,asset_1,1,False,0.0025,0.25% spot,Gamma,-2.733754816703822
AC-raw-RQMC,11,asset_1,1,False,0.005,0.50% spot,Delta,2.269992838870124
AC-raw-RQMC,11,asset_1,1,False,0.005,0.50% spot,Gamma,-6.541484739969804
AC-raw-RQMC,11,asset_1,1,False,0.01,1.00% spot,Delta,3.990793861884555
AC-raw-RQMC,11,asset_1,1,False,0.01,1.00% spot,Gamma,-7.346966069891437
AC-raw-RQMC,11,asset_2,2,False,0.001,0.10% spot,Delta,6.712344416013742
AC-raw-RQMC,11,asset_2,2,False,0.001,0.10% spot,Gamma,-21.96767263422785
AC-raw-RQMC,11,asset_2,2,False,0.0025,0.25% spot,Delta,7.322557544742324
AC-raw-RQMC,11,asset_2,2,False,0.0025,0.25% spot,Gamma,-7.810728047725205
AC-raw-RQMC,11,asset_2,2,False,0.005,0.50% spot,Delta,7.493417220786276
AC-raw-RQMC,11,asset_2,2,False,0.005,0.50% spot,Gamma,-4.3935345268454
AC-raw-RQMC,11,asset_2,2,False,0.01,1.00% spot,Delta,7.298149019593155
AC-raw-RQMC,11,asset_2,2,False,0.01,1.00% spot,Gamma,-4.8817050298282
AC-raw-RQMC,11,asset_3,3,True,0.001,0.10% spot,Delta,12.448347826061907
AC-raw-RQMC,11,asset_3,3,True,0.001,0.10% spot,Gamma,34.17193520879778
AC-raw-RQMC,11,asset_3,3,True,0.0025,0.25% spot,Delta,13.22942063083441
AC-raw-RQMC,11,asset_3,3,True,0.0025,0.25% spot,Gamma,7.420191645338832
AC-raw-RQMC,11,asset_3,3,True,0.005,0.50% spot,Delta,13.424688832027549
AC-raw-RQMC,11,asset_3,3,True,0.005,0.50% spot,Gamma,-5.076973231021355
AC-raw-RQMC,11,asset_3,3,True,0.01,1.00% spot,Delta,12.472756351211045
AC-raw-RQMC,11,asset_3,3,True,0.01,1.00% spot,Gamma,-4.637619778336783
AC-raw-RQMC,12,asset_1,1,False,0.001,0.10% spot,Delta,1.4645115089484406
AC-raw-RQMC,12,asset_1,1,False,0.001,0.10% spot,Gamma,-9.763410059657218
AC-raw-RQMC,12,asset_1,1,False,0.0025,0.25% spot,Delta,1.659779710141592
AC-raw-RQMC,12,asset_1,1,False,0.0025,0.25% spot,Gamma,-7.029655242952799
AC-raw-RQMC,12,asset_1,1,False,0.005,0.50% spot,Delta,2.099133162826128
AC-raw-RQMC,12,asset_1,1,False,0.005,0.50% spot,Gamma,-6.2485824381801365
AC-raw-RQMC,12,asset_1,1,False,0.01,1.00% spot,Delta,4.173857800503109
AC-raw-RQMC,12,asset_1,1,False,0.01,1.00% spot,Gamma,-7.810728047725125
AC-raw-RQMC,12,asset_2,2,False,0.001,0.10% spot,Delta,7.810728047725135
AC-raw-RQMC,12,asset_2,2,False,0.001,0.10% spot,Gamma,-9.763410059657927
AC-raw-RQMC,12,asset_2,2,False,0.0025,0.25% spot,Delta,7.127289343549164
AC-raw-RQMC,12,asset_2,2,False,0.0025,0.25% spot,Gamma,-7.029655242952685
AC-raw-RQMC,12,asset_2,2,False,0.005,0.50% spot,Delta,7.7375024722776935
AC-raw-RQMC,12,asset_2,2,False,0.005,0.50% spot,Gamma,-4.393534526845413
AC-raw-RQMC,12,asset_2,2,False,0.01,1.00% spot,Delta,7.3225575447422955
AC-raw-RQMC,12,asset_2,2,False,0.01,1.00% spot,Gamma,-5.076973231021331
AC-raw-RQMC,12,asset_3,3,True,0.001,0.10% spot,Delta,12.692433077553282
AC-raw-RQMC,12,asset_3,3,True,0.001,0.10% spot,Gamma,-4.881705029828964
AC-raw-RQMC,12,asset_3,3,True,0.0025,0.25% spot,Delta,13.424688832027542
AC-raw-RQMC,12,asset_3,3,True,0.0025,0.25% spot,Gamma,-1.9526820119314148
AC-raw-RQMC,12,asset_3,3,True,0.005,0.50% spot,Delta,13.278237681132701
AC-raw-RQMC,12,asset_3,3,True,0.005,0.50% spot,Gamma,-4.491168627441964
AC-raw-RQMC,12,asset_3,3,True,0.01,1.00% spot,Delta,12.643616027255028
AC-raw-RQMC,12,asset_3,3,True,0.01,1.00% spot,Gamma,-4.784070929231644
AC-raw-RQMC,13,asset_1,1,False,0.001,0.10% spot,Delta,1.7085967604398176
AC-raw-RQMC,13,asset_1,1,False,0.001,0.10% spot,Gamma,-14.645115089483342
AC-raw-RQMC,13,asset_1,1,False,0.0025,0.25% spot,Delta,1.5133285592467303
AC-raw-RQMC,13,asset_1,1,False,0.0025,0.25% spot,Gamma,-7.4201916453387184
AC-raw-RQMC,13,asset_1,1,False,0.005,0.50% spot,Delta,2.416443989764957
AC-raw-RQMC,13,asset_1,1,False,0.005,0.50% spot,Gamma,-7.9083621483216575
AC-raw-RQMC,13,asset_1,1,False,0.01,1.00% spot,Delta,4.161653537928537
AC-raw-RQMC,13,asset_1,1,False,0.01,1.00% spot,Gamma,-7.8839536231725305
AC-raw-RQMC,13,asset_2,2,False,0.001,0.10% spot,Delta,7.566642796233723
AC-raw-RQMC,13,asset_2,2,False,0.001,0.10% spot,Gamma,-39.0536402386246
AC-raw-RQMC,13,asset_2,2,False,0.0025,0.25% spot,Delta,7.615459846531961
AC-raw-RQMC,13,asset_2,2,False,0.0025,0.25% spot,Gamma,-14.059310485904915
AC-raw-RQMC,13,asset_2,2,False,0.005,0.50% spot,Delta,7.6886854219794065
AC-raw-RQMC,13,asset_2,2,False,0.005,0.50% spot,Gamma,-6.736752941162846
AC-raw-RQMC,13,asset_2,2,False,0.01,1.00% spot,Delta,7.432395907913433
AC-raw-RQMC,13,asset_2,2,False,0.01,1.00% spot,Gamma,-5.5407352088549855
AC-raw-RQMC,13,asset_3,3,True,0.001,0.10% spot,Delta,12.692433077553282
AC-raw-RQMC,13,asset_3,3,True,0.001,0.10% spot,Gamma,-4.881705029826122
AC-raw-RQMC,13,asset_3,3,True,0.0025,0.25% spot,Delta,14.108127536203497
AC-raw-RQMC,13,asset_3,3,True,0.0025,0.25% spot,Gamma,-3.514827621476001
AC-raw-RQMC,13,asset_3,3,True,0.005,0.50% spot,Delta,13.44909735717669
AC-raw-RQMC,13,asset_3,3,True,0.005,0.50% spot,Gamma,-5.5651437340040655
AC-raw-RQMC,13,asset_3,3,True,0.01,1.00% spot,Delta,12.704637340127881
AC-raw-RQMC,13,asset_3,3,True,0.01,1.00% spot,Gamma,-5.150198806468736
AC-raw-RQMC,14,asset_1,1,False,0.001,0.10% spot,Delta,1.7085967604398886
AC-raw-RQMC,14,asset_1,1,False,0.001,0.10% spot,Gamma,-14.645115089484761
AC-raw-RQMC,14,asset_1,1,False,0.0025,0.25% spot,Delta,1.659779710141592
AC-raw-RQMC,14,asset_1,1,False,0.0025,0.25% spot,Gamma,-7.029655242952799
AC-raw-RQMC,14,asset_1,1,False,0.005,0.50% spot,Delta,2.1479502131244104
AC-raw-RQMC,14,asset_1,1,False,0.005,0.50% spot,Gamma,-6.639118840566397
AC-raw-RQMC,14,asset_1,1,False,0.01,1.00% spot,Delta,4.1250407502048265
AC-raw-RQMC,14,asset_1,1,False,0.01,1.00% spot,Gamma,-7.71309394712856
AC-raw-RQMC,14,asset_2,2,False,0.001,0.10% spot,Delta,7.078472293250897
AC-raw-RQMC,14,asset_2,2,False,0.001,0.10% spot,Gamma,-9.763410059657927
AC-raw-RQMC,14,asset_2,2,False,0.0025,0.25% spot,Delta,7.664276896830272
AC-raw-RQMC,14,asset_2,2,False,0.0025,0.25% spot,Gamma,-4.295900426249091
AC-raw-RQMC,14,asset_2,2,False,0.005,0.50% spot,Delta,7.517825745935418
AC-raw-RQMC,14,asset_2,2,False,0.005,0.50% spot,Gamma,-5.272241432214485
AC-raw-RQMC,14,asset_2,2,False,0.01,1.00% spot,Delta,7.298149019593155
AC-raw-RQMC,14,asset_2,2,False,0.01,1.00% spot,Gamma,-4.930522080126483
AC-raw-RQMC,14,asset_3,3,True,0.001,0.10% spot,Delta,14.034901960756052
AC-raw-RQMC,14,asset_3,3,True,0.001,0.10% spot,Gamma,26.849377664054686
AC-raw-RQMC,14,asset_3,3,True,0.0025,0.25% spot,Delta,13.082969479939564
AC-raw-RQMC,14,asset_3,3,True,0.0025,0.25% spot,Gamma,-2.343218414317675
AC-raw-RQMC,14,asset_3,3,True,0.005,0.50% spot,Delta,13.278237681132701
AC-raw-RQMC,14,asset_3,3,True,0.005,0.50% spot,Gamma,-5.076973231021355
AC-raw-RQMC,14,asset_3,3,True,0.01,1.00% spot,Delta,12.582594714382177
AC-raw-RQMC,14,asset_3,3,True,0.01,1.00% spot,Gamma,-4.9061135549773445
AC-raw-RQMC,15,asset_1,1,False,0.001,0.10% spot,Delta,1.708596760439853
AC-raw-RQMC,15,asset_1,1,False,0.001,0.10% spot,Gamma,-14.645115089484051
AC-raw-RQMC,15,asset_1,1,False,0.0025,0.25% spot,Delta,1.659779710141592
AC-raw-RQMC,15,asset_1,1,False,0.0025,0.25% spot,Gamma,-8.591800852497613
AC-raw-RQMC,15,asset_1,1,False,0.005,0.50% spot,Delta,2.269992838870109
AC-raw-RQMC,15,asset_1,1,False,0.005,0.50% spot,Gamma,-7.322557544742267
AC-raw-RQMC,15,asset_1,1,False,0.01,1.00% spot,Delta,4.137245012779399
AC-raw-RQMC,15,asset_1,1,False,0.01,1.00% spot,Gamma,-7.786319522575973
AC-raw-RQMC,15,asset_2,2,False,0.001,0.10% spot,Delta,7.932770673470841
AC-raw-RQMC,15,asset_2,2,False,0.001,0.10% spot,Gamma,-7.32255754474238
AC-raw-RQMC,15,asset_2,2,False,0.0025,0.25% spot,Delta,7.713093947128542
AC-raw-RQMC,15,asset_2,2,False,0.0025,0.25% spot,Gamma,-3.905364023862489
AC-raw-RQMC,15,asset_2,2,False,0.005,0.50% spot,Delta,7.615459846531986
AC-raw-RQMC,15,asset_2,2,False,0.005,0.50% spot,Gamma,-5.467509633407572
AC-raw-RQMC,15,asset_2,2,False,0.01,1.00% spot,Delta,7.530030008509996
AC-raw-RQMC,15,asset_2,2,False,0.01,1.00% spot,Gamma,-5.2966499573635835
AC-raw-RQMC,15,asset_3,3,True,0.001,0.10% spot,Delta,13.91285933501031
AC-raw-RQMC,15,asset_3,3,True,0.001,0.10% spot,Gamma,14.645115089484761
AC-raw-RQMC,15,asset_3,3,True,0.0025,0.25% spot,Delta,13.522322932624107
AC-raw-RQMC,15,asset_3,3,True,0.0025,0.25% spot,Gamma,-1.171609207158667
AC-raw-RQMC,15,asset_3,3,True,0.005,0.50% spot,Delta,13.449097357176687
AC-raw-RQMC,15,asset_3,3,True,0.005,0.50% spot,Gamma,-5.369875532810979
AC-raw-RQMC,15,asset_3,3,True,0.01,1.00% spot,Delta,12.643616027255035
AC-raw-RQMC,15,asset_3,3,True,0.01,1.00% spot,Gamma,-5.22342438191616
AC-Smooth-RQMC,0,asset_1,1,False,0.001,0.10% spot,Delta,1.4699884246916637
AC-Smooth-RQMC,0,asset_1,1,False,0.001,0.10% spot,Gamma,-6.363466200706114
AC-Smooth-RQMC,0,asset_1,1,False,0.0025,0.25% spot,Delta,1.660394109295865
AC-Smooth-RQMC,0,asset_1,1,False,0.0025,0.25% spot,Gamma,-6.576570875264338
AC-Smooth-RQMC,0,asset_1,1,False,0.005,0.50% spot,Delta,2.285067980142578
AC-Smooth-RQMC,0,asset_1,1,False,0.005,0.50% spot,Gamma,-7.038414556409833
AC-Smooth-RQMC,0,asset_1,1,False,0.01,1.00% spot,Delta,4.1482664339755715
AC-Smooth-RQMC,0,asset_1,1,False,0.01,1.00% spot,Gamma,-7.748459180524193
AC-Smooth-RQMC,0,asset_2,2,False,0.001,0.10% spot,Delta,7.698771381822027
AC-Smooth-RQMC,0,asset_2,2,False,0.001,0.10% spot,Gamma,-5.969509930757509
AC-Smooth-RQMC,0,asset_2,2,False,0.0025,0.25% spot,Delta,7.680838946662987
AC-Smooth-RQMC,0,asset_2,2,False,0.0025,0.25% spot,Gamma,-5.881621747894086
AC-Smooth-RQMC,0,asset_2,2,False,0.005,0.50% spot,Delta,7.616363443060172
AC-Smooth-RQMC,0,asset_2,2,False,0.005,0.50% spot,Gamma,-5.7546960559413645
AC-Smooth-RQMC,0,asset_2,2,False,0.01,1.00% spot,Delta,7.405798423527175
AC-Smooth-RQMC,0,asset_2,2,False,0.01,1.00% spot,Gamma,-5.308036452386975
AC-Smooth-RQMC,0,asset_3,3,True,0.001,0.10% spot,Delta,13.678919918366361
AC-Smooth-RQMC,0,asset_3,3,True,0.001,0.10% spot,Gamma,-6.097125052194485
AC-Smooth-RQMC,0,asset_3,3,True,0.0025,0.25% spot,Delta,13.61317874562856
AC-Smooth-RQMC,0,asset_3,3,True,0.0025,0.25% spot,Gamma,-5.951090003465309
AC-Smooth-RQMC,0,asset_3,3,True,0.005,0.50% spot,Delta,13.398470610999045
AC-Smooth-RQMC,0,asset_3,3,True,0.005,0.50% spot,Gamma,-5.785972204592752
AC-Smooth-RQMC,0,asset_3,3,True,0.01,1.00% spot,Delta,12.605439713229948
AC-Smooth-RQMC,0,asset_3,3,True,0.01,1.00% spot,Gamma,-5.228187061224317
AC-Smooth-RQMC,1,asset_1,1,False,0.001,0.10% spot,Delta,1.4791704586538754
AC-Smooth-RQMC,1,asset_1,1,False,0.001,0.10% spot,Gamma,-6.413670758823996
AC-Smooth-RQMC,1,asset_1,1,False,0.0025,0.25% spot,Delta,1.6621612105710994
AC-Smooth-RQMC,1,asset_1,1,False,0.0025,0.25% spot,Gamma,-6.580248206958232
AC-Smooth-RQMC,1,asset_1,1,False,0.005,0.50% spot,Delta,2.2850238581548155
AC-Smooth-RQMC,1,asset_1,1,False,0.005,0.50% spot,Gamma,-7.0449020602378605
AC-Smooth-RQMC,1,asset_1,1,False,0.01,1.00% spot,Delta,4.1469549248151605
AC-Smooth-RQMC,1,asset_1,1,False,0.01,1.00% spot,Gamma,-7.750580093446782
AC-Smooth-RQMC,1,asset_2,2,False,0.001,0.10% spot,Delta,7.698739413278125
AC-Smooth-RQMC,1,asset_2,2,False,0.001,0.10% spot,Gamma,-5.740407553752645
AC-Smooth-RQMC,1,asset_2,2,False,0.0025,0.25% spot,Delta,7.678422820166375
AC-Smooth-RQMC,1,asset_2,2,False,0.0025,0.25% spot,Gamma,-5.861247559482649
AC-Smooth-RQMC,1,asset_2,2,False,0.005,0.50% spot,Delta,7.616352708667477
AC-Smooth-RQMC,1,asset_2,2,False,0.005,0.50% spot,Gamma,-5.740112855769779
AC-Smooth-RQMC,1,asset_2,2,False,0.01,1.00% spot,Delta,7.404598165403118
AC-Smooth-RQMC,1,asset_2,2,False,0.01,1.00% spot,Gamma,-5.306409738908761
AC-Smooth-RQMC,1,asset_3,3,True,0.001,0.10% spot,Delta,13.672210213795283
AC-Smooth-RQMC,1,asset_3,3,True,0.001,0.10% spot,Gamma,-5.719878276705971
AC-Smooth-RQMC,1,asset_3,3,True,0.0025,0.25% spot,Delta,13.615689850328904
AC-Smooth-RQMC,1,asset_3,3,True,0.0025,0.25% spot,Gamma,-5.906724202289409
AC-Smooth-RQMC,1,asset_3,3,True,0.005,0.50% spot,Delta,13.399256573584822
AC-Smooth-RQMC,1,asset_3,3,True,0.005,0.50% spot,Gamma,-5.774659142608299
AC-Smooth-RQMC,1,asset_3,3,True,0.01,1.00% spot,Delta,12.604962846700127
AC-Smooth-RQMC,1,asset_3,3,True,0.01,1.00% spot,Gamma,-5.22538063231743
AC-Smooth-RQMC,2,asset_1,1,False,0.001,0.10% spot,Delta,1.472153211358069
AC-Smooth-RQMC,2,asset_1,1,False,0.001,0.10% spot,Gamma,-6.33279807655569
AC-Smooth-RQMC,2,asset_1,1,False,0.0025,0.25% spot,Delta,1.6601965982528668
AC-Smooth-RQMC,2,asset_1,1,False,0.0025,0.25% spot,Gamma,-6.566530978431275
AC-Smooth-RQMC,2,asset_1,1,False,0.005,0.50% spot,Delta,2.284758016694596
AC-Smooth-RQMC,2,asset_1,1,False,0.005,0.50% spot,Gamma,-7.039538735472945
AC-Smooth-RQMC,2,asset_1,1,False,0.01,1.00% spot,Delta,4.1478377031766165
AC-Smooth-RQMC,2,asset_1,1,False,0.01,1.00% spot,Gamma,-7.746416872593948
AC-Smooth-RQMC,2,asset_2,2,False,0.001,0.10% spot,Delta,7.690421946897566
AC-Smooth-RQMC,2,asset_2,2,False,0.001,0.10% spot,Gamma,-5.623397181154387
AC-Smooth-RQMC,2,asset_2,2,False,0.0025,0.25% spot,Delta,7.675568563832427
AC-Smooth-RQMC,2,asset_2,2,False,0.0025,0.25% spot,Gamma,-5.825430268190757
AC-Smooth-RQMC,2,asset_2,2,False,0.005,0.50% spot,Delta,7.617352768761037
AC-Smooth-RQMC,2,asset_2,2,False,0.005,0.50% spot,Gamma,-5.7301814857454465
AC-Smooth-RQMC,2,asset_2,2,False,0.01,1.00% spot,Delta,7.40304243447456
AC-Smooth-RQMC,2,asset_2,2,False,0.01,1.00% spot,Gamma,-5.3039380408543115
AC-Smooth-RQMC,2,asset_3,3,True,0.001,0.10% spot,Delta,13.682612928629467
AC-Smooth-RQMC,2,asset_3,3,True,0.001,0.10% spot,Gamma,-5.7258106766809655
AC-Smooth-RQMC,2,asset_3,3,True,0.0025,0.25% spot,Delta,13.619486576239495
AC-Smooth-RQMC,2,asset_3,3,True,0.0025,0.25% spot,Gamma,-5.901891787258818
AC-Smooth-RQMC,2,asset_3,3,True,0.005,0.50% spot,Delta,13.39835596156965
AC-Smooth-RQMC,2,asset_3,3,True,0.005,0.50% spot,Gamma,-5.770394891935665
AC-Smooth-RQMC,2,asset_3,3,True,0.01,1.00% spot,Delta,12.606805687761796
AC-Smooth-RQMC,2,asset_3,3,True,0.01,1.00% spot,Gamma,-5.227591299019969
AC-Smooth-RQMC,3,asset_1,1,False,0.001,0.10% spot,Delta,1.472575164325107
AC-Smooth-RQMC,3,asset_1,1,False,0.001,0.10% spot,Gamma,-6.3837963097441275
AC-Smooth-RQMC,3,asset_1,1,False,0.0025,0.25% spot,Delta,1.6594830846365767
AC-Smooth-RQMC,3,asset_1,1,False,0.0025,0.25% spot,Gamma,-6.569722285260242
AC-Smooth-RQMC,3,asset_1,1,False,0.005,0.50% spot,Delta,2.283837988234936
AC-Smooth-RQMC,3,asset_1,1,False,0.005,0.50% spot,Gamma,-7.038215390696735
AC-Smooth-RQMC,3,asset_1,1,False,0.01,1.00% spot,Delta,4.147194704991675
AC-Smooth-RQMC,3,asset_1,1,False,0.01,1.00% spot,Gamma,-7.74807880140892
AC-Smooth-RQMC,3,asset_2,2,False,0.001,0.10% spot,Delta,7.70510275588979
AC-Smooth-RQMC,3,asset_2,2,False,0.001,0.10% spot,Gamma,-5.918851366129018
AC-Smooth-RQMC,3,asset_2,2,False,0.0025,0.25% spot,Delta,7.687101743756557
AC-Smooth-RQMC,3,asset_2,2,False,0.0025,0.25% spot,Gamma,-5.842898229751426
AC-Smooth-RQMC,3,asset_2,2,False,0.005,0.50% spot,Delta,7.619636346577631
AC-Smooth-RQMC,3,asset_2,2,False,0.005,0.50% spot,Gamma,-5.758107591996107
AC-Smooth-RQMC,3,asset_2,2,False,0.01,1.00% spot,Delta,7.403296287814778
AC-Smooth-RQMC,3,asset_2,2,False,0.01,1.00% spot,Gamma,-5.310538566819466
AC-Smooth-RQMC,3,asset_3,3,True,0.001,0.10% spot,Delta,13.670751189233954
AC-Smooth-RQMC,3,asset_3,3,True,0.001,0.10% spot,Gamma,-6.1435772236905
AC-Smooth-RQMC,3,asset_3,3,True,0.0025,0.25% spot,Delta,13.61183121825647
AC-Smooth-RQMC,3,asset_3,3,True,0.0025,0.25% spot,Gamma,-5.951646182610829
AC-Smooth-RQMC,3,asset_3,3,True,0.005,0.50% spot,Delta,13.398205307085558
AC-Smooth-RQMC,3,asset_3,3,True,0.005,0.50% spot,Gamma,-5.79863971710334
AC-Smooth-RQMC,3,asset_3,3,True,0.01,1.00% spot,Delta,12.605948729226812
AC-Smooth-RQMC,3,asset_3,3,True,0.01,1.00% spot,Gamma,-5.231344395432436
AC-Smooth-RQMC,4,asset_1,1,False,0.001,0.10% spot,Delta,1.4797436690918884
AC-Smooth-RQMC,4,asset_1,1,False,0.001,0.10% spot,Gamma,-6.5107860360782865
AC-Smooth-RQMC,4,asset_1,1,False,0.0025,0.25% spot,Delta,1.663520380031926
AC-Smooth-RQMC,4,asset_1,1,False,0.0025,0.25% spot,Gamma,-6.586179809541023
AC-Smooth-RQMC,4,asset_1,1,False,0.005,0.50% spot,Delta,2.2855568663763606
AC-Smooth-RQMC,4,asset_1,1,False,0.005,0.50% spot,Gamma,-7.038601429670649
AC-Smooth-RQMC,4,asset_1,1,False,0.01,1.00% spot,Delta,4.148481299153531
AC-Smooth-RQMC,4,asset_1,1,False,0.01,1.00% spot,Gamma,-7.749180654036053
AC-Smooth-RQMC,4,asset_2,2,False,0.001,0.10% spot,Delta,7.6970252170355025
AC-Smooth-RQMC,4,asset_2,2,False,0.001,0.10% spot,Gamma,-6.006147286288409
AC-Smooth-RQMC,4,asset_2,2,False,0.0025,0.25% spot,Delta,7.6801171279342375
AC-Smooth-RQMC,4,asset_2,2,False,0.0025,0.25% spot,Gamma,-5.856622502074287
AC-Smooth-RQMC,4,asset_2,2,False,0.005,0.50% spot,Delta,7.617589137336739
AC-Smooth-RQMC,4,asset_2,2,False,0.005,0.50% spot,Gamma,-5.748462800864458
AC-Smooth-RQMC,4,asset_2,2,False,0.01,1.00% spot,Delta,7.403560708680912
AC-Smooth-RQMC,4,asset_2,2,False,0.01,1.00% spot,Gamma,-5.305694444017202
AC-Smooth-RQMC,4,asset_3,3,True,0.001,0.10% spot,Delta,13.675674800473914
AC-Smooth-RQMC,4,asset_3,3,True,0.001,0.10% spot,Gamma,-6.049233482421812
AC-Smooth-RQMC,4,asset_3,3,True,0.0025,0.25% spot,Delta,13.614577465723485
AC-Smooth-RQMC,4,asset_3,3,True,0.0025,0.25% spot,Gamma,-5.922876331399605
AC-Smooth-RQMC,4,asset_3,3,True,0.005,0.50% spot,Delta,13.402916875832814
AC-Smooth-RQMC,4,asset_3,3,True,0.005,0.50% spot,Gamma,-5.7786380073544015
AC-Smooth-RQMC,4,asset_3,3,True,0.01,1.00% spot,Delta,12.606224517968881
AC-Smooth-RQMC,4,asset_3,3,True,0.01,1.00% spot,Gamma,-5.22615178496602
AC-Smooth-RQMC,5,asset_1,1,False,0.001,0.10% spot,Delta,1.4712178466136194
AC-Smooth-RQMC,5,asset_1,1,False,0.001,0.10% spot,Gamma,-6.43921896845896
AC-Smooth-RQMC,5,asset_1,1,False,0.0025,0.25% spot,Delta,1.6609931254995445
AC-Smooth-RQMC,5,asset_1,1,False,0.0025,0.25% spot,Gamma,-6.588134886691705
AC-Smooth-RQMC,5,asset_1,1,False,0.005,0.50% spot,Delta,2.2859862243518947
AC-Smooth-RQMC,5,asset_1,1,False,0.005,0.50% spot,Gamma,-7.039932296210026
AC-Smooth-RQMC,5,asset_1,1,False,0.01,1.00% spot,Delta,4.1479533621818945
AC-Smooth-RQMC,5,asset_1,1,False,0.01,1.00% spot,Gamma,-7.749121909736105
AC-Smooth-RQMC,5,asset_2,2,False,0.001,0.10% spot,Delta,7.699696585618731
AC-Smooth-RQMC,5,asset_2,2,False,0.001,0.10% spot,Gamma,-6.049218689968682
AC-Smooth-RQMC,5,asset_2,2,False,0.0025,0.25% spot,Delta,7.68247732365242
AC-Smooth-RQMC,5,asset_2,2,False,0.0025,0.25% spot,Gamma,-5.863875359218581
AC-Smooth-RQMC,5,asset_2,2,False,0.005,0.50% spot,Delta,7.619673805291675
AC-Smooth-RQMC,5,asset_2,2,False,0.005,0.50% spot,Gamma,-5.739341091226294
AC-Smooth-RQMC,5,asset_2,2,False,0.01,1.00% spot,Delta,7.405201733687785
AC-Smooth-RQMC,5,asset_2,2,False,0.01,1.00% spot,Gamma,-5.307314592549467
AC-Smooth-RQMC,5,asset_3,3,True,0.001,0.10% spot,Delta,13.67919507088903
AC-Smooth-RQMC,5,asset_3,3,True,0.001,0.10% spot,Gamma,-6.027888513184365
AC-Smooth-RQMC,5,asset_3,3,True,0.0025,0.25% spot,Delta,13.613204912634897
AC-Smooth-RQMC,5,asset_3,3,True,0.0025,0.25% spot,Gamma,-5.906591181756084
AC-Smooth-RQMC,5,asset_3,3,True,0.005,0.50% spot,Delta,13.398242767227536
AC-Smooth-RQMC,5,asset_3,3,True,0.005,0.50% spot,Gamma,-5.772467896779317
AC-Smooth-RQMC,5,asset_3,3,True,0.01,1.00% spot,Delta,12.605103099073737
AC-Smooth-RQMC,5,asset_3,3,True,0.01,1.00% spot,Gamma,-5.225275941098928
AC-Smooth-RQMC,6,asset_1,1,False,0.001,0.10% spot,Delta,1.4767338304554298
AC-Smooth-RQMC,6,asset_1,1,False,0.001,0.10% spot,Gamma,-6.52814980906271
AC-Smooth-RQMC,6,asset_1,1,False,0.0025,0.25% spot,Delta,1.66154228896238
AC-Smooth-RQMC,6,asset_1,1,False,0.0025,0.25% spot,Gamma,-6.598788565318956
AC-Smooth-RQMC,6,asset_1,1,False,0.005,0.50% spot,Delta,2.2842918743479075
AC-Smooth-RQMC,6,asset_1,1,False,0.005,0.50% spot,Gamma,-7.04254035445078
AC-Smooth-RQMC,6,asset_1,1,False,0.01,1.00% spot,Delta,4.147692890847871
AC-Smooth-RQMC,6,asset_1,1,False,0.01,1.00% spot,Gamma,-7.7477863100408655
AC-Smooth-RQMC,6,asset_2,2,False,0.001,0.10% spot,Delta,7.696386095995713
AC-Smooth-RQMC,6,asset_2,2,False,0.001,0.10% spot,Gamma,-5.940392968852136
AC-Smooth-RQMC,6,asset_2,2,False,0.0025,0.25% spot,Delta,7.678106447049586
AC-Smooth-RQMC,6,asset_2,2,False,0.0025,0.25% spot,Gamma,-5.828566015234968
AC-Smooth-RQMC,6,asset_2,2,False,0.005,0.50% spot,Delta,7.619061697009055
AC-Smooth-RQMC,6,asset_2,2,False,0.005,0.50% spot,Gamma,-5.736008978511548
AC-Smooth-RQMC,6,asset_2,2,False,0.01,1.00% spot,Delta,7.40359267664339
AC-Smooth-RQMC,6,asset_2,2,False,0.01,1.00% spot,Gamma,-5.305550497080229
AC-Smooth-RQMC,6,asset_3,3,True,0.001,0.10% spot,Delta,13.680590022962846
AC-Smooth-RQMC,6,asset_3,3,True,0.001,0.10% spot,Gamma,-6.058148803244023
AC-Smooth-RQMC,6,asset_3,3,True,0.0025,0.25% spot,Delta,13.6154478409736
AC-Smooth-RQMC,6,asset_3,3,True,0.0025,0.25% spot,Gamma,-5.902379636118097
AC-Smooth-RQMC,6,asset_3,3,True,0.005,0.50% spot,Delta,13.399633111355016
AC-Smooth-RQMC,6,asset_3,3,True,0.005,0.50% spot,Gamma,-5.770384189210858
AC-Smooth-RQMC,6,asset_3,3,True,0.01,1.00% spot,Delta,12.606456155369058
AC-Smooth-RQMC,6,asset_3,3,True,0.01,1.00% spot,Gamma,-5.2256508410065114
AC-Smooth-RQMC,7,asset_1,1,False,0.001,0.10% spot,Delta,1.4750279233915007
AC-Smooth-RQMC,7,asset_1,1,False,0.001,0.10% spot,Gamma,-6.481632851150465
AC-Smooth-RQMC,7,asset_1,1,False,0.0025,0.25% spot,Delta,1.6623062551492893
AC-Smooth-RQMC,7,asset_1,1,False,0.0025,0.25% spot,Gamma,-6.591786533132222
AC-Smooth-RQMC,7,asset_1,1,False,0.005,0.50% spot,Delta,2.2837884904812213
AC-Smooth-RQMC,7,asset_1,1,False,0.005,0.50% spot,Gamma,-7.045849131936594
AC-Smooth-RQMC,7,asset_1,1,False,0.01,1.00% spot,Delta,4.14711061273394
AC-Smooth-RQMC,7,asset_1,1,False,0.01,1.00% spot,Gamma,-7.750159656690841
AC-Smooth-RQMC,7,asset_2,2,False,0.001,0.10% spot,Delta,7.688429457533239
AC-Smooth-RQMC,7,asset_2,2,False,0.001,0.10% spot,Gamma,-5.6995869298724235
AC-Smooth-RQMC,7,asset_2,2,False,0.0025,0.25% spot,Delta,7.678935249534732
AC-Smooth-RQMC,7,asset_2,2,False,0.0025,0.25% spot,Gamma,-5.849845713661579
AC-Smooth-RQMC,7,asset_2,2,False,0.005,0.50% spot,Delta,7.618988550590415
AC-Smooth-RQMC,7,asset_2,2,False,0.005,0.50% spot,Gamma,-5.728822345000309
AC-Smooth-RQMC,7,asset_2,2,False,0.01,1.00% spot,Delta,7.403632744927125
AC-Smooth-RQMC,7,asset_2,2,False,0.01,1.00% spot,Gamma,-5.3055876208833075
AC-Smooth-RQMC,7,asset_3,3,True,0.001,0.10% spot,Delta,13.68395154706974
AC-Smooth-RQMC,7,asset_3,3,True,0.001,0.10% spot,Gamma,-5.884316367641419
AC-Smooth-RQMC,7,asset_3,3,True,0.0025,0.25% spot,Delta,13.615488945134842
AC-Smooth-RQMC,7,asset_3,3,True,0.0025,0.25% spot,Gamma,-5.908075010066794
AC-Smooth-RQMC,7,asset_3,3,True,0.005,0.50% spot,Delta,13.398477305701403
AC-Smooth-RQMC,7,asset_3,3,True,0.005,0.50% spot,Gamma,-5.767826969838381
AC-Smooth-RQMC,7,asset_3,3,True,0.01,1.00% spot,Delta,12.604997051210201
AC-Smooth-RQMC,7,asset_3,3,True,0.01,1.00% spot,Gamma,-5.22209973816151
AC-Smooth-RQMC,8,asset_1,1,False,0.001,0.10% spot,Delta,1.4720834834811924
AC-Smooth-RQMC,8,asset_1,1,False,0.001,0.10% spot,Gamma,-6.404422192009207
AC-Smooth-RQMC,8,asset_1,1,False,0.0025,0.25% spot,Delta,1.6600972327490666
AC-Smooth-RQMC,8,asset_1,1,False,0.0025,0.25% spot,Gamma,-6.569338196922787
AC-Smooth-RQMC,8,asset_1,1,False,0.005,0.50% spot,Delta,2.2852109675517194
AC-Smooth-RQMC,8,asset_1,1,False,0.005,0.50% spot,Gamma,-7.036238084248168
AC-Smooth-RQMC,8,asset_1,1,False,0.01,1.00% spot,Delta,4.147399822052195
AC-Smooth-RQMC,8,asset_1,1,False,0.01,1.00% spot,Gamma,-7.746706577578781
AC-Smooth-RQMC,8,asset_2,2,False,0.001,0.10% spot,Delta,7.706989180011057
AC-Smooth-RQMC,8,asset_2,2,False,0.001,0.10% spot,Gamma,-5.77890546041928
AC-Smooth-RQMC,8,asset_2,2,False,0.0025,0.25% spot,Delta,7.685891263752495
AC-Smooth-RQMC,8,asset_2,2,False,0.0025,0.25% spot,Gamma,-5.805691639442329
AC-Smooth-RQMC,8,asset_2,2,False,0.005,0.50% spot,Delta,7.621706048114112
AC-Smooth-RQMC,8,asset_2,2,False,0.005,0.50% spot,Gamma,-5.729099696296287
AC-Smooth-RQMC,8,asset_2,2,False,0.01,1.00% spot,Delta,7.405127261623693
AC-Smooth-RQMC,8,asset_2,2,False,0.01,1.00% spot,Gamma,-5.304095105393038
AC-Smooth-RQMC,8,asset_3,3,True,0.001,0.10% spot,Delta,13.668678949124349
AC-Smooth-RQMC,8,asset_3,3,True,0.001,0.10% spot,Gamma,-5.82718402552942
AC-Smooth-RQMC,8,asset_3,3,True,0.0025,0.25% spot,Delta,13.609649895543413
AC-Smooth-RQMC,8,asset_3,3,True,0.0025,0.25% spot,Gamma,-5.8771460955133525
AC-Smooth-RQMC,8,asset_3,3,True,0.005,0.50% spot,Delta,13.396923422017215
AC-Smooth-RQMC,8,asset_3,3,True,0.005,0.50% spot,Gamma,-5.771995034891375
AC-Smooth-RQMC,8,asset_3,3,True,0.01,1.00% spot,Delta,12.604721697813464
AC-Smooth-RQMC,8,asset_3,3,True,0.01,1.00% spot,Gamma,-5.226022819729968
AC-Smooth-RQMC,9,asset_1,1,False,0.001,0.10% spot,Delta,1.4753930855772166
AC-Smooth-RQMC,9,asset_1,1,False,0.001,0.10% spot,Gamma,-6.41515810921689
AC-Smooth-RQMC,9,asset_1,1,False,0.0025,0.25% spot,Delta,1.6598918400619596
AC-Smooth-RQMC,9,asset_1,1,False,0.0025,0.25% spot,Gamma,-6.599375706558704
AC-Smooth-RQMC,9,asset_1,1,False,0.005,0.50% spot,Delta,2.2846238449561085
AC-Smooth-RQMC,9,asset_1,1,False,0.005,0.50% spot,Gamma,-7.042638683482011
AC-Smooth-RQMC,9,asset_1,1,False,0.01,1.00% spot,Delta,4.147505118027546
AC-Smooth-RQMC,9,asset_1,1,False,0.01,1.00% spot,Gamma,-7.749101722197438
AC-Smooth-RQMC,9,asset_2,2,False,0.001,0.10% spot,Delta,7.699475952339476
AC-Smooth-RQMC,9,asset_2,2,False,0.001,0.10% spot,Gamma,-5.929853837738364
AC-Smooth-RQMC,9,asset_2,2,False,0.0025,0.25% spot,Delta,7.685470375305087
AC-Smooth-RQMC,9,asset_2,2,False,0.0025,0.25% spot,Gamma,-5.88076181755457
AC-Smooth-RQMC,9,asset_2,2,False,0.005,0.50% spot,Delta,7.620261666687796
AC-Smooth-RQMC,9,asset_2,2,False,0.005,0.50% spot,Gamma,-5.748873509643658
AC-Smooth-RQMC,9,asset_2,2,False,0.01,1.00% spot,Delta,7.4048924273907355
AC-Smooth-RQMC,9,asset_2,2,False,0.01,1.00% spot,Gamma,-5.308248165454418
AC-Smooth-RQMC,9,asset_3,3,True,0.001,0.10% spot,Delta,13.672747472397262
AC-Smooth-RQMC,9,asset_3,3,True,0.001,0.10% spot,Gamma,-5.899084466086891
AC-Smooth-RQMC,9,asset_3,3,True,0.0025,0.25% spot,Delta,13.613078276969105
AC-Smooth-RQMC,9,asset_3,3,True,0.0025,0.25% spot,Gamma,-5.959196591507179
AC-Smooth-RQMC,9,asset_3,3,True,0.005,0.50% spot,Delta,13.397680027126066
AC-Smooth-RQMC,9,asset_3,3,True,0.005,0.50% spot,Gamma,-5.78111590419904
AC-Smooth-RQMC,9,asset_3,3,True,0.01,1.00% spot,Delta,12.605669231134135
AC-Smooth-RQMC,9,asset_3,3,True,0.01,1.00% spot,Gamma,-5.229786170042742
AC-Smooth-RQMC,10,asset_1,1,False,0.001,0.10% spot,Delta,1.4733493839796452
AC-Smooth-RQMC,10,asset_1,1,False,0.001,0.10% spot,Gamma,-6.410937283505546
AC-Smooth-RQMC,10,asset_1,1,False,0.0025,0.25% spot,Delta,1.6608489655765482
AC-Smooth-RQMC,10,asset_1,1,False,0.0025,0.25% spot,Gamma,-6.58582219875484
AC-Smooth-RQMC,10,asset_1,1,False,0.005,0.50% spot,Delta,2.285163487715913
AC-Smooth-RQMC,10,asset_1,1,False,0.005,0.50% spot,Gamma,-7.041733275832911
AC-Smooth-RQMC,10,asset_1,1,False,0.01,1.00% spot,Delta,4.147932457072621
AC-Smooth-RQMC,10,asset_1,1,False,0.01,1.00% spot,Gamma,-7.749544737322665
AC-Smooth-RQMC,10,asset_2,2,False,0.001,0.10% spot,Delta,7.697412688592208
AC-Smooth-RQMC,10,asset_2,2,False,0.001,0.10% spot,Gamma,-6.077166392088883
AC-Smooth-RQMC,10,asset_2,2,False,0.0025,0.25% spot,Delta,7.676197355262871
AC-Smooth-RQMC,10,asset_2,2,False,0.0025,0.25% spot,Gamma,-5.858769016287396
AC-Smooth-RQMC,10,asset_2,2,False,0.005,0.50% spot,Delta,7.616560754081604
AC-Smooth-RQMC,10,asset_2,2,False,0.005,0.50% spot,Gamma,-5.747644792230402
AC-Smooth-RQMC,10,asset_2,2,False,0.01,1.00% spot,Delta,7.403233126037468
AC-Smooth-RQMC,10,asset_2,2,False,0.01,1.00% spot,Gamma,-5.306964053745143
AC-Smooth-RQMC,10,asset_3,3,True,0.001,0.10% spot,Delta,13.67449273695197
AC-Smooth-RQMC,10,asset_3,3,True,0.001,0.10% spot,Gamma,-6.209935555948931
AC-Smooth-RQMC,10,asset_3,3,True,0.0025,0.25% spot,Delta,13.617310007370632
AC-Smooth-RQMC,10,asset_3,3,True,0.0025,0.25% spot,Gamma,-5.95134097866662
AC-Smooth-RQMC,10,asset_3,3,True,0.005,0.50% spot,Delta,13.400717892035644
AC-Smooth-RQMC,10,asset_3,3,True,0.005,0.50% spot,Gamma,-5.774243452638927
AC-Smooth-RQMC,10,asset_3,3,True,0.01,1.00% spot,Delta,12.606310273508509
AC-Smooth-RQMC,10,asset_3,3,True,0.01,1.00% spot,Gamma,-5.230015434224149
AC-Smooth-RQMC,11,asset_1,1,False,0.001,0.10% spot,Delta,1.4729450010060674
AC-Smooth-RQMC,11,asset_1,1,False,0.001,0.10% spot,Gamma,-6.337514806874367
AC-Smooth-RQMC,11,asset_1,1,False,0.0025,0.25% spot,Delta,1.661503433387196
AC-Smooth-RQMC,11,asset_1,1,False,0.0025,0.25% spot,Gamma,-6.580746698147095
AC-Smooth-RQMC,11,asset_1,1,False,0.005,0.50% spot,Delta,2.285007647642665
AC-Smooth-RQMC,11,asset_1,1,False,0.005,0.50% spot,Gamma,-7.038408494489347
AC-Smooth-RQMC,11,asset_1,1,False,0.01,1.00% spot,Delta,4.147947587242616
AC-Smooth-RQMC,11,asset_1,1,False,0.01,1.00% spot,Gamma,-7.748406654875802
AC-Smooth-RQMC,11,asset_2,2,False,0.001,0.10% spot,Delta,7.695580328646017
AC-Smooth-RQMC,11,asset_2,2,False,0.001,0.10% spot,Gamma,-5.827578950432154
AC-Smooth-RQMC,11,asset_2,2,False,0.0025,0.25% spot,Delta,7.679289069755368
AC-Smooth-RQMC,11,asset_2,2,False,0.0025,0.25% spot,Gamma,-5.879091423170506
AC-Smooth-RQMC,11,asset_2,2,False,0.005,0.50% spot,Delta,7.619248138279196
AC-Smooth-RQMC,11,asset_2,2,False,0.005,0.50% spot,Gamma,-5.741360692717393
AC-Smooth-RQMC,11,asset_2,2,False,0.01,1.00% spot,Delta,7.403839867381396
AC-Smooth-RQMC,11,asset_2,2,False,0.01,1.00% spot,Gamma,-5.305205922871017
AC-Smooth-RQMC,11,asset_3,3,True,0.001,0.10% spot,Delta,13.680792136367115
AC-Smooth-RQMC,11,asset_3,3,True,0.001,0.10% spot,Gamma,-5.996565275138722
AC-Smooth-RQMC,11,asset_3,3,True,0.0025,0.25% spot,Delta,13.614634622572183
AC-Smooth-RQMC,11,asset_3,3,True,0.0025,0.25% spot,Gamma,-5.961807115585883
AC-Smooth-RQMC,11,asset_3,3,True,0.005,0.50% spot,Delta,13.398759407621945
AC-Smooth-RQMC,11,asset_3,3,True,0.005,0.50% spot,Gamma,-5.775012234311787
AC-Smooth-RQMC,11,asset_3,3,True,0.01,1.00% spot,Delta,12.606092606912972
AC-Smooth-RQMC,11,asset_3,3,True,0.01,1.00% spot,Gamma,-5.225511141107583
AC-Smooth-RQMC,12,asset_1,1,False,0.001,0.10% spot,Delta,1.4738098667670128
AC-Smooth-RQMC,12,asset_1,1,False,0.001,0.10% spot,Gamma,-6.448597995563432
AC-Smooth-RQMC,12,asset_1,1,False,0.0025,0.25% spot,Delta,1.6605380749038259
AC-Smooth-RQMC,12,asset_1,1,False,0.0025,0.25% spot,Gamma,-6.58503292539308
AC-Smooth-RQMC,12,asset_1,1,False,0.005,0.50% spot,Delta,2.283418999794328
AC-Smooth-RQMC,12,asset_1,1,False,0.005,0.50% spot,Gamma,-7.042336319426936
AC-Smooth-RQMC,12,asset_1,1,False,0.01,1.00% spot,Delta,4.147614335643919
AC-Smooth-RQMC,12,asset_1,1,False,0.01,1.00% spot,Gamma,-7.74923395715816
AC-Smooth-RQMC,12,asset_2,2,False,0.001,0.10% spot,Delta,7.699140816524731
AC-Smooth-RQMC,12,asset_2,2,False,0.001,0.10% spot,Gamma,-5.754243631015752
AC-Smooth-RQMC,12,asset_2,2,False,0.0025,0.25% spot,Delta,7.680194115915851
AC-Smooth-RQMC,12,asset_2,2,False,0.0025,0.25% spot,Gamma,-5.824492657923996
AC-Smooth-RQMC,12,asset_2,2,False,0.005,0.50% spot,Delta,7.615933456039265
AC-Smooth-RQMC,12,asset_2,2,False,0.005,0.50% spot,Gamma,-5.733390395192344
AC-Smooth-RQMC,12,asset_2,2,False,0.01,1.00% spot,Delta,7.402352303652812
AC-Smooth-RQMC,12,asset_2,2,False,0.01,1.00% spot,Gamma,-5.304064406036615
AC-Smooth-RQMC,12,asset_3,3,True,0.001,0.10% spot,Delta,13.677842445984895
AC-Smooth-RQMC,12,asset_3,3,True,0.001,0.10% spot,Gamma,-5.906901412319599
AC-Smooth-RQMC,12,asset_3,3,True,0.0025,0.25% spot,Delta,13.61724212362489
AC-Smooth-RQMC,12,asset_3,3,True,0.0025,0.25% spot,Gamma,-5.895032214210459
AC-Smooth-RQMC,12,asset_3,3,True,0.005,0.50% spot,Delta,13.402629297133258
AC-Smooth-RQMC,12,asset_3,3,True,0.005,0.50% spot,Gamma,-5.783361638511677
AC-Smooth-RQMC,12,asset_3,3,True,0.01,1.00% spot,Delta,12.606685586606043
AC-Smooth-RQMC,12,asset_3,3,True,0.01,1.00% spot,Gamma,-5.227246311310174
AC-Smooth-RQMC,13,asset_1,1,False,0.001,0.10% spot,Delta,1.4728318256575434
AC-Smooth-RQMC,13,asset_1,1,False,0.001,0.10% spot,Gamma,-6.464011446906425
AC-Smooth-RQMC,13,asset_1,1,False,0.0025,0.25% spot,Delta,1.6603115230144283
AC-Smooth-RQMC,13,asset_1,1,False,0.0025,0.25% spot,Gamma,-6.584960259415311
AC-Smooth-RQMC,13,asset_1,1,False,0.005,0.50% spot,Delta,2.285338270115268
AC-Smooth-RQMC,13,asset_1,1,False,0.005,0.50% spot,Gamma,-7.044397699499513
AC-Smooth-RQMC,13,asset_1,1,False,0.01,1.00% spot,Delta,4.14790159171744
AC-Smooth-RQMC,13,asset_1,1,False,0.01,1.00% spot,Gamma,-7.749315187487194
AC-Smooth-RQMC,13,asset_2,2,False,0.001,0.10% spot,Delta,7.698812509082061
AC-Smooth-RQMC,13,asset_2,2,False,0.001,0.10% spot,Gamma,-5.994321548615743
AC-Smooth-RQMC,13,asset_2,2,False,0.0025,0.25% spot,Delta,7.677164328251095
AC-Smooth-RQMC,13,asset_2,2,False,0.0025,0.25% spot,Gamma,-5.880478654148987
AC-Smooth-RQMC,13,asset_2,2,False,0.005,0.50% spot,Delta,7.619208895341642
AC-Smooth-RQMC,13,asset_2,2,False,0.005,0.50% spot,Gamma,-5.759252634197025
AC-Smooth-RQMC,13,asset_2,2,False,0.01,1.00% spot,Delta,7.405022178818378
AC-Smooth-RQMC,13,asset_2,2,False,0.01,1.00% spot,Gamma,-5.310611218293331
AC-Smooth-RQMC,13,asset_3,3,True,0.001,0.10% spot,Delta,13.675135215283662
AC-Smooth-RQMC,13,asset_3,3,True,0.001,0.10% spot,Gamma,-6.2006072569843695
AC-Smooth-RQMC,13,asset_3,3,True,0.0025,0.25% spot,Delta,13.615379186977279
AC-Smooth-RQMC,13,asset_3,3,True,0.0025,0.25% spot,Gamma,-5.953447708540238
AC-Smooth-RQMC,13,asset_3,3,True,0.005,0.50% spot,Delta,13.399844231652812
AC-Smooth-RQMC,13,asset_3,3,True,0.005,0.50% spot,Gamma,-5.790319947713469
AC-Smooth-RQMC,13,asset_3,3,True,0.01,1.00% spot,Delta,12.604688850902006
AC-Smooth-RQMC,13,asset_3,3,True,0.01,1.00% spot,Gamma,-5.229612704618829
AC-Smooth-RQMC,14,asset_1,1,False,0.001,0.10% spot,Delta,1.473492893529844
AC-Smooth-RQMC,14,asset_1,1,False,0.001,0.10% spot,Gamma,-6.4907178068885685
AC-Smooth-RQMC,14,asset_1,1,False,0.0025,0.25% spot,Delta,1.662800488983862
AC-Smooth-RQMC,14,asset_1,1,False,0.0025,0.25% spot,Gamma,-6.593921431072659
AC-Smooth-RQMC,14,asset_1,1,False,0.005,0.50% spot,Delta,2.2845992405597073
AC-Smooth-RQMC,14,asset_1,1,False,0.005,0.50% spot,Gamma,-7.0429647554915675
AC-Smooth-RQMC,14,asset_1,1,False,0.01,1.00% spot,Delta,4.147893004047116
AC-Smooth-RQMC,14,asset_1,1,False,0.01,1.00% spot,Gamma,-7.748277381039011
AC-Smooth-RQMC,14,asset_2,2,False,0.001,0.10% spot,Delta,7.7066670890883415
AC-Smooth-RQMC,14,asset_2,2,False,0.001,0.10% spot,Gamma,-6.0195536185588585
AC-Smooth-RQMC,14,asset_2,2,False,0.0025,0.25% spot,Delta,7.6857735108696374
AC-Smooth-RQMC,14,asset_2,2,False,0.0025,0.25% spot,Gamma,-5.895741421052889
AC-Smooth-RQMC,14,asset_2,2,False,0.005,0.50% spot,Delta,7.6223090184644695
AC-Smooth-RQMC,14,asset_2,2,False,0.005,0.50% spot,Gamma,-5.761574056196678
AC-Smooth-RQMC,14,asset_2,2,False,0.01,1.00% spot,Delta,7.404764381239544
AC-Smooth-RQMC,14,asset_2,2,False,0.01,1.00% spot,Gamma,-5.308971180116699
AC-Smooth-RQMC,14,asset_3,3,True,0.001,0.10% spot,Delta,13.666119399652741
AC-Smooth-RQMC,14,asset_3,3,True,0.001,0.10% spot,Gamma,-5.980083328270781
AC-Smooth-RQMC,14,asset_3,3,True,0.0025,0.25% spot,Delta,13.607813049541717
AC-Smooth-RQMC,14,asset_3,3,True,0.0025,0.25% spot,Gamma,-5.946292709296698
AC-Smooth-RQMC,14,asset_3,3,True,0.005,0.50% spot,Delta,13.395537164425074
AC-Smooth-RQMC,14,asset_3,3,True,0.005,0.50% spot,Gamma,-5.785708855894412
AC-Smooth-RQMC,14,asset_3,3,True,0.01,1.00% spot,Delta,12.60585943168506
AC-Smooth-RQMC,14,asset_3,3,True,0.01,1.00% spot,Gamma,-5.228752998074682
AC-Smooth-RQMC,15,asset_1,1,False,0.001,0.10% spot,Delta,1.4732398290970747
AC-Smooth-RQMC,15,asset_1,1,False,0.001,0.10% spot,Gamma,-6.447351906836474
AC-Smooth-RQMC,15,asset_1,1,False,0.0025,0.25% spot,Delta,1.659722678272999
AC-Smooth-RQMC,15,asset_1,1,False,0.0025,0.25% spot,Gamma,-6.608166799625452
AC-Smooth-RQMC,15,asset_1,1,False,0.005,0.50% spot,Delta,2.2840684084552905
AC-Smooth-RQMC,15,asset_1,1,False,0.005,0.50% spot,Gamma,-7.047725567977551
AC-Smooth-RQMC,15,asset_1,1,False,0.01,1.00% spot,Delta,4.147551317399579
AC-Smooth-RQMC,15,asset_1,1,False,0.01,1.00% spot,Gamma,-7.7496767250076815
AC-Smooth-RQMC,15,asset_2,2,False,0.001,0.10% spot,Delta,7.707842759917902
AC-Smooth-RQMC,15,asset_2,2,False,0.001,0.10% spot,Gamma,-5.838993817739179
AC-Smooth-RQMC,15,asset_2,2,False,0.0025,0.25% spot,Delta,7.686211802671139
AC-Smooth-RQMC,15,asset_2,2,False,0.0025,0.25% spot,Gamma,-5.8518465848497945
AC-Smooth-RQMC,15,asset_2,2,False,0.005,0.50% spot,Delta,7.623124006297786
AC-Smooth-RQMC,15,asset_2,2,False,0.005,0.50% spot,Gamma,-5.740340782492581
AC-Smooth-RQMC,15,asset_2,2,False,0.01,1.00% spot,Delta,7.405597610041905
AC-Smooth-RQMC,15,asset_2,2,False,0.01,1.00% spot,Gamma,-5.305026511175732
AC-Smooth-RQMC,15,asset_3,3,True,0.001,0.10% spot,Delta,13.670664287588679
AC-Smooth-RQMC,15,asset_3,3,True,0.001,0.10% spot,Gamma,-5.877037254349205
AC-Smooth-RQMC,15,asset_3,3,True,0.0025,0.25% spot,Delta,13.608429032853294
AC-Smooth-RQMC,15,asset_3,3,True,0.0025,0.25% spot,Gamma,-5.921438625875338
AC-Smooth-RQMC,15,asset_3,3,True,0.005,0.50% spot,Delta,13.394399999815855
AC-Smooth-RQMC,15,asset_3,3,True,0.005,0.50% spot,Gamma,-5.780603230925677
AC-Smooth-RQMC,15,asset_3,3,True,0.01,1.00% spot,Delta,12.604016345904398
AC-Smooth-RQMC,15,asset_3,3,True,0.01,1.00% spot,Gamma,-5.226782438719169
